Sample ID	Tissue	Treatment	Timepoint	Species	B11	Na23	Mg26	Al27	P31	S34	K39	Ca44	Fe54	Mn55	Co59	Ni60	Cu63	Zn66	As75	Se78	Rb85	Sr88	Mo98	Cd111		NDVI800	NDVI850	reNDVI	PRI1	PRI2	PRI3	WBI	NDWI1	NDWI2	SR1	SR2	SR3	SR4	SR5	DWSI	SIPI	ARI1	ARI2	CRI1	CRI2	WCRI	CCI	CCI2	NIRv	R2131	R710	VIS_mean	NIR_mean	SWIR1_mean	SWIR2_mean	Chl	Car
E1.0_P24_0H_Ctrl_L	Leaf	Control	0 h	Populus trichocarpa	35.57730733	12.45487447	1427.222679	4.279002397	3742.410268	23644.32391	27545.14637	2743.86999	28.08347189	107.5054623	0.004397762	0.351213963	3.507508635	36.66926596	0.004728367	0.003638585	1.162883888	3.366042125	21.35735387	0.008417314		0.7873699	0.833327063	0.324409481	0.034218954	0.043134933	0.050953651	0.969115825	0.040199691	0.0403377	1.42467438	2.453361211	7.796930671	12.11235811	1.964895287	0.901453818	0.841482201	-0.004029707	-0.255516108	0.07317465	0.069144944	0.23318499	0.37028913	0.45032669	49.92564308	28.44550253	32.11213907	9.403158416	62.43957129	37.72685147	21.16235755	309.4861386	28.16671601
E1.0_P32_0H_Ctrl_L	Leaf	Control	0 h	Populus trichocarpa	48.99651363	8.138662013	1569.948202	24.1302142	4311.246936	25779.12318	29285.46087	3453.965329	22.39631511	137.6593395	0.005116351	0.266034547	3.670733288	39.02047317	0.005747569	0.005327263	0.554403065	4.234500047	20.32559944	0.007758749		0.810820698	0.845673109	0.364282707	0.044408117	0.053751553	0.062082633	0.971794155	0.032799893	0.032771574	1.412514675	2.804601059	8.589081647	12.8688021	2.184187687	0.945836885	0.847797872	-0.006606724	-0.38881226	0.085807311	0.079200587	0.310369062	0.372735085	0.500831083	47.71760267	25.43792034	26.91042411	7.77723219	58.39898988	35.19852613	18.89200668	306.2989609	29.92624347
E1.0_P34_0H_Ctrl_L	Leaf	Control	0 h	Populus trichocarpa	21.38114317	6.388589481	1325.868429	2.556811626	2876.486553	19287.24587	24252.24857	1865.259301	16.70335067	83.23571443	0.002924838	0.14409322	2.16525684	25.20604347	0.001759525	0.008270589	0.54576379	2.113639905	19.49771136	0.006928194		0.829849831	0.860622216	0.381752163	0.044478586	0.054547555	0.063170405	0.970205807	0.036077888	0.036072497	1.422693292	3.039222305	9.319165625	14.17444628	2.284054874	0.987678206	0.86661906	-0.007997571	-0.455360434	0.106136383	0.098138812	0.378878505	0.381693078	0.522743829	47.24944122	24.55719604	24.92142378	6.717282821	56.39682217	33.7511112	18.16225848	304.4823857	30.96383435
E1.0_P35_0H_Ctrl_L	Leaf	Control	0 h	Populus trichocarpa	31.00439654	8.490904106	1374.872433	2.643271853	3074.320094	20494.53582	22335.86359	2345.821167	23.51491082	101.0154628	0.003462234	0.192351912	2.828013225	26.14624111	0.002321711	0.012447117	0.239655129	2.17799507	20.11635694	0.006816407		0.80811712	0.843209409	0.3648478	0.040738682	0.049827989	0.057776229	0.971788083	0.034023399	0.034023383	1.402966053	2.840639194	8.55638205	12.64628798	2.189436378	0.940960801	0.85099434	-0.00723281	-0.43378916	0.084923766	0.077690956	0.314536535	0.362611675	0.501438979	48.46697558	26.5340619	27.35963916	7.897992082	59.40961706	36.25660835	19.86257177	311.8550534	30.65095815
E1.0_P11_2D_Ctrl_L	Leaf	Control	2 d	Populus trichocarpa	25.5303269	6.541681807	1416.258455	2.295227709	2813.334903	24853.32625	18216.84425	2094.56596	16.9174438	101.6671707	0.003389574	0.201549506	2.236777493	25.92993396	0.001707113	0.002207803	0.300314564	1.547043934	20.00501335	0.007948047		0.771680182	0.824653759	0.304743012	0.017501318	0.027068722	0.035524346	0.972385095	0.031491035	0.031557533	1.414787115	2.419097932	7.860917847	11.72915852	1.90179281	0.888395647	0.846058769	-0.000777874	-0.041385811	0.093284955	0.092507081	0.243812633	0.3395311	0.435061682	41.05625596	23.70467427	27.97570522	8.087086	52.80505279	32.48310166	18.04670632	255.9630151	22.00570627
E1.0_P17_2D_Ctrl_L	Leaf	Control	2 d	Populus trichocarpa	21.77037756	6.054341939	1310.454492	2.805816585	2857.334992	26337.27831	19606.35741	1848.363382	20.29856303	103.9282326	0.00325826	0.165500649	4.541705854	26.95126704	0.002988714	0.002536634	0.39371327	1.38537349	22.1984675	0.006240493		0.731120842	0.788314305	0.278026129	0.011752643	0.020979117	0.029280513	0.972441128	0.032590495	0.032617478	1.410631151	2.153681574	6.549624203	9.581715043	1.790818163	0.820964651	0.818809053	-0.001281446	-0.075218013	0.070626781	0.069345335	0.185346596	0.309944161	0.398409297	42.91515583	26.02701223	32.72799911	10.39320049	58.18136525	35.94305272	20.15670461	266.4262384	20.63614203
E1.0_P13_2D_Ctrl_L	Leaf	Control	2 d	Populus trichocarpa	26.05136554	7.358109034	1541.253049	1.972051896	3325.467538	25625.20841	18661.38356	2554.424404	18.21247271	116.8387951	0.003341573	0.105765189	2.712077619	30.3768546	0.001740676	0.001422729	0.382645029	2.023782639	22.54319228	0.006239524		0.749870758	0.810769597	0.2806388	0.017964841	0.027535454	0.035920705	0.975309666	0.029118855	0.02914234	1.383796497	2.216699178	7.623131349	11.02769612	1.800931863	0.824515594	0.83606755	-0.002564139	-0.137844186	0.081925695	0.079361557	0.216516127	0.342709614	0.406212566	40.31190788	24.59127294	29.84135363	9.044408542	53.46074589	33.48443182	18.7931886	247.8593	19.51135927
E1.0_P6_2D_FeEX_L	Leaf	FeEX	2 d	Populus trichocarpa	28.59034795	5.515798969	1170.331517	2.072836003	2639.355773	21092.57101	22045.21549	2409.000061	23.62917068	95.15730936	0.002920771	0.186701086	1.772416781	27.43909655	0.003761528	0.002010028	0.306372848	2.460247035	19.97808728	0.007165457		0.766603304	0.811890488	0.317797845	0.038302157	0.047145589	0.054821728	0.974091766	0.028520672	0.028546983	1.348821251	2.459992558	7.326394546	10.44454201	1.96178478	0.829143808	0.822706879	-0.005351701	-0.284720596	0.077371473	0.072019772	0.256359352	0.349273491	0.445255137	40.78474056	25.66746368	27.15061029	8.554701416	52.8808938	34.0073923	19.72608943	257.4495583	22.42203363
E1.0_P10_2D_FeEX_L	Leaf	FeEX	2 d	Populus trichocarpa	22.09838693	5.861470637	1501.880142	3.357727237	3114.350244	28440.16178	17974.44237	1778.947106	21.47364418	100.596689	0.002891127	0.210235234	1.582498546	25.61445144	0.001878412	0.006902143	0.454968776	1.284251812	20.02140226	0.006603236		0.791520732	0.835136585	0.330142858	0.018755868	0.028892057	0.037690414	0.970407992	0.034185271	0.034250195	1.440467485	2.569961834	8.06948537	12.23497837	2.020139218	0.935434233	0.852368272	-0.003541674	-0.175722082	0.108808709	0.105267034	0.314932496	0.346615885	0.464940727	39.27172849	21.16995557	24.53287901	6.929846863	49.15977154	29.53910672	15.95602722	247.6567943	22.80509818
E1.0_P31_2D_FeEX_L	Leaf	FeEX	2 d	Populus trichocarpa	30.90690049	10.01578719	1319.305168	1.949382254	3345.809653	21894.63351	24580.82293	2452.430848	23.81192486	114.6211306	0.004101878	0.151540172	4.930768923	30.13320031	0.008869544	0.003379997	0.394954159	2.623034162	22.43265252	0.006818284		0.743960787	0.79629621	0.292888502	0.026087035	0.034859196	0.042530939	0.974347395	0.029076193	0.02904926	1.37301408	2.237498393	6.850967746	9.808756719	1.853941962	0.808128139	0.810736695	-0.004128722	-0.248695598	0.062484097	0.058355375	0.20115468	0.334955578	0.416323825	44.81284132	27.55834876	32.47164995	10.57054311	59.84734422	37.52939735	21.14383824	279.6215435	22.55644034
E1.0_P22_2D_FeLim_L	Leaf	FeLim	2 d	Populus trichocarpa	21.87775191	6.592324154	1290.285152	9.672181687	3081.632625	22786.87717	22450.3392	1720.922487	13.92965518	84.6633584	0.002796746	0.117845463	3.006000676	24.19429632	0.00300208	-0.002391834	0.438448484	1.368917326	18.75209447	0.00516766		0.756221883	0.811680439	0.28870698	0.0006025	0.009682312	0.017716455	0.971057594	0.032214642	0.032274384	1.406862151	2.438311554	7.41681058	10.8522412	1.836695532	0.878319487	0.837504017	0.002363689	0.134791604	0.083585993	0.085949682	0.211380461	0.301633486	0.415695865	43.12427374	25.44729904	31.04094461	8.986468179	56.53891967	34.98747209	19.52728343	269.3994548	22.47370493
E1.0_P7_2D_FeLim_L	Leaf	FeLim	2 d	Populus trichocarpa	22.45473269	5.074460128	1281.827368	4.300329878	2612.298647	24256.69811	18366.28341	1830.806182	13.43457636	89.67744937	0.002915717	0.117620365	2.487891109	21.19173971	0.000999344	0.005503397	0.384979624	1.469322747	19.29073989	0.006588451		0.739817186	0.801679191	0.277398842	0.01059785	0.019652141	0.027764958	0.970626437	0.03289854	0.032944111	1.417265627	2.213467681	7.008915834	10.41007645	1.786228371	0.844934445	0.830549375	0.000428098	0.024168306	0.076042268	0.076470367	0.193333127	0.314550207	0.399886327	41.76641811	25.11209606	31.59122207	9.62402589	55.98507524	34.49869475	19.31605582	257.8326264	20.28473356
E1.0_P30_2D_FeLim_L	Leaf	FeLim	2 d	Populus trichocarpa	24.94591493	4.702517136	1393.385577	3.152192814	3090.261784	27188.5471	19176.84626	1970.829674	12.30717977	96.93271	0.003009857	0.143558602	2.623559553	23.56385724	0.001004347	0.003331706	0.454781965	1.552337217	20.47711225	0.006039836		0.73423392	0.785484878	0.288848658	0.015939271	0.024704659	0.032315805	0.972860834	0.030235118	0.030257029	1.407626364	2.241715463	6.257014946	9.144720414	1.83096675	0.829041495	0.809640262	-0.000917698	-0.05173649	0.070220182	0.069302485	0.20115209	0.301345192	0.407498079	41.39345563	24.95898628	30.74040861	9.872483382	55.97117298	34.63608517	19.39398439	260.4970675	20.98929169
E1.0_P4_2D_ZnEx_L	Leaf	ZnEx	2 d	Populus trichocarpa	24.79560438	5.337659088	1278.384775	10.36145027	2929.958503	27085.67741	18775.67446	1809.672346	13.50496092	80.18139258	0.003244953	0.400607338	1.900759737	185.4511595	0.000906836	-0.002735087	0.352427687	1.50313332	19.28158418	0.005901493		0.803015232	0.846604899	0.335528871	0.031260053	0.040980924	0.049599439	0.988146513	0.022624591	0.022592918	1.380273894	2.714007638	9.005599797	13.17873476	2.049985944	0.910690212	0.855939707	-0.003669704	-0.19499804	0.103898745	0.100229041	0.301088307	0.371728033	0.47410982	42.67003084	24.21207616	25.96151644	7.193415031	53.46812525	33.08823481	18.26520247	273.1942042	24.83302165
E1.0_P15_2D_ZnEx_L	Leaf	ZnEx	2 d	Populus trichocarpa	22.64799721	6.313297776	1352.89271	5.684283777	2703.664786	26637.30541	19483.59826	1995.043186	15.37617867	97.14186923	0.003136292	0.106464691	1.994388143	119.8725292	0.002184987	8.96175E-05	0.475581168	1.535296559	21.28074842	0.006911696		0.780486109	0.842786925	0.293920778	0.017224263	0.027418922	0.036774848	0.969825445	0.033315768	0.033405678	1.43059942	2.319541512	8.988917997	13.77235522	1.852746109	0.899420878	0.865193121	-0.001385501	-0.074183882	0.102748469	0.101362968	0.239475171	0.371707996	0.427035464	41.7895572	23.58177832	28.88403633	7.935671165	53.08482057	32.10977344	17.683508	253.8719178	21.32276201
E1.0_P20_2D_ZnEx_L	Leaf	ZnEx	2 d	Populus trichocarpa	26.49457011	6.973740765	1321.996427	4.566695827	2739.868271	24810.12984	21082.51285	1750.306215	14.79756246	85.68944573	0.003320681	0.151497924	2.406998705	149.5394125	0.002055152	0.002629043	0.442454559	1.400554015	19.2931181	0.005951193		0.774866719	0.830398395	0.300861782	0.012159886	0.021451168	0.030073106	0.974150864	0.026723671	0.026708323	1.398748828	2.457433772	8.355220809	12.3669273	1.888751968	0.885802427	0.851002309	-0.000722265	-0.0387951	0.095693275	0.09497101	0.246493347	0.342876366	0.433448097	41.62048515	24.24854028	28.42825033	8.051508505	53.50423007	32.95101153	18.2982479	259.1415216	22.05474442
E1.0_P9_2D_ZnLim_L	Leaf	ZnLim	2 d	Populus trichocarpa	29.71484257	6.623806789	1543.353575	3.71927852	2939.843306	23866.75459	21315.62329	2282.406466	27.79848899	107.7336036	0.00728267	0.544923328	2.952651468	29.6997332	0.002566658	0.008033894	0.381338902	2.076411444	18.6351775	0.007932494		0.778006342	0.819020534	0.335335155	0.026498522	0.035777998	0.043899384	0.971622525	0.030547542	0.030539916	1.414546652	2.549678556	7.487810722	11.00549116	2.050343437	0.901892288	0.834585426	-0.004131787	-0.256747174	0.074702019	0.070570232	0.242810887	0.332422518	0.468083469	48.34492915	27.13456404	30.30646706	9.243152227	61.7755329	37.55276489	20.70048286	309.9101203	28.31811379
E1.0_P18_2D_ZnLim_L	Leaf	ZnLim	2 d	Populus trichocarpa	25.3905605	8.498525323	1361.888879	3.855153775	2723.529042	23007.74361	23463.1408	1923.19631	20.90008977	89.47227063	0.004897923	0.123084682	2.412622155	25.59272838	0.005734253	0.002261372	0.55710617	1.526601728	20.9083775	0.005886826		0.770385651	0.816822769	0.316764961	0.03473746	0.043410655	0.050903853	0.972396863	0.031059067	0.031084807	1.39393892	2.408142239	7.403177968	10.85260916	1.956508899	0.86221547	0.830837932	-0.004288795	-0.257527763	0.07257951	0.068290715	0.228914428	0.350533374	0.445667454	46.2590778	27.17957405	30.66835395	9.437897946	59.60862114	36.84317689	20.71466197	290.8319864	25.36014536
E1.0_P28_2D_ZnLim_L	Leaf	ZnLim	2 d	Populus trichocarpa	21.81055537	6.884055762	1428.290534	3.394380095	3161.915331	23838.14167	21389.01476	1898.43325	23.76498392	93.61635314	0.012671754	0.217264776	2.362748488	43.98598577	0.00246282	0.008090564	0.443275737	1.574864348	18.14240657	0.006793665		0.756598238	0.798574655	0.318375893	0.024987955	0.034141097	0.041989518	0.970855265	0.032012312	0.032047042	1.417196843	2.376428797	6.583001123	9.696417157	1.964439739	0.864998549	0.81669007	-0.003739211	-0.215217606	0.073234213	0.069495003	0.23154539	0.316860261	0.443351007	43.54749459	25.4186438	29.25256976	9.349384055	57.06543107	34.98377427	19.60860137	277.3817814	24.25156216
E1.0_P11_4D_Ctrl_L	Leaf	Control	4 d	Populus trichocarpa	28.51907315	5.219572664	1385.067976	2.435434428	3087.520403	24232.61774	18314.66111	2013.668649	20.0652858	91.53045258	0.00292921	0.156502265	2.026015748	23.9065697	0.00270487	0.007249099	0.265277698	1.453236789	17.6070725	0.004855037		0.743991608	0.788713404	0.30344531	0.015772759	0.024782255	0.032800537	0.972242641	0.033173985	0.033237849	1.423528486	2.303578939	6.142265277	9.204974965	1.889485844	0.850890903	0.812463908	-0.000868525	-0.051219042	0.071189927	0.070321402	0.200940708	0.300436567	0.422378044	43.87501304	25.66380708	31.16514808	9.937199652	58.41897978	35.87106559	20.07584038	278.5371934	23.33097872
E1.0_P17_4D_Ctrl_L	Leaf	Control	4 d	Populus trichocarpa	24.21027158	4.551058007	1491.455173	1.394443164	3193.294097	25714.4564	20255.32361	2262.992295	21.30091217	110.2797961	0.002736916	0.096970693	1.986869661	24.36425763	0.002031613	0.005676802	0.352262923	1.642526695	21.81229209	0.005976809		0.770500633	0.823829211	0.300158657	0.023840684	0.0334163	0.041822394	0.971768992	0.033330708	0.033389499	1.421423575	2.300961993	7.734833649	11.73199675	1.882645482	0.87384718	0.847330751	-0.002696042	-0.154031346	0.088816247	0.086120205	0.225084707	0.355505843	0.429780585	44.02054411	25.0272818	30.37688674	8.827485672	56.71923403	34.40545446	18.99285808	272.2495732	22.83658074
E1.0_P13_4D_Ctrl_L	Leaf	Control	4 d	Populus trichocarpa	28.84349379	5.834091902	1489.723803	1.981717872	3241.591256	24394.27016	19825.80162	2476.200647	24.11252163	107.7978146	0.003025207	0.131761779	2.385650727	25.75150574	0.000920147	0.001726651	0.356584448	2.030640902	20.71959085	0.005987378		0.760030857	0.806235541	0.308482379	0.021970384	0.031380722	0.039535586	0.971492714	0.033802009	0.033821296	1.424233656	2.342331535	6.897344471	10.31930209	1.918998103	0.871024564	0.830767128	-0.002333117	-0.135169863	0.079628362	0.077295246	0.221294794	0.326857182	0.434618218	44.03263326	25.37665055	30.16755601	9.236556279	57.44799422	34.9328884	19.44545054	277.4085486	23.69970957
E1.0_P6_4D_FeEX_L	Leaf	FeEX	4 d	Populus trichocarpa	29.24684421	7.193541139	1244.573518	1.630558872	2640.960002	23325.65413	21081.18823	2215.094544	49.25942673	97.12362847	0.002564514	0.178961312	1.770751756	22.95924673	0.002255966	0.004259648	0.245235808	1.710860847	23.57326456	0.007618749		0.723537465	0.793087798	0.261948294	0.002985145	0.012126957	0.019984571	0.974699434	0.02931463	0.029290879	1.375890343	2.141770837	7.237077685	10.37718134	1.733010016	0.798633892	0.831164943	-0.000446131	-0.02574148	0.07094902	0.070502889	0.176860153	0.309845856	0.384367633	41.74766819	26.78776334	33.29384329	10.41613818	57.32841512	36.19419644	20.6702857	256.1757333	18.71653356
E1.0_P10_4D_FeEX_L	Leaf	FeEX	4 d	Populus trichocarpa	23.94802043	4.622388088	1428.770497	2.863186839	3378.173174	27046.60598	17871.88116	2082.271874	33.41689942	93.03457456	0.002094485	0.187958603	1.239796569	23.22052845	0.001492814	0.011649877	0.396149015	1.605167917	18.37946648	0.005327282		0.798453951	0.831046545	0.354708906	0.024849762	0.034602943	0.043288654	0.970398738	0.033602378	0.033615469	1.423728515	2.807106372	7.667655662	11.50416434	2.149751004	0.944331944	0.845411057	-0.003586758	-0.197056093	0.100989242	0.097402484	0.313950227	0.329898127	0.490038151	43.86697038	24.18578322	25.61192314	7.339487107	54.56779859	32.99929826	18.32893883	283.9066729	27.30933299
E1.0_P31_4D_FeEX_L	Leaf	FeEX	4 d	Populus trichocarpa	29.14053292	12.40460027	1436.855877	3.622929689	3154.168578	24811.62479	23298.86259	2242.542514	49.37670251	116.2130613	0.003239416	0.114667675	2.327897126	25.34410713	0.002406012	0.004832402	0.333635215	1.836171813	25.16663152	0.007237817		0.741468201	0.797996272	0.287852752	0.016188926	0.024783194	0.032375784	0.973731349	0.030821438	0.030799695	1.395303089	2.262104675	6.93776237	10.14081993	1.833262115	0.833148028	0.823082389	-0.001452925	-0.086853758	0.065411895	0.06395897	0.194973923	0.317660406	0.411981538	44.32389794	26.72752494	32.62010187	10.28513324	59.42488437	36.61674308	20.54737323	277.3702339	22.28992319
E1.0_P22_4D_FeLim_L	Leaf	FeLim	4 d	Populus trichocarpa	24.56490982	5.78610465	1210.715987	2.387837253	3003.407646	21122.33011	21177.37097	1753.824094	11.63593885	88.32513683	0.003715298	0.085245021	2.657728059	24.74160405	0.001650298	0.001447927	0.37677332	1.335043141	18.107659	0.005113946		0.682150676	0.776599111	0.209033748	-0.012159629	-0.004261509	0.002173975	0.965662745	0.041316552	0.04143721	1.498137478	1.811478453	6.417614657	10.14652627	1.532515654	0.818554167	0.82988375	0.005003915	0.271637911	0.067393058	0.072396973	0.137915098	0.273653738	0.314693121	37.03060334	21.82393017	35.36407926	10.90030942	53.66211575	30.80078391	16.5415281	217.1361056	12.52157295
E1.0_P7_4D_FeLim_L	Leaf	FeLim	4 d	Populus trichocarpa	28.22954176	4.073193435	1549.759293	1.643905148	3343.389677	24847.28073	19794.1566	2426.032691	13.40038907	127.4865208	0.008299051	0.096090506	3.090805352	27.84461613	0.001486128	-0.000571192	0.404077902	1.890873966	20.3734689	0.006498875		0.71091169	0.782461251	0.247583549	0.015182069	0.023445631	0.030830348	0.973526554	0.030984657	0.031043571	1.412722005	1.952684344	6.415844888	9.578176678	1.665643733	0.779162923	0.817928273	-0.000396119	-0.02114152	0.070224946	0.069828827	0.171710677	0.32021726	0.359849431	37.94250796	23.81440384	31.97797494	10.26313854	52.9502618	32.56544171	18.32805197	228.0706659	15.44331419
E1.0_P30_4D_FeLim_L	Leaf	FeLim	4 d	Populus trichocarpa	26.65995267	3.614798095	1409.661656	1.97612245	3118.98781	23710.63822	19850.23088	1931.288996	8.691066171	97.06495037	0.003132485	0.089061426	3.247131497	22.27827421	0.00225396	0.000338042	0.447065724	1.518682467	18.18569667	0.006185808		0.739131175	0.815409145	0.248365209	0.012892165	0.022199572	0.030362907	0.971857679	0.03368656	0.033744727	1.441543533	2.014242994	7.750890587	11.89449143	1.675857502	0.837081055	0.85229725	0.00083755	0.046798994	0.084914458	0.085752008	0.17400758	0.346142102	0.370120999	41.29975117	24.05592017	33.29764589	9.626152058	55.4074597	33.16305838	18.17031732	244.6666047	17.17277297
E1.0_P4_4D_ZnEx_L	Leaf	ZnEx	4 d	Populus trichocarpa	31.19252371	5.086641374	1365.798592	2.013262495	2815.205838	26073.46545	14878.90427	1845.579744	12.33398763	92.31966455	0.002974586	0.185516763	1.450186012	334.7704688	0.001743998	0.004195603	0.279522689	1.281866211	21.72921944	0.005813766		0.754012812	0.803611512	0.302453646	0.013286037	0.022132501	0.029497662	0.973351913	0.032729087	0.032744191	1.427737544	2.365301969	6.838039973	10.23039049	1.898028497	0.876743003	0.82819024	-0.000112214	-0.006489131	0.077636907	0.077524693	0.211535443	0.30898556	0.429177724	43.60315068	25.10925844	30.46757599	9.310029875	57.43101934	34.833109	19.33384943	275.8004465	23.25315424
E1.0_P15_4D_ZnEx_L	Leaf	ZnEx	4 d	Populus trichocarpa	26.51855812	6.35602415	1433.293211	2.795217692	2974.498759	24248.55413	18977.04079	1911.635475	13.63667878	96.6260926	0.003015262	0.107854759	1.690830794	250.1462474	0.002246451	0.003415089	0.491560467	1.646022591	21.0248826	0.00616103		0.75648893	0.817559174	0.286508903	0.017704311	0.026865598	0.03454816	0.971670687	0.035518201	0.035544088	1.444117825	2.207178622	7.528818908	11.58653244	1.821965216	0.874850501	0.846985759	-0.000751339	-0.043675835	0.081268292	0.080516953	0.199722813	0.3404667	0.413095022	43.97522064	25.09591193	31.86137575	9.370103973	57.59587045	34.4507335	18.98848537	270.02222	21.80161211
E1.0_P20_4D_ZnEx_L	Leaf	ZnEx	4 d	Populus trichocarpa	32.63315294	6.157084707	1623.266469	2.733084626	3393.967774	29832.44432	21586.83291	1952.85459	16.69255902	107.6983423	0.003614804	0.110830689	2.505504524	338.1769139	0.002629115	0.012044732	0.435945913	1.426155016	23.02737191	0.007252638		0.746750377	0.807416559	0.280985823	0.009404565	0.018247511	0.02598478	0.971749106	0.034604327	0.034623628	1.439544585	2.194163751	7.266445831	10.9116952	1.805646213	0.864780042	0.838741094	-0.000581553	-0.034164311	0.077021299	0.076439745	0.194520406	0.322383266	0.407218558	43.86908105	25.53857286	32.50703621	9.766017844	58.26356323	35.04940888	19.43127597	270.6939635	21.50286773
E1.0_P9_4D_ZnLim_L	Leaf	ZnLim	4 d	Populus trichocarpa	28.96101721	7.721949198	1527.076943	2.133500176	3219.175897	23429.37057	22696.78714	2213.523179	29.27054441	105.5514871	0.005810304	0.188226617	2.330362599	19.55156437	0.002452561	0.00159965	0.374396289	1.786288393	21.36671222	0.013707274		0.805740558	0.843430709	0.349362006	0.038314143	0.048323016	0.056823756	0.971987836	0.032318135	0.03234721	1.423703155	2.718147444	8.310304834	12.66432802	2.110955478	0.942403705	0.856691117	-0.00439152	-0.242732634	0.102750708	0.098359188	0.304441387	0.366513107	0.485259672	44.53572241	24.14966431	26.17964159	7.289287191	54.89562744	33.01038645	18.13635752	283.7566827	26.93984583
E1.0_P18_4D_ZnLim_L	Leaf	ZnLim	4 d	Populus trichocarpa	28.88003562	4.909915707	1354.710025	2.241506666	2506.25414	20849.82329	19862.61478	1921.087782	27.89343538	97.398446	0.004933717	0.061182557	2.119584062	16.68960579	0.003008983	0.00817993	0.408900459	1.461432717	18.56307178	0.010016006		0.774342123	0.820415209	0.321780136	0.030210097	0.039812849	0.048301647	0.973453388	0.030524125	0.030512937	1.394199542	2.430980386	7.698131376	11.25945756	1.982449199	0.869848156	0.84047572	-0.005486552	-0.312023806	0.084946164	0.079459612	0.251600306	0.352088596	0.453345351	44.03734397	26.16446485	28.69481909	8.665570071	56.53003911	35.04182133	20.01424126	278.3199285	24.51962633
E1.0_P28_4D_ZnLim_L	Leaf	ZnLim	4 d	Populus trichocarpa	26.21049822	5.640194679	1407.951046	2.093050434	2791.797451	22346.12578	18422.1026	2104.161999	22.29756829	100.971385	0.006154581	0.060528647	1.95195508	17.06662084	0.001867995	0.001753735	0.326659271	1.595267072	19.61716676	0.007055232		0.782421233	0.822038144	0.332153687	0.028821658	0.0379363	0.04659727	0.974409069	0.030460182	0.030473591	1.389001044	2.595964405	7.571039113	11.06863228	2.033454839	0.886673857	0.840457653	-0.004236185	-0.250624997	0.086771856	0.082535672	0.257031368	0.341194974	0.464103292	46.2903123	26.97365924	29.10102698	8.597935333	58.77895799	36.46949355	20.56562771	295.6278277	26.84155137
E1.0_P2_7D_Ctrl_L	Leaf	Control	7 d	Populus trichocarpa	34.46460045	5.787134476	1608.960696	2.730440875	3198.5905	26590.91336	19800.34399	2706.771963	27.93957301	125.7129476	0.002791803	0.234195598	2.653131349	25.31447329	0.002461343	0.007716561	0.203120289	2.129647923	19.57902885	0.005779223		0.783380278	0.826424733	0.324955615	0.0312721	0.040836288	0.049568656	0.973841069	0.033722708	0.033746002	1.41025564	2.484101666	7.678253988	11.51522742	1.98772381	0.891578303	0.84154844	-0.003735178	-0.204376597	0.090180371	0.086445193	0.262478596	0.356005339	0.454882522	42.86398297	23.9345885	27.51368763	8.091178478	54.26778041	33.42123303	18.301539	270.0478942	24.11251463
E1.0_P21_7D_Ctrl_L	Leaf	Control	7 d	Populus trichocarpa	40.45491439	3.778779032	1587.293251	3.050659854	3296.198257	28978.76748	18265.00861	2557.152622	22.89536929	113.8706741	0.002980369	0.096118862	2.224175713	24.19091657	0.001492392	0.0046053	0.231656989	1.854958564	19.94767014	0.006085666		0.762129216	0.796500666	0.338126691	0.024986563	0.034214582	0.042301423	0.969176019	0.037014302	0.037048235	1.441376682	2.508406638	6.312435822	9.458879151	2.057184384	0.900122175	0.815554776	-0.002322086	-0.142224912	0.070131144	0.067809058	0.227847126	0.295094574	0.463006919	46.67947705	25.84254853	29.77073111	9.528929085	60.70720203	36.55249911	20.08061567	304.2630204	27.81028449
E1.0_P27_7D_Ctrl_L	Leaf	Control	7 d	Populus trichocarpa	34.06438924	3.840343947	1486.495656	2.74485152	2771.820838	21978.63184	18086.60901	2753.690229	23.73704131	113.2865742	0.002358489	0.062606542	2.151825839	22.62952381	0.001800773	0.003742699	0.364399011	2.383757876	18.58036754	0.005537575		0.777798097	0.81448645	0.341845394	0.030781949	0.040227336	0.048189745	0.969411518	0.035251372	0.03522599	1.438059312	2.55161552	6.964012034	10.59731107	2.07970092	0.914790974	0.833245401	-0.003229874	-0.189359768	0.082039422	0.078809548	0.250307765	0.323462781	0.472065977	45.60043978	24.78589215	28.21544061	8.621109185	58.24700689	34.94643335	18.96388129	294.56067	27.13251706
E1.0_P26_7D_FeEX_L	Leaf	FeEX	7 d	Populus trichocarpa	30.32239444	4.307602205	1663.984851	2.327764986	3407.242966	30661.54463	23482.30411	3293.657498	37.40184461	121.8760299	0.001637983	0.120843819	1.490403842	19.46916416	0.001947479	0.006857879	0.322265079	2.852667317	25.89850076	0.007685163		0.763658512	0.815425951	0.305117267	0.024721579	0.034590077	0.04301822	0.974805497	0.029514963	0.0294483	1.376039247	2.355466429	7.780651187	11.17645595	1.911744014	0.843132204	0.84021139	-0.004654957	-0.265046379	0.082573015	0.077918057	0.233440175	0.347574815	0.436218834	43.4815859	25.86489456	29.81637321	9.040113016	56.62694848	35.54259653	19.66322802	272.6460999	22.90559291
E1.0_P29_7D_FeEX_L	Leaf	FeEX	7 d	Populus trichocarpa	29.3167643	6.137098953	1689.878638	2.367705103	3805.353683	29731.01974	20346.1404	2703.408005	39.30720195	136.6061408	0.001630868	0.146801235	2.001660807	18.87876944	0.001684313	0.001795938	0.401333101	2.167325173	21.62714315	0.007302767		0.791784547	0.83255065	0.333900019	0.02973104	0.039471429	0.047866177	0.972369858	0.036008403	0.036007203	1.419591244	2.561522711	7.90949844	11.91702081	2.039291731	0.913681462	0.851677147	-0.004398464	-0.248409101	0.096020352	0.091621888	0.275226342	0.356462141	0.467980128	44.7170833	24.6596156	27.71087867	7.93825157	56.02064393	34.06649307	18.61036514	283.4007465	25.87227433
E1.0_P16_7D_FeEX_L	Leaf	FeEX	7 d	Populus trichocarpa	31.69482501	4.522294233	1469.599546	2.438942051	3250.245298	27939.41641	17461.09818	2560.793921	36.32923007	107.0188006	0.001586958	0.172528696	1.05435179	18.64855495	0.00210301	0.004412266	0.33834096	2.129249647	18.12952294	0.005606398		0.790492086	0.824437243	0.355897955	0.031534657	0.041246642	0.049644759	0.972711445	0.032391627	0.032380174	1.40225035	2.743000932	7.592544243	11.15083467	2.151949802	0.916920253	0.839507538	-0.005254772	-0.300641703	0.086386371	0.081131599	0.290761225	0.332689283	0.489372543	45.22648506	25.02960275	26.60534126	8.002266387	56.81310417	35.06330556	19.09940693	293.6057778	27.99598982
E1.0_P3_7D_FeLim_L	Leaf	FeLim	7 d	Populus trichocarpa	41.58910043	5.141318169	1516.338684	3.21241417	2904.311914	22967.5827	20581.9714	2412.789767	22.02453583	143.6340667	0.005165342	0.150259033	3.102010577	29.84405108	0.002575975	0.001084222	0.381493742	2.03772749	17.27942043	0.005323338		0.743968448	0.794293211	0.301075663	0.026706535	0.03535902	0.043208566	0.97312045	0.03063885	0.030638768	1.392473396	2.222623293	6.761685919	9.83045586	1.889208294	0.82111776	0.821349172	-0.005131254	-0.286066103	0.072114362	0.066983108	0.219517033	0.33087731	0.425483064	41.47604928	24.80179839	29.50639169	9.591487152	55.36752177	34.32835653	19.10235827	260.979657	21.40249851
E1.0_P23_7D_FeLim_L	Leaf	FeLim	7 d	Populus trichocarpa	35.19355243	4.126929637	1482.112471	4.77641334	3063.702434	23479.95542	18134.41814	2596.126961	11.23183353	148.5727647	0.005481793	0.096494461	3.338214119	30.15752611	0.002363569	0.005009136	0.133991575	2.049891032	17.84267563	0.005628364		0.730988605	0.797919724	0.263697502	0.02298924	0.031968821	0.039421594	0.97177758	0.032240226	0.032259974	1.418970029	2.016911904	6.912797472	10.35932678	1.733704658	0.806495527	0.828740093	-0.00187983	-0.109787251	0.069694494	0.067814664	0.174595904	0.3402768	0.384033119	42.69175284	24.82873924	33.67250952	10.55828349	58.01795176	35.12685807	18.91308933	258.5835505	18.78617783
E1.0_P14_7D_FeLim_L	Leaf	FeLim	7 d	Populus trichocarpa	45.29518563	3.833750249	1445.578956	3.267870426	2864.297275	25741.81442	17002.20927	2466.972309	16.33277679	115.2391741	0.00456139	0.130799196	2.864593683	37.68448175	0.001191527	0.003637083	0.208729429	1.913600614	17.9767831	0.004802161		0.77065563	0.807087971	0.336035472	0.027555249	0.037250288	0.046046796	0.973512262	0.031713884	0.031714193	1.412012334	2.503911025	6.789385997	10.07077139	2.046948138	0.882634946	0.825632048	-0.004600479	-0.262463182	0.081230546	0.076630068	0.253670292	0.324081463	0.463178443	43.96688789	24.74588564	27.88599304	8.708134944	56.70276217	34.73760382	19.07620907	283.9421632	25.71377582
E1.0_P12_7D_ZnEx_L	Leaf	ZnEx	7 d	Populus trichocarpa	38.1928063	4.53760275	1454.431998	2.122662138	2365.908649	22960.12113	15319.55574	2148.487489	13.12187496	107.1204965	0.003137472	0.170707625	1.724308417	489.4158916	0.001205366	0.008459939	0.231581964	1.52739041	18.31982356	0.005724606		0.741124277	0.790566958	0.302751435	0.022789951	0.031399878	0.039187251	0.970321227	0.034139766	0.034096111	1.447974485	2.22945389	6.464379234	9.735489957	1.901122571	0.865540341	0.820876137	-0.001703595	-0.101444283	0.06737015	0.065666554	0.195770927	0.306202157	0.428261319	44.13185182	24.56197424	31.33545917	10.0876789	59.16785311	35.27923774	18.91851068	280.5841047	23.32136831
E1.0_P8_7D_ZnEx_L	Leaf	ZnEx	7 d	Populus trichocarpa	35.24307654	6.150701563	1533.475962	2.638076907	2661.070874	27142.69335	18535.158	2377.185486	18.32184823	108.0115083	0.003222033	0.079156499	2.127182467	439.8290263	0.002321237	0.009370196	0.478109505	2.092294199	21.79677738	0.006767792		0.752774367	0.806780649	0.297474908	0.029374345	0.038218396	0.045873347	0.972822377	0.033081414	0.033103389	1.398658986	2.263551238	7.320211232	10.70066844	1.870766583	0.841869173	0.833253706	-0.002938454	-0.176993579	0.070485435	0.067546981	0.200547501	0.340191899	0.423988604	45.34228321	27.11577307	32.15077515	9.977726932	59.68580654	36.98707732	20.58662758	282.1382386	23.25224447
E1.0_P25_7D_ZnEx_L	Leaf	ZnEx	7 d	Populus trichocarpa	34.23466058	3.223867223	1590.728772	3.199289695	2773.75015	24720.70498	16793.96777	2389.473843	14.89691691	109.032548	0.003393996	0.061743928	1.944458323	517.1053002	0.002593602	0.005031013	0.43025479	1.997629937	20.80244146	0.006321766		0.744675416	0.796625514	0.293771254	0.026815838	0.035898206	0.043859553	0.971897346	0.032071568	0.032072676	1.398624967	2.235075816	6.735913608	9.898947467	1.858180452	0.828252216	0.823022311	-0.00224088	-0.132250852	0.071580558	0.069339677	0.194869517	0.327363449	0.417565152	43.94877851	26.01185492	31.79580136	10.03139434	58.61416587	36.23248181	19.97707912	275.0170861	22.25508369
E1.0_P1_7D_ZnLim_L	Leaf	ZnLim	7 d	Populus trichocarpa	48.68529817	5.180634036	1574.408325	2.361166201	2933.030664	27355.72753	19794.79328	2725.294788	24.33196603	112.7224362	0.00755535	0.157316618	2.313735267	13.49464878	0.003126288	0.001793351	0.197325374	2.134282771	20.61241392	0.007006136		0.792569776	0.833148637	0.338137939	0.034993801	0.044446329	0.053451622	0.974491255	0.028843871	0.028829682	1.370610728	2.658887001	8.240512138	12.0107037	2.061630555	0.886888144	0.849210638	-0.00568167	-0.329283849	0.089524084	0.083842415	0.276831982	0.36180665	0.473084041	45.93375547	26.75143782	28.12698776	8.169209731	57.61595217	36.27027872	20.29532938	292.2041205	26.89368472
E1.0_P5_7D_ZnLim_L	Leaf	ZnLim	7 d	Populus trichocarpa	32.40061816	3.458862058	1313.594821	2.030211849	3793.318609	28393.76195	20521.46565	2448.503644	19.84232904	91.0700945	0.006634302	0.235664276	2.68816748	16.98059614	0.001656114	0.002386088	0.29643882	2.096389248	17.4293481	0.005428435		0.813914607	0.846838179	0.361970661	0.032672798	0.04312727	0.05239282	0.972546766	0.033079225	0.033081093	1.41668495	2.865188387	8.664151891	12.93390365	2.183245639	0.957190631	0.859812178	-0.00578661	-0.326329067	0.10653511	0.1007485	0.333518551	0.361722861	0.501153618	45.89975761	24.72280598	25.84074134	7.111462979	55.98982874	34.22686862	18.6318467	295.2558976	28.74802009
E1.0_P19_7D_ZnLim_L	Leaf	ZnLim	7 d	Populus trichocarpa	31.90201061	4.292337918	1567.401243	2.910517546	3099.453736	24990.95874	18099.8247	2677.779474	20.59615747	124.0036858	0.008825378	0.105691545	1.908347997	15.51630788	0.001300107	0.001434256	0.359650337	2.174380441	19.67145484	0.006614263		0.787679669	0.821773893	0.352224352	0.032583627	0.042200488	0.050865141	0.971698127	0.033586249	0.033545739	1.420506574	2.695232656	7.391987912	11.00066156	2.136345279	0.924423583	0.838334568	-0.004274888	-0.245886751	0.087039856	0.082764967	0.279793987	0.327698918	0.485696864	45.30644502	24.71943177	26.94797123	8.087278175	57.13491989	34.63927351	18.85071714	294.3309169	27.79844479
E1.0_P2_14D_Ctrl_L	Leaf	Control	14 d	Populus trichocarpa	27.38338146	4.87360796	1473.56576	3.577170354	3638.551047	27452.71137	19405.77998	2321.059538	26.15148744	106.5108652	0.002547792	0.153527928	2.893124755	25.44614544	0.001766579	0.010929861	0.150996866	1.875841786	17.28130423	0.005828843		0.771435172	0.815152553	0.318461318	0.032722555	0.041976936	0.05028457	0.975116362	0.032049895	0.032084987	1.39727159	2.400759845	7.209777842	10.6715072	1.955553752	0.861277197	0.823057206	-0.003810722	-0.217585866	0.074931358	0.071120636	0.234631674	0.351113949	0.444449084	44.0476622	25.44340276	29.15280461	9.041004897	56.58814417	35.49786427	19.6451558	276.8935138	24.10852822
E1.0_P21_14D_Ctrl_L	Leaf	Control	14 d	Populus trichocarpa	31.53147044	3.403464421	1733.76571	2.421915822	3576.872261	30122.39774	17923.34526	2143.285451	23.22590363	112.4732682	0.002496431	0.069259116	2.231873233	23.66565632	0.002093554	0.004160241	0.177070231	1.50041907	19.98706163	0.005223484		0.790618719	0.83535393	0.325649178	0.035476505	0.045474753	0.054331579	0.974109867	0.031310219	0.031338372	1.393365011	2.505119457	8.048567788	12.14969536	1.984917536	0.884310648	0.849838134	-0.004318327	-0.225575899	0.100141558	0.095823231	0.277442073	0.375099002	0.455532068	41.29945331	23.8632108	26.28513903	7.548896647	51.83948639	32.3097847	18.10081948	257.9509082	23.10922101
E1.0_P27_14D_Ctrl_L	Leaf	Control	14 d	Populus trichocarpa	27.73089009	3.870962428	1763.871662	3.197375221	3878.230707	31770.133	20292.76458	2219.271998	28.35579509	125.9769364	0.002730769	0.096089929	4.354248657	24.42607018	0.003230595	0.005741803	0.320153191	1.580828644	20.27940315	0.005765736		0.750216491	0.796455823	0.304663365	0.03493139	0.043273747	0.050800667	0.975564656	0.030548954	0.030578898	1.377158529	2.289200748	6.622290198	9.571458963	1.898115325	0.816959711	0.801089316	-0.004234841	-0.24569074	0.062857437	0.058622596	0.213823389	0.337894749	0.42637699	43.52495388	26.42505295	30.54411335	10.06571273	57.59774101	36.54560581	20.48535311	273.9731521	22.7731895
E1.0_P26_14D_FeEX_L	Leaf	FeEX	14 d	Populus trichocarpa	30.78416377	4.178474509	1673.669068	2.264116729	3789.009777	29290.86501	23880.59964	2629.562355	34.34802797	126.1517899	0.001479775	0.092046686	1.906868971	21.51211247	0.002378952	0.00876874	0.271414198	2.021116303	23.87335573	0.007070918		0.775325527	0.825208136	0.318052948	0.033129099	0.042643036	0.050761678	0.973395727	0.031938452	0.031950834	1.380514348	2.435535527	8.081769642	11.77117944	1.961129337	0.863127687	0.846459103	-0.004343185	-0.24173792	0.086268302	0.081925117	0.244175619	0.358429219	0.449756883	43.15394409	25.79171574	28.36624065	8.468178613	55.20959923	34.57059804	19.51776099	270.5501256	23.59218494
E1.0_P29_14D_FeEX_L	Leaf	FeEX	14 d	Populus trichocarpa	24.21846356	4.081227727	1627.379898	2.156233276	3781.334881	32504.31547	19715.95004	2257.066462	23.03366756	104.6790337	0.00117501	0.073666785	1.843682523	19.60872035	0.001378769	0.004660001	0.29048884	1.651170535	20.43952223	0.006041811		0.754966696	0.798070925	0.315946616	0.029748546	0.038660249	0.046498644	0.973424733	0.035135121	0.035117549	1.398062693	2.347384975	6.636696346	9.650233407	1.946990548	0.844769131	0.818576475	-0.004255571	-0.253917356	0.069212642	0.064957071	0.219615757	0.32648613	0.438977349	45.04663453	26.75615986	30.58222543	9.834814438	59.043172	36.8766928	20.7015522	286.057054	24.68219063
E1.0_P16_14D_FeEX_L	Leaf	FeEX	14 d	Populus trichocarpa	33.3763891	4.640583697	1540.668473	1.685944512	3039.31253	31152.94172	16267.65306	2445.440738	42.87285987	121.9462825	0.001234799	0.097887819	2.117139125	31.9542414	0.002214864	0.007021836	0.227235621	1.832109953	21.85947992	0.005615194		0.796351788	0.825841656	0.370928734	0.038359582	0.047772384	0.055902144	0.974419847	0.030388497	0.030366993	1.383161185	2.880938614	7.634930181	11.11964476	2.224741471	0.916068248	0.835657859	-0.005833316	-0.328979872	0.084425535	0.078592219	0.308109361	0.333009759	0.502901065	44.91162494	25.57117456	25.35679756	7.731055571	56.00677996	35.23474537	19.58385711	294.5004058	28.76113819
E1.0_P3_14D_FeLim_L	Leaf	FeLim	14 d	Populus trichocarpa	31.2980211	4.856826278	1727.812861	2.052969871	3684.087339	28968.5429	21805.06807	1875.401811	21.02247999	169.9254461	0.007539696	0.203683078	4.04296108	39.47320696	0.001828241	0.00408509	0.313418816	1.312963634	17.11955052	0.005337865		0.647979022	0.745679592	0.192252769	0.01575266	0.023619034	0.030345458	0.970163074	0.038649137	0.038735891	1.445186039	1.534177086	5.893793525	8.914923103	1.475939859	0.678286009	0.802247226	-0.000989443	-0.058224327	0.049445767	0.048456324	0.112664451	0.315407011	0.288493052	38.13067178	24.97930536	39.74963776	13.95974398	58.14464235	35.1050694	19.26037623	214.5579153	8.728997569
E1.0_P23_14D_FeLim_L	Leaf	FeLim	14 d	Populus trichocarpa	33.80976366	5.467204924	1896.405805	2.019968605	4831.792909	39054.83137	28770.76114	2348.660977	7.203082512	364.5197973	0.00997356	0.135947647	4.773513912	35.14904324	0.001490493	0.006294456	0.180120908	1.664208988	23.70698747	0.007189236		0.506442628	0.627152591	0.122693488	0.001253647	0.007831037	0.013499329	0.970510009	0.035538495	0.035642215	1.417400762	1.199909461	4.640562759	6.662722773	1.275204274	0.480467974	0.763617223	-0.000568725	-0.032213916	0.032514861	0.031946136	0.074439115	0.245034323	0.187247962	28.68607696	24.54700515	44.26868805	18.65483833	56.05979031	34.41141987	18.77600377	148.3620533	-4.240018232
E1.0_P14_14D_FeLim_L	Leaf	FeLim	14 d	Populus trichocarpa	31.1841569	3.256264312	1719.98866	2.204587307	4067.99719	34804.92689	20859.53006	2066.991595	8.986183107	162.1648865	0.006747885	0.382318418	4.600403911	27.8551242	0.002142128	0.00398308	0.203772349	1.383896513	19.07962079	0.00542297		0.64463159	0.745401965	0.184486945	0.016413887	0.024387695	0.031628632	0.970199778	0.036213168	0.036343392	1.424122881	1.505000928	6.102722804	9.178347636	1.446259587	0.652716499	0.803782308	-0.001290411	-0.073832337	0.050538093	0.049247683	0.111789794	0.324845273	0.276592113	36.88334254	24.85753224	39.38319486	13.83236804	56.51740169	34.68044487	19.03797169	203.1110477	7.266572037
E1.0_P12_14D_ZnEx_L	Leaf	ZnEx	14 d	Populus trichocarpa	49.84795234	3.40508869	1548.244013	2.570982286	1854.23556	22324.30297	14352.2322	1958.398348	23.44268221	115.6403794	0.004325916	0.144419496	2.134123252	842.2940911	0.003103846	0.005989847	0.183911374	1.286537086	20.10354954	0.006477122		0.761780557	0.792766005	0.359999445	0.033436972	0.041518868	0.048787918	0.972565897	0.033188191	0.033115446	1.418730915	2.684815035	6.226148066	9.233200574	2.172566587	0.901476913	0.808966643	-0.001690015	-0.101778793	0.063068828	0.061378813	0.232866531	0.277959134	0.48491468	45.87716266	26.03753742	27.76879417	9.299310781	59.91320618	36.60064331	20.23577772	307.0326844	29.02328133
E1.0_P8_14D_ZnEx_L	Leaf	ZnEx	14 d	Populus trichocarpa	46.35906687	4.370513765	1727.129293	2.269865354	2147.885868	23569.24472	14226.77534	2420.52967	24.2355837	140.5875486	0.004377485	0.11177878	2.25895262	754.1540151	0.002317323	0.004123891	0.31556176	1.72530331	20.92432208	0.007439936		0.759462132	0.803302703	0.328796435	0.033623963	0.042261481	0.049930236	0.975935572	0.029290843	0.029298884	1.357699574	2.48972129	7.25081046	10.19305856	2.015394443	0.840174945	0.820615537	-0.005415021	-0.306636408	0.069658536	0.064243515	0.241606284	0.325754663	0.457343944	43.00606762	26.93619184	28.08628711	9.150073552	56.18082605	36.35777128	20.82195636	276.5067067	24.57143652
E1.0_P25_14D_ZnEx_L	Leaf	ZnEx	14 d	Populus trichocarpa	41.07404659	2.389002681	1479.181761	2.636521466	1860.283539	19549.10694	12248.94817	1892.434432	13.92324019	98.97673483	0.003268238	0.054216557	2.020944346	640.7281615	0.002356834	0.001884465	0.264863372	1.257934501	18.04948479	0.005517791		0.732672045	0.781336725	0.303096465	0.021335962	0.030589143	0.038341002	0.974546482	0.030712185	0.030727846	1.378817167	2.273914313	6.431908941	9.122498318	1.899462686	0.812693472	0.810696688	-0.003168461	-0.186580921	0.066095498	0.062927037	0.196433259	0.302250255	0.425512526	43.14480089	27.48884469	30.97464736	10.34798922	58.37518472	37.4007245	21.69946838	275.4166521	22.68773482
E1.0_P1_14D_ZnLim_L	Leaf	ZnLim	14 d	Populus trichocarpa	36.7768998	3.087177634	1523.784689	2.784014564	3386.939056	30602.63234	19459.82595	2453.118634	26.04816557	112.6028779	0.010095984	0.109935408	2.060609484	8.866859548	0.003297522	0.006912057	0.157778782	1.967396521	21.01924501	0.00660173		0.796360209	0.836222342	0.34170348	0.042255793	0.05168026	0.060065598	0.974558264	0.031659514	0.031683456	1.377488979	2.657012048	8.39373967	12.21456705	2.07222942	0.894552583	0.845834806	-0.006156918	-0.344159314	0.088658825	0.082501906	0.290934771	0.370454101	0.476209376	44.51492826	26.06984866	26.95377819	7.872639496	55.43559277	35.0906969	19.77385363	282.417826	26.28176535
E1.0_P5_14D_ZnLim_L	Leaf	ZnLim	14 d	Populus trichocarpa	33.04361534	2.380016806	1453.10852	6.026044686	3044.572556	26161.78824	15433.72986	2086.439761	21.03347741	105.3794744	0.008181697	0.134001843	2.316651422	10.27728853	0.002197001	0.002629919	0.169664274	1.589444309	19.12463314	0.005884967		0.771946802	0.815783935	0.319040282	0.031656386	0.04139393	0.050022275	0.974565258	0.033352192	0.033367418	1.396740783	2.426381694	7.404489559	10.8194491	1.966406845	0.867452268	0.834724536	-0.004550278	-0.250262588	0.086512965	0.081962687	0.252364221	0.346593167	0.448079883	42.45661494	25.16542577	27.93547321	8.46983508	54.4828675	34.23073059	19.42028041	267.8377593	23.49213079
E1.0_P19_14D_ZnLim_L	Leaf	ZnLim	14 d	Populus trichocarpa	29.05030076	3.179679127	1864.06228	2.502477314	3741.904721	34817.92485	18818.70765	2618.51675	25.65828989	139.6056155	0.013627753	0.131064692	2.497098408	12.75578312	0.001915167	0.004489959	0.29394883	1.909397183	23.25205356	0.00749399		0.767414594	0.805467002	0.334778524	0.038410341	0.047101684	0.054716389	0.973432103	0.032885847	0.032909362	1.386889108	2.490357585	6.92130479	9.979885296	2.03857303	0.860949181	0.814616684	-0.006023636	-0.347782959	0.068304134	0.062280498	0.252147914	0.332781424	0.46133978	44.30774137	26.36538938	28.28653305	9.172507551	57.23138179	36.04964434	20.29018133	284.712317	25.74632062
E1.0_P11_21D_Ctrl_L	Leaf	Control	21 d	Populus trichocarpa	66.66280415	3.738312681	1514.01305	2.258659562	2686.62862	27309.2663	13999.17553	1934.310839	22.60999337	98.14288211	0.003059434	0.148753503	2.220306796	38.25940234	0.002571786	-0.004446976	0.119127835	1.137605023	14.07845424	0.004543923		0.803374826	0.837517978	0.356844393	0.032355533	0.042707068	0.05130762	0.974620898	0.030307778	0.030325754	1.400616523	2.823669857	8.056988999	12.02408684	2.145831936	0.930924936	0.853124267	-0.0034826	-0.19073993	0.108198893	0.104716293	0.305152956	0.348954651	0.490513459	44.00036173	25.00783571	25.52368463	7.191264735	54.40034609	33.74541304	18.99295398	283.5639147	27.19298683
E1.0_P17_21D_Ctrl_L	Leaf	Control	21 d	Populus trichocarpa	51.2571273	3.331547377	1515.670063	12.15714269	2695.709943	28893.87869	14483.84038	2051.298327	26.96544913	100.2994396	0.002655546	0.081386809	2.256615461	30.7032533	0.024773529	0.002339146	0.144528484	1.245534753	14.75542791	0.004591529		0.800854274	0.835513243	0.350177947	0.038700073	0.048361642	0.056467761	0.973367475	0.029935752	0.029974647	1.383291074	2.783176845	8.053699924	11.93850374	2.111183334	0.910887671	0.851774996	-0.004096293	-0.218016862	0.108570126	0.104473833	0.306193333	0.356410122	0.482918195	42.62383921	24.97187159	25.17154516	7.123455427	52.75432979	33.12219849	18.94869206	272.1748592	25.86768418
E1.0_P13_21D_Ctrl_L	Leaf	Control	21 d	Populus trichocarpa	47.08147582	3.082501417	1406.170972	2.138110912	2850.197693	29332.7462	14017.6235	1770.525732	21.74927907	96.33117242	0.002950728	0.074737013	1.785261614	24.37498348	0.001331623	0.004989947	0.153241132	0.990976181	14.50441666	0.004896567		0.78720031	0.819902213	0.34622541	0.034424364	0.044125137	0.052680106	0.971938286	0.032686841	0.032742291	1.40204261	2.696177791	7.167011688	10.63932676	2.092644906	0.904889601	0.836003759	-0.003262303	-0.182100366	0.093313207	0.090050904	0.277211447	0.332802971	0.474820305	43.94119009	25.42816686	26.63895717	7.894332203	55.29289383	34.42551569	19.50846475	282.687729	26.59407117
E1.0_P6_21D_FeEX_L	Leaf	FeEX	21 d	Populus trichocarpa	34.9244752	3.391811902	1289.719023	1.584375965	2626.391269	26331.00608	15621.36964	1988.488186	86.6607209	88.79217375	0.002034079	0.104171959	2.345149297	31.50699039	0.00148842	-0.003775741	0.102335914	1.436747622	19.02405795	0.005444877		0.767547352	0.795651519	0.351200844	0.026502539	0.034875178	0.042351346	0.973055648	0.029798907	0.02978587	1.379634271	2.808996735	6.345554928	9.163598138	2.130786419	0.884280898	0.807686839	-0.001403373	-0.078268515	0.073149472	0.071746099	0.26675487	0.279798594	0.476321619	42.80743249	25.5867362	26.19369324	8.452306465	55.41826082	34.86614975	19.92768998	283.3841976	26.77892625
E1.0_P10_21D_FeEX_L	Leaf	FeEX	21 d	Populus trichocarpa	40.18095895	3.730126333	1627.999572	1.798460319	2741.560424	32945.37506	13970.69522	1740.571538	65.03118028	91.38985553	0.001940189	0.127458591	1.173766152	19.80507362	0.002051943	-0.000450239	0.16338888	0.939713553	12.7106618	0.004092128		0.826373727	0.847044871	0.399662913	0.036389791	0.045921149	0.054503345	0.973044914	0.030686199	0.030675267	1.406458573	3.405510415	8.10145837	12.2224318	2.398505577	0.990548865	0.851420297	-0.000563445	-0.031070435	0.112201402	0.111637957	0.369080019	0.324291095	0.536165369	45.56927799	24.72186512	23.06286895	6.338411939	54.886705	33.8190003	18.80988289	302.4104084	31.28022272
E1.0_P31_21D_FeEX_L	Leaf	FeEX	21 d	Populus trichocarpa	138.9284701	-10.33228691	138.5118594	122.0436463	69.49328917	-2593669.804	6078.86067	-588.399044	29.09189737	27.20193787	0.002488692	-1.49201004	0.152403155	-10.57711706	0.740812897	-1.026870927	0.411490533	0.17233733	19.38481113	0.53438931		0.77656009	0.810551512	0.347848959	0.03705399	0.045597953	0.053684013	0.973631345	0.026974828	0.027004818	1.338956825	2.759107532	7.19819362	10.15100651	2.099976488	0.857406647	0.825147117	-0.004815078	-0.26832473	0.080024739	0.075209661	0.275374068	0.322520093	0.474579581	43.27453749	27.36867286	26.54480818	8.295417629	55.35606993	35.87774896	20.9412695	281.3432288	26.40633896
E1.0_P22_21D_FeLim_L	Leaf	FeLim	21 d	Populus trichocarpa	54.04211104	17.27881229	1779.153306	3.330271138	4556.807652	35896.27888	26646.19322	2358.008534	18.14149382	365.0514184	0.010255132	0.085346939	5.933032995	42.71654966	0.004166352	0.006390931	0.260259097	1.567974167	23.19696869	0.007489771		0.357650968	0.484399372	0.066857073	-0.008444912	-0.003483396	0.000892431	0.969354293	0.031070776	0.031168149	1.395109981	1.000453386	3.440040109	4.735901404	1.137475125	0.306473164	0.713659791	0.000129438	0.007248096	0.019921494	0.020050932	0.052937183	0.17136512	0.099983948	20.02720585	24.82638941	49.12823747	24.59078116	55.53062301	34.36309832	19.02720442	87.22152701	-16.2576233
E1.0_P7_21D_FeLim_L	Leaf	FeLim	21 d	Populus trichocarpa	60.69247522	5.993282981	1847.486	2.652829073	5216.543096	38101.57723	33296.18671	2857.039078	11.55070875	347.8870994	0.009389321	0.126852064	6.549888902	44.82534786	0.003148227	0.00199742	0.362471559	1.994632717	24.38952405	0.010743727		0.363682799	0.470825221	0.075395437	-0.028287938	-0.02230491	-0.016817768	0.97006192	0.028355046	0.02846453	1.383235681	1.012052097	3.753366249	4.980619726	1.158281487	0.312014904	0.733255514	-0.000928243	-0.051048066	0.024110995	0.023182752	0.05801971	0.163618885	0.114515626	20.00047114	24.62592839	47.30906852	23.67787121	54.559381	33.73223374	18.53055414	91.99440345	-14.74745564
E1.0_P30_21D_FeLim_L	Leaf	FeLim	21 d	Populus trichocarpa	57.22674477	3.747196197	1800.662665	2.47699025	4442.311894	38199.04778	26614.4852	2703.605732	8.211965837	419.5327821	0.010877023	0.12542914	6.431193564	41.53352541	0.002716229	0.002133769	0.291715356	1.827171831	20.18570034	0.006508685		0.395099445	0.508233539	0.082967725	-0.037035263	-0.030170074	-0.024171427	0.970314422	0.029646992	0.029693867	1.410693686	1.051618187	4.05495017	5.487288222	1.17929954	0.368822185	0.752131044	-0.00025501	-0.013946552	0.029759349	0.029504339	0.061092754	0.16402421	0.129378129	21.60804954	23.55108545	46.28611709	21.79708576	54.35609496	32.90007364	17.80605366	106.1408935	-12.18706147
E1.0_P4_21D_ZnEx_L	Leaf	ZnEx	21 d	Populus trichocarpa	42.06119357	3.308773621	1625.26429	2.271318353	1343.157108	16093.12353	13084.30747	1330.976739	7.627954427	88.03206188	0.002125992	0.142868142	1.389600367	390.0683716	0.00144746	0.002234424	0.151505809	0.579491358	12.02496266	0.003375343		0.658641973	0.756731503	0.211790412	-0.030864585	-0.024596601	-0.018511485	0.970643256	0.028628058	0.028679914	1.422194026	2.092896568	6.653694267	9.67328793	1.545966439	0.820997589	0.822442177	0.008851266	0.505039308	0.055614071	0.064465337	0.1328045	0.195517001	0.319327827	37.58107317	24.59316423	36.81828856	11.57404277	56.62077099	34.78064182	18.98542378	232.7765641	14.49963325
E1.0_P15_21D_ZnEx_L	Leaf	ZnEx	21 d	Populus trichocarpa	41.06814426	4.484039649	1565.712442	2.732859657	1366.498554	17755.57336	12040.97155	1348.98025	12.26864575	92.30061865	0.002481758	0.058144631	1.508019938	416.1045127	0.002292664	0.007777313	0.21682875	0.619804336	16.93360706	0.004954176		0.663687132	0.758849641	0.214232313	-0.008249218	-0.001246997	0.004662495	0.971464662	0.028701839	0.028764588	1.407864877	1.885453215	6.64935119	9.678073523	1.551672599	0.76277432	0.821562844	0.002969418	0.170012	0.054270423	0.057239841	0.133156646	0.258770788	0.321130916	37.99895094	25.34951896	36.79177334	12.10010143	56.79234334	35.26528171	19.57172266	227.9796351	13.23024013
E1.0_P20_21D_ZnEx_L	Leaf	ZnEx	21 d	Populus trichocarpa	38.42001835	2.58160678	1544.431921	1.958765737	1221.884639	16153.89856	11224.0139	1206.557834	8.052273035	71.1283731	0.002165486	0.073569754	1.318830641	358.0868563	0.001614293	-0.000496156	0.165956188	0.577681372	11.53286326	0.003443606		0.687782108	0.77310671	0.23127422	0.00594065	0.013665591	0.020317466	0.972900282	0.029700819	0.029732258	1.398944287	1.891377507	6.808695693	9.841951991	1.615601707	0.758785513	0.820959492	-0.000639376	-0.038247137	0.056011206	0.05537183	0.146252885	0.299436091	0.344795246	41.1427951	26.88446842	36.98397187	12.1535603	59.39055064	37.15149818	20.77461346	246.9079684	15.44692785
E1.0_P9_21D_ZnLim_L	Leaf	ZnLim	21 d	Populus trichocarpa	56.73183752	2.580981839	1630.28928	1.851949113	2712.679111	29757.06834	14931.20749	2466.771991	23.60752212	108.4634446	0.008818555	0.109653847	2.356601475	7.385400023	0.001400723	-0.001675331	0.119904642	1.68883819	17.73200211	0.005128093		0.799704213	0.825779699	0.384949053	0.038742462	0.04766345	0.055878846	0.971369813	0.027828802	0.027832846	1.372166956	3.081082911	7.733014898	11.05454839	2.310984003	0.927646515	0.837654925	-0.005637645	-0.316652373	0.090018346	0.084380701	0.327547036	0.314799881	0.5184718	44.91737921	26.61389787	24.329321	7.374862514	55.84922378	35.32174518	20.35033617	297.8993622	29.99415287
E1.0_P18_21D_ZnLim_L	Leaf	ZnLim	21 d	Populus trichocarpa	58.15851412	4.432679818	1668.929167	2.284331151	2445.302249	25159.71641	13646.27396	2359.193631	22.77717024	110.0898537	0.00800156	0.046008249	1.990346986	7.777161652	0.002219707	0.002982284	0.160148354	1.546738305	16.89742705	0.005205729		0.780198978	0.810996087	0.358165433	0.037956367	0.046683461	0.054336749	0.974941464	0.025335683	0.025366398	1.338439296	2.818041768	7.363097469	10.23676817	2.158438974	0.865973065	0.82623741	-0.006581068	-0.363505959	0.084047718	0.07746665	0.294143056	0.321052665	0.487183255	43.0943676	27.29524214	25.54682811	8.051391836	54.810656	35.73059479	21.09450277	281.6761564	26.93608981
E1.0_P28_21D_ZnLim_L	Leaf	ZnLim	21 d	Populus trichocarpa	54.61084176	2.521645938	1293.4459	2.597625605	2683.17839	23236.05263	15451.60941	2086.473535	18.11151937	91.65029857	0.007082628	0.154854472	1.535079689	5.788133788	0.002595121	0.004549976	0.116791185	1.359830168	17.45726162	0.005548928		0.777177476	0.821998214	0.326024131	0.027775672	0.037267394	0.045512376	0.974765537	0.02692119	0.026904387	1.356151364	2.537265787	8.08418299	11.42374612	2.002662865	0.856125068	0.844072199	-0.006966943	-0.372130003	0.094491456	0.087524513	0.282147676	0.350361643	0.458782223	41.51190189	25.4920228	26.64852288	7.988202736	53.06243648	33.84887496	19.54158506	263.2304071	23.55863287
E1.0_S77_0H_Ctrl_L	Leaf	Control	0 h	Sorghum bicolor	22.95473422	6.173577194	1764.707647	7.584856191	9621.780131	9939.279493	52230.76624	1209.510156	30.06160081	260.4453473	0.001533778	0.37755781	12.82751146	45.64730157	0.003224643	0.012739365	0.135682046	0.961675438	26.7889529	0.007557091		0.697474078	0.73299716	0.390011462	0.023980059	0.030357276	0.036037372	0.979777044	0.03878021	0.038872782	1.286904827	2.378378865	5.128274834	6.926515031	2.329854197	0.725064677	0.738013435	-0.024136749	-0.784195714	0.07166724	0.047530491	0.368385743	0.253202237	0.495453838	22.66072336	19.28776071	13.89655193	6.615293392	31.94904816	22.89756081	14.97839302	157.515017	14.66265834
E1.0_S78_0H_Ctrl_L	Leaf	Control	0 h	Sorghum bicolor	15.78460494	3.209820642	1678.850752	5.875332233	10537.74264	12021.99959	57881.00724	1486.55127	103.6854195	164.4311862	0.004425519	0.09887077	12.58075119	120.7712409	0.00534896	0.005989178	0.129376925	0.95059346	25.5973584	0.005418036		0.685712065	0.729455568	0.358559399	0.016314606	0.023815692	0.030761871	0.979618432	0.036059303	0.036099073	1.299801387	2.188171407	5.297197178	7.12825407	2.166099862	0.708961667	0.754365127	-0.018112343	-0.697739301	0.065287032	0.047174689	0.286344684	0.261713115	0.469959441	26.41559235	21.34434685	17.75169425	8.085420502	38.03461858	26.34810457	16.32224448	180.6426972	15.52670694
E1.0_S79_0H_Ctrl_L	Leaf	Control	0 h	Sorghum bicolor	23.60941777	4.127390379	1823.052889	4.553468612	11005.4612	11732.46268	48963.8636	1590.845453	29.64453371	334.1979322	0.001362463	0.208862349	13.12132012	55.37680872	0.003144188	0.020078943	0.093961915	1.274889991	30.65528306	0.012585312		0.698847641	0.733049817	0.395851602	0.02001514	0.026712859	0.033076593	0.977451905	0.035685755	0.03569019	1.297270668	2.424458397	5.258509092	7.012010474	2.375010991	0.743430705	0.744962082	-0.023337723	-0.741367486	0.073802309	0.050464585	0.376878664	0.241552833	0.50472682	22.20023395	18.44792007	13.33328069	6.349404246	31.28102932	21.95618792	14.22050358	155.5670338	14.61462285
E1.0_S88_0H_Ctrl_L	Leaf	Control	0 h	Sorghum bicolor	15.69440277	2.989895594	2115.538522	3.431922877	10421.27713	13121.96411	55947.22827	916.1006651	26.48639786	143.2319604	0.000816936	0.265266758	13.76030186	31.34710217	0.00186091	0.007407741	0.143651601	0.69376513	22.61092274	0.004675155		0.67477878	0.719929966	0.342866015	0.017449376	0.02497415	0.031924334	0.979088093	0.03297121	0.033005134	1.292133125	2.12557692	5.102260785	6.830948664	2.076207441	0.687022091	0.747137283	-0.01544967	-0.619053561	0.060468922	0.045019253	0.25894484	0.260717606	0.44989589	27.03774348	22.88198274	19.23820855	8.727924401	39.56643601	27.73727668	17.62366916	183.1739936	15.17705033
E1.0_S87_0H_Ctrl_L	Leaf	Control	0 h	Sorghum bicolor	#N/A	#N/A	#N/A	#N/A	#N/A	#N/A	#N/A	#N/A	#N/A	#N/A	#N/A	#N/A	#N/A	#N/A	#N/A	#N/A	#N/A	#N/A	#N/A	#N/A		#N/A	#N/A	#N/A	#N/A	#N/A	#N/A	#N/A	#N/A	#N/A	#N/A	#N/A	#N/A	#N/A	#N/A	#N/A	#N/A	#N/A	#N/A	#N/A	#N/A	#N/A	#N/A	#N/A	#N/A	#N/A	#N/A	#N/A	#N/A	#N/A	#N/A	#N/A	#N/A
E1.0_S90_0H_Ctrl_L	Leaf	Control	0 h	Sorghum bicolor	#N/A	#N/A	#N/A	#N/A	#N/A	#N/A	#N/A	#N/A	#N/A	#N/A	#N/A	#N/A	#N/A	#N/A	#N/A	#N/A	#N/A	#N/A	#N/A	#N/A		#N/A	#N/A	#N/A	#N/A	#N/A	#N/A	#N/A	#N/A	#N/A	#N/A	#N/A	#N/A	#N/A	#N/A	#N/A	#N/A	#N/A	#N/A	#N/A	#N/A	#N/A	#N/A	#N/A	#N/A	#N/A	#N/A	#N/A	#N/A	#N/A	#N/A	#N/A	#N/A
E1.0_S30_2D_Ctrl_L	Leaf	Control	2 d	Sorghum bicolor	14.15330093	25.29382899	1495.144386	2.887622472	9252.688534	11142.12392	47498.63383	508.1205486	22.71721996	95.12930679	0.001309254	0.23153033	11.96593305	31.63477283	0.001698118	0.01003638	0.151785829	0.364035609	15.72610862	0.003363453		0.725749569	0.764086656	0.367940725	0.021401753	0.030170967	0.038490053	0.977222009	0.030690843	0.030782164	1.312427554	2.261055584	5.835575385	8.03182766	2.206348729	0.742858078	0.778947133	-0.024645001	-0.930490405	0.087201941	0.06255694	0.359016572	0.310779417	0.483390362	27.40121619	21.06755819	17.04313785	7.10205711	37.24635108	25.08476598	15.78259393	181.8265129	16.33672321
E1.0_S48_2D_Ctrl_L	Leaf	Control	2 d	Sorghum bicolor	14.62581258	7.171550086	1719.843978	7.698455611	7578.910181	11594.4938	43147.04266	2577.983404	25.00572992	136.6310572	0.010451548	0.110830886	9.887711426	287.5594332	0.003743891	0.009100785	0.125298688	1.382338348	17.16002265	0.003737195		0.721710422	0.754896766	0.397465814	0.01851793	0.026929717	0.034751069	0.973696432	0.037941733	0.037967127	1.363257259	2.325515839	5.363104815	7.616415349	2.378898998	0.786580079	0.765746124	-0.026277067	-0.867791066	0.090444206	0.064167139	0.399582957	0.272710619	0.509699402	23.83423745	16.93546125	13.83785157	6.155719537	32.56328188	21.14605022	12.81611918	163.5386403	15.4227227
E1.0_S45_2D_Ctrl_L	Leaf	Control	2 d	Sorghum bicolor	17.5143363	7.897396256	1527.511245	3.710709905	8901.573033	11164.5527	43698.68421	1328.419046	23.99186068	128.0341982	0.002976811	0.073121544	11.6506841	104.167144	0.001813707	0.009157274	0.102590341	0.822232279	19.20695592	0.005267375		0.740386702	0.764342013	0.438543981	0.021429824	0.029812776	0.037645332	0.975284679	0.036747641	0.036816626	1.356444692	2.603521102	5.432693451	7.721696891	2.639042962	0.821192036	0.768930745	-0.02284855	-0.999563531	0.070031954	0.047183404	0.338491218	0.261267675	0.546631629	32.38995683	22.32299794	16.51802654	7.554954148	43.11059871	28.02545539	16.74683621	227.1557703	22.91604747
E1.0_S31_2D_FeEX_L	Leaf	FeEX	2 d	Sorghum bicolor	14.33060456	4.204375347	1261.821211	2.585399637	7181.992053	9482.856889	49393.15291	697.0653605	235.8043602	76.18344699	0.001293905	0.066885633	9.225885561	23.35836788	0.009179947	0.011825605	0.103655018	0.590173405	14.55057713	0.005760123		0.731215596	0.759752971	0.420888486	0.015800584	0.024619746	0.032867484	0.972279333	0.036661777	0.036650915	1.395694719	2.405353291	5.431365566	7.803171244	2.53264708	0.827584099	0.773895746	-0.023295249	-0.998307348	0.072209726	0.048914477	0.33534503	0.264681749	0.534504931	31.33591377	20.57159504	16.88707883	7.631424728	42.33051714	26.4415757	15.47306496	218.539222	21.40028806
E1.0_S42_2D_FeEX_L	Leaf	FeEX	2 d	Sorghum bicolor	16.53413557	6.574420909	1544.440286	6.276742351	7936.439816	10904.89369	41921.37009	1695.648485	337.8844274	122.3190382	0.005359887	0.153001657	11.17705856	138.7222833	0.013377416	0.007554528	0.100131301	1.031642995	22.64978893	0.007498447		0.732270022	0.755507462	0.43716679	0.019059462	0.027374441	0.035247952	0.974253335	0.03409396	0.034118487	1.36007425	2.557779899	5.28041022	7.441126961	2.633353028	0.814803365	0.761671688	-0.023895289	-0.99199806	0.069988168	0.046092878	0.347975559	0.251981187	0.544277146	30.3997341	21.28420775	15.72484952	7.369863004	40.97171118	26.60504162	16.11100927	214.6346523	21.51553328
E1.0_S65_2D_FeEX_L	Leaf	FeEX	2 d	Sorghum bicolor	15.59540682	4.883145722	1476.896357	2.687492932	8336.700405	10450.84675	42254.60083	975.3861644	32.22333302	160.7957511	0.000696996	0.079605189	11.93985934	31.08500332	0.001703863	0.011702963	0.086072796	0.737438016	22.08834939	0.004783766		0.722119864	0.749722959	0.411577186	0.019096678	0.026987946	0.034396998	0.975413266	0.038205783	0.038219268	1.352861685	2.432856843	5.228907745	7.334867635	2.466054116	0.790620456	0.758073046	-0.020743607	-0.899527906	0.065645807	0.0449022	0.315139539	0.257467627	0.520693003	31.3140797	22.13116286	17.53813937	8.035589214	42.75514775	27.92252629	16.76698578	218.6454156	21.09869361
E1.0_S3_2D_FeLim_L	Leaf	FeLim	2 d	Sorghum bicolor	15.31221832	3.30520204	1584.090902	2.419159402	8353.754264	11279.9522	41873.43505	865.9468416	32.4928714	112.5860769	0.001461138	0.054343142	11.11727479	48.675676	0.002024554	0.004853082	0.111288954	0.577972699	15.10527453	0.003593793		0.704777045	0.735519414	0.387365651	0.017091494	0.025741669	0.033720855	0.973407538	0.037912892	0.038027073	1.366336757	2.206909305	4.903155492	6.934461201	2.314738299	0.758515016	0.746478675	-0.020571342	-0.888789213	0.063007043	0.042435701	0.292865307	0.265811329	0.493935088	30.4500423	21.71248865	18.5841176	8.625976354	42.48219191	27.55386223	16.50229681	208.8524937	19.19731464
E1.0_S13_2D_FeLim_L	Leaf	FeLim	2 d	Sorghum bicolor	18.77187451	5.516633696	1337.481306	3.102776889	8160.082962	11155.96236	37046.55043	890.5274897	24.7248271	105.9521031	0.001904568	0.095571574	12.01637779	61.33581072	0.001638384	0.011289459	0.105359792	0.568162111	15.04141822	0.003363135		0.702306735	0.735858765	0.377654328	0.015481464	0.02379358	0.031740554	0.974696912	0.036494446	0.036614974	1.351585952	2.166303805	5.019373459	7.019781837	2.258535044	0.742119216	0.750291668	-0.021291587	-0.893032308	0.06647191	0.045180323	0.297480726	0.272951204	0.485353389	29.45682744	21.69668163	18.48326408	8.472932814	41.26487015	27.12346535	16.47147823	200.2417023	18.0359509
E1.0_S7_2D_FeLim_L	Leaf	FeLim	2 d	Sorghum bicolor	11.24888753	5.975951445	1542.361795	3.40600799	8539.855139	11131.60894	47028.77037	648.2232456	29.34545944	89.16368194	0.000679525	0.094995803	11.46427649	24.10944626	0.002510601	0.015700614	0.113712132	0.499157631	14.62395525	0.003759553		0.69068558	0.725761683	0.359269735	0.018241794	0.025969056	0.033361433	0.973389205	0.035905682	0.035996189	1.348662498	2.095533628	4.846767408	6.728681608	2.163751483	0.722407697	0.740027826	-0.019589549	-0.838216043	0.061294314	0.041704765	0.280253863	0.270649479	0.466213332	29.55370397	21.5494099	19.69157035	9.011246295	42.14385765	27.6125621	16.35775509	199.5081058	17.32987743
E1.0_S58_2D_ZnEx_L	Leaf	ZnEx	2 d	Sorghum bicolor	17.92312292	4.919639876	1454.867094	4.408930702	8408.86708	11781.91353	40381.53722	983.4129933	35.4190298	156.6503464	0.00102063	0.121815995	12.52284043	69.68181187	0.002367464	0.006371348	0.08735381	0.703971251	29.37153967	0.00540002		0.691570636	0.72548729	0.369765372	0.017189001	0.024891262	0.032146973	0.976168469	0.034053749	0.034133627	1.336408501	2.237410032	4.800859282	6.6389755	2.227108538	0.736130155	0.739779788	-0.015670033	-0.667254488	0.060334059	0.044664026	0.271103022	0.248491861	0.476536496	29.44815884	22.52155238	19.07430576	8.760625253	42.03090222	27.96931281	17.36628348	203.0420131	18.02107036
E1.0_S46_2D_ZnEx_L	Leaf	ZnEx	2 d	Sorghum bicolor	12.54362742	5.448270997	1307.103897	3.212678188	7404.751975	11338.58886	49623.04639	823.6765747	16.73240964	127.7298987	0.000586357	0.043322655	9.427974858	48.38383879	0.001906534	0.008558306	0.097768903	0.680396128	24.48100063	0.005104437		0.703639327	0.73224257	0.387147365	0.019654795	0.027262001	0.034520363	0.976522851	0.031102835	0.031162234	1.31586427	2.377257389	4.944799533	6.711257538	2.325165046	0.744624135	0.741457682	-0.018318289	-0.794172411	0.060303106	0.041984818	0.293711374	0.249657097	0.49383827	30.50563039	23.3354472	18.59959755	8.584982627	42.812513	28.86025908	17.85675714	211.9313262	19.64209677
E1.0_S50_2D_ZnEx_L	Leaf	ZnEx	2 d	Sorghum bicolor	17.54437592	7.654198691	1468.753029	2.478333963	7388.083944	11652.52835	44149.82304	759.366394	14.25065043	95.73691921	0.000699693	0.07268595	8.935988833	36.08409161	0.001173379	0.008268342	0.094289408	0.587833648	20.33730824	0.004112289		0.751651704	0.788242583	0.39680494	0.022559743	0.031566804	0.040095503	0.976947821	0.033250472	0.03328878	1.341067308	2.435222776	6.385124418	9.014913638	2.368472434	0.804440585	0.801315259	-0.024963367	-0.967399066	0.098082889	0.073119522	0.3835508	0.317353896	0.517160465	29.12856869	21.19396434	16.29961122	6.530116294	38.22979556	25.22758326	15.85381169	195.1590458	18.61392162
E1.0_S8_2D_ZnLim_L	Leaf	ZnLim	2 d	Sorghum bicolor	21.12655038	3.221521349	1364.55327	3.236822642	6419.840074	9253.273796	34933.42998	841.7039096	434.3766616	119.1765628	0.00211296	0.055509995	9.013806113	30.95984214	0.016931021	0.006564212	0.071444251	0.635852472	19.14366934	0.00331105		0.69351234	0.72151546	0.387932888	0.019799315	0.02705881	0.033963063	0.97521503	0.033574348	0.033647287	1.335100618	2.281764342	4.657944054	6.442068949	2.318464822	0.738332814	0.729433441	-0.017665181	-0.774031091	0.054993306	0.037328125	0.274285952	0.244517328	0.489612205	30.38746797	23.42291114	18.81843775	9.031439878	43.18873874	28.90243396	17.99983575	211.5754745	19.43945034
E1.0_S9_2D_ZnLim_L	Leaf	ZnLim	2 d	Sorghum bicolor	16.48253034	5.53565672	1429.227905	3.217296297	8036.811409	10423.21142	41980.65237	759.7124552	24.57473417	136.5629553	0.001016392	0.128273451	10.87622576	24.26368321	0.001680987	0.003446249	0.096587139	0.586451075	17.80066816	0.003351843		0.712546597	0.739518899	0.410692467	0.016179636	0.024231892	0.031659641	0.974403528	0.035160863	0.035200952	1.372366806	2.354888184	4.992878184	7.032415685	2.461019094	0.789577453	0.751680238	-0.020677591	-0.897167448	0.063110537	0.042432946	0.305200373	0.247599526	0.517808049	30.91625186	21.36017213	17.56366001	8.28285462	42.79478656	27.51472522	16.25010872	216.6918687	20.7465175
E1.0_S49_2D_ZnLim_L	Leaf	ZnLim	2 d	Sorghum bicolor	18.64104318	4.169999807	1304.822053	2.719398363	7779.88318	10092.51463	40285.04869	621.5559436	17.85764447	104.195268	0.000360632	0.033567274	9.875554554	18.39613683	0.001226987	0.006816484	0.088683342	0.462188958	15.54487674	0.002454619		0.712743073	0.747710213	0.384699064	0.016877384	0.025518578	0.033623852	0.975153296	0.037417741	0.037491181	1.350343075	2.222880314	5.405504937	7.496148434	2.302607849	0.759897795	0.763542792	-0.022241564	-0.956082478	0.068705931	0.046464366	0.305373021	0.280890809	0.497289693	30.63818492	21.87836347	18.588969	8.342598187	42.31161914	27.72967053	16.4553198	208.3132794	19.11499631
E1.0_S14_4D_Ctrl_L	Leaf	Control	4 d	Sorghum bicolor	28.86154719	5.458761574	1483.880241	2.820356742	6466.105018	10053.49846	41189.37497	721.1516149	19.75479048	95.72944469	0.000605296	0.074552743	9.828256722	18.38142453	0.001677795	0.00694056	0.092173882	0.533794384	18.11608268	0.003616672		0.70769252	0.739274799	0.38295842	0.016860585	0.024433528	0.031793761	0.973098355	0.035716008	0.035726248	1.364657351	2.239562178	5.012829369	7.076225982	2.296083287	0.765444422	0.753207528	-0.019894971	-0.83386897	0.066647598	0.046752627	0.303408886	0.263398763	0.49229048	29.6619095	20.65599559	18.19840401	8.229252528	41.36869137	26.67352089	15.6545785	203.4830933	18.66236669
E1.0_S68_4D_Ctrl_L	Leaf	Control	4 d	Sorghum bicolor	9.951232466	5.858004405	1622.85285	1.777559331	8026.582165	11861.00391	56107.28954	602.996283	14.32453895	78.92451367	0.000669593	0.177887083	9.223860805	33.29845144	0.001173243	0.001985156	0.124985652	0.52205265	17.0505994	0.004550047		0.713447188	0.746388918	0.383530803	0.020565174	0.028394615	0.035894453	0.969619073	0.041569218	0.041639654	1.418865086	2.150815696	4.950810983	7.294235286	2.294039518	0.793623488	0.758887788	-0.019806693	-0.852968465	0.067089567	0.047282873	0.298348894	0.27604637	0.493558706	30.72435871	19.95216891	18.70138066	8.335519541	42.38088516	26.23340172	15.14455909	208.7670896	19.21617409
E1.0_S72_4D_Ctrl_L	Leaf	Control	4 d	Sorghum bicolor	29.97603268	6.94170948	1525.265667	3.143964281	9217.123845	11257.04187	51920.10505	1300.539754	22.53025946	170.3221624	0.000777627	0.528613442	13.24231747	31.32593966	0.002061094	0.011047576	0.099168205	0.996047554	29.47998294	0.005260099		0.711878891	0.736131583	0.417013554	0.020826514	0.02820279	0.035318317	0.973873094	0.037848458	0.037833536	1.367247622	2.432303263	4.845197906	6.833178986	2.503043117	0.792542	0.743157606	-0.01935968	-0.852035283	0.057681889	0.038322209	0.3018035	0.236353819	0.521574871	31.33037001	20.66342633	17.54321117	8.398257803	43.44851961	27.96171828	15.60349944	222.2058245	21.58993999
E1.0_S24_4D_FeEX_L	Leaf	FeEX	4 d	Sorghum bicolor	18.4024068	5.419305124	1706.977729	2.629282726	7821.5551	11807.9423	46154.05857	820.7253258	235.9287287	81.91266955	0.001695737	0.050387395	9.641042535	54.84596988	0.012763452	0.007027239	0.119875363	0.539986122	18.16037642	0.00323207		0.718490075	0.74903211	0.394501464	0.020108486	0.028072965	0.035336296	0.973597662	0.035582286	0.035634249	1.35160967	2.301805644	5.25971753	7.38087958	2.365282149	0.770649034	0.761621915	-0.02230137	-0.958812871	0.068171392	0.045870022	0.314357111	0.275568179	0.50588856	30.89036862	21.9761619	18.13405776	8.168976694	42.43147887	27.67890936	16.59048354	212.0284009	19.84394339
E1.0_S5_4D_FeEX_L	Leaf	FeEX	4 d	Sorghum bicolor	12.24273984	4.928623417	1466.740858	3.534314429	7205.975723	10461.39113	41292.57747	1368.81986	84.66909161	80.71066115	0.003687446	0.121566888	10.00128776	119.6901123	0.003586852	0.010253972	0.105077842	0.779892962	18.02396081	0.003866076		0.727945407	0.757051641	0.408098425	0.020770765	0.029240553	0.037161454	0.970243431	0.04056936	0.040611694	1.413174737	2.282963292	5.152483358	7.625066476	2.436150728	0.816650969	0.76845592	-0.021831306	-0.944408601	0.070893709	0.049062402	0.317526135	0.277329548	0.518075513	31.49046138	20.33043408	17.68520181	7.916279813	42.59302712	26.47890083	15.36975765	216.1710667	20.76803492
E1.0_S55_4D_FeEX_L	Leaf	FeEX	4 d	Sorghum bicolor	10.86756242	10.18865272	1603.31045	2.586968437	7708.234022	10451.07409	43187.60428	580.0679462	43.14154702	87.98022623	0.000844041	0.07242481	9.407664317	23.71211989	0.001377694	0.011301165	0.12713901	0.416039943	15.47659455	0.002807641		0.692260932	0.731520314	0.34825473	0.021137239	0.029018186	0.03655778	0.9745854	0.036780986	0.036865837	1.338119958	2.037650643	5.011280809	6.951063162	2.101838369	0.706397274	0.746879083	-0.019828503	-0.846785721	0.062831712	0.043003209	0.27709867	0.290324609	0.455915661	29.56333468	22.23825329	20.22266655	9.058849049	42.01697624	27.91284008	16.84575953	196.1674905	16.5588668
E1.0_S23_4D_FeLim_L	Leaf	FeLim	4 d	Sorghum bicolor	12.321904	6.331847728	1539.22732	4.350608112	8798.269639	13187.9105	48205.86731	1597.764582	22.22976591	107.8374915	0.005389828	0.11973907	12.5965022	163.5003913	0.002394247	0.008456743	0.139346332	0.890183776	24.34342175	0.004413389		0.724198886	0.764303756	0.368306186	0.019601482	0.028400614	0.03676165	0.975256685	0.035627215	0.035711638	1.357028893	2.161143349	5.712116978	8.148900139	2.203311878	0.761072589	0.781405587	-0.021626025	-0.889391607	0.08077784	0.059151815	0.316315433	0.311310554	0.483494349	29.78339305	21.24041669	18.58531647	7.769218421	40.52825734	26.2935658	15.86828879	197.2175678	17.5810082
E1.0_S54_4D_FeLim_L	Leaf	FeLim	4 d	Sorghum bicolor	24.12498004	9.767610181	1631.655142	3.787547292	7569.68761	12567.94732	45158.56784	1318.830427	18.64710658	137.5772893	0.003785492	0.110912589	12.0772977	102.7084412	0.00269278	0.01038732	0.133108944	0.783232341	19.02056796	0.005064956		0.719815084	0.75520174	0.379586927	0.019701656	0.028218852	0.036133841	0.972988549	0.037823746	0.037888729	1.377943119	2.219943197	5.308110341	7.632016748	2.272082812	0.780451193	0.770915347	-0.019924102	-0.824120279	0.075343173	0.055419071	0.311563965	0.285774404	0.492360111	29.77369817	20.45683872	18.15091353	7.815172883	40.77983082	26.08150484	15.48137518	201.149888	18.38886908
E1.0_S27_4D_FeLim_L	Leaf	FeLim	4 d	Sorghum bicolor	14.49907453	10.35680767	1511.131886	3.015316944	9235.851607	13164.90524	48517.18511	697.3781204	22.17850278	104.0044594	0.000723299	0.094840608	12.90167992	27.05265342	0.001516146	0.020547158	0.125095959	0.51979065	22.02473298	0.004416358		0.732479779	0.763618884	0.40123014	0.020513529	0.028953724	0.037138308	0.972868164	0.039471501	0.039544174	1.387920655	2.29594173	5.418731696	7.908498247	2.393014575	0.803996055	0.774518332	-0.022145499	-0.963756187	0.074135053	0.051989554	0.320513305	0.290060157	0.513556986	31.87699276	20.82861237	18.11304764	7.887213559	42.83502564	27.09055902	15.61622794	216.7793145	20.61907245
E1.0_S57_4D_ZnEx_L	Leaf	ZnEx	4 d	Sorghum bicolor	14.15672277	4.197933092	1223.020653	2.041084271	7328.509991	12545.1666	44932.75425	611.7387488	13.47924851	84.95960456	0.000534096	0.118619766	9.733385347	101.6727606	0.001261712	0.015619731	0.094308359	0.478270034	24.08474545	0.004325722		0.698817491	0.747591156	0.334469492	0.020385599	0.028706535	0.036548473	0.968009489	0.043967042	0.043993223	1.448541657	1.88489902	5.098108006	7.694592748	2.035572519	0.767469245	0.77372817	-0.016020151	-0.693088024	0.069072058	0.053051907	0.259269016	0.301926289	0.447837725	30.23329976	18.90184511	21.16404198	8.85807903	42.57669201	25.70859526	14.28059467	196.489026	16.17466957
E1.0_S69_4D_ZnEx_L	Leaf	ZnEx	4 d	Sorghum bicolor	15.15781562	4.209722828	1157.792314	3.279044244	7031.954409	13472.29849	46639.96637	553.7229668	11.12681424	83.85926136	0.000744049	0.05688138	8.111484915	108.1156982	0.001229615	0.008009532	0.111051353	0.446332499	21.4101147	0.015947197		0.698366865	0.747057092	0.332474692	0.021920319	0.030136872	0.037873654	0.971745405	0.039933879	0.040028499	1.403277804	1.922758539	5.232465462	7.64349813	2.023551704	0.74148346	0.769328132	-0.016293792	-0.722893419	0.066263779	0.049969988	0.25445516	0.30656247	0.444934789	30.98387491	20.85967598	21.82109916	9.17043896	43.67858824	27.26958444	15.68918825	201.1096738	16.41382358
E1.0_S11_4D_ZnEx_L	Leaf	ZnEx	4 d	Sorghum bicolor	14.444382	7.882011671	1418.850078	1.95915719	8986.43956	16198.51857	51898.83637	637.9026993	12.52894582	81.59734739	0.001058979	0.167577212	10.35089918	136.8017902	0.001819707	0.007945318	0.128890787	0.449888957	23.25817031	0.005126172		0.672198044	0.729158577	0.301750192	0.019552655	0.027468235	0.034779365	0.973680067	0.037745889	0.037834525	1.362354756	1.82193453	5.09055218	7.192079434	1.883721023	0.679922118	0.75768213	-0.014709824	-0.622338436	0.06387819	0.049168366	0.2359622	0.30133168	0.409838239	28.43913614	20.80694863	22.38323734	9.524733523	41.71684021	26.89355057	15.66695956	181.770038	13.31955469
E1.0_S76_4D_ZnLim_L	Leaf	ZnLim	4 d	Sorghum bicolor	18.10354227	10.93046572	1576.370171	3.770225332	7638.935543	10573.20433	50228.8554	595.3799763	18.92093987	80.41895784	0.000828096	0.144809265	8.953970914	18.53575502	0.001412139	0.005602634	0.124284975	0.467554295	22.53919341	0.005550721		0.723917724	0.756546049	0.389860164	0.020992162	0.029613903	0.037583776	0.973160126	0.039534027	0.039635767	1.393077845	2.21980843	5.232761308	7.64477417	2.322344165	0.791357233	0.768527921	-0.021125825	-0.901705474	0.073110469	0.051984643	0.312289681	0.288251478	0.500427796	30.89870173	20.25719352	18.29286227	7.996861364	41.97832424	26.47288658	15.20867828	209.0662037	19.47058242
E1.0_S38_4D_ZnLim_L	Leaf	ZnLim	4 d	Sorghum bicolor	26.94848465	3.583874561	1800.404672	3.31999138	7715.869301	12319.98149	42528.65816	1208.998959	24.19737596	112.633834	0.002293807	0.060118695	10.46856763	58.13253905	0.001219802	0.005904955	0.095178519	0.796321426	25.45314559	0.004692507		0.739216924	0.767271936	0.424287754	0.020353577	0.02883087	0.036716355	0.970057976	0.04083976	0.040887128	1.416070331	2.383326875	5.466380443	8.060691346	2.543935081	0.842385752	0.780958474	-0.023372039	-1.010042413	0.075035254	0.051663214	0.33561044	0.277354294	0.537232698	31.94588338	20.1898891	16.92133328	7.5139364	42.5279798	26.28962919	15.1120571	220.3450973	21.77434694
E1.0_S17_4D_ZnLim_L	Leaf	ZnLim	4 d	Sorghum bicolor	9.375560831	4.86320287	1366.735996	2.608736886	6887.958943	9428.044137	47326.35957	865.7838677	31.9036381	91.85906217	0.001158743	0.061070579	10.11767171	71.33209432	0.001471492	0.009690942	0.103465176	0.647750884	20.61405012	0.003371961		0.745735563	0.773728203	0.421378227	0.02216164	0.031041441	0.039221021	0.974479124	0.037173636	0.037212083	1.378614713	2.468887827	5.708827541	8.249916587	2.525733356	0.828455677	0.784186462	-0.024022597	-1.026995437	0.079409689	0.055387093	0.350574176	0.2871542	0.535743107	31.88110901	21.20020687	16.86172149	7.29509158	42.11302177	26.80703651	15.83937953	219.0855783	21.60180593
E1.0_S25_7D_Ctrl_L	Leaf	Control	7 d	Sorghum bicolor	13.8675751	4.067018305	1562.963732	1.832985393	7251.833284	10726.07705	50553.9911	894.9870376	18.81723213	77.71246743	0.001683049	0.042935371	8.379985709	53.18490873	0.00201748	0.009868749	0.123055819	0.604104215	15.5841129	0.002791765		0.732001653	0.757341514	0.425896503	0.019756506	0.027944463	0.035613225	0.97172255	0.036845629	0.036839993	1.385487041	2.515161512	5.202696636	7.545257684	2.56233099	0.828629103	0.767827914	-0.020015598	-0.840829972	0.070481972	0.050466375	0.331565491	0.251502774	0.535334964	30.75046479	19.44095849	16.36639337	7.417762527	41.50847202	26.00601605	14.63749655	215.8501019	21.36680088
E1.0_S29_7D_Ctrl_L	Leaf	Control	7 d	Sorghum bicolor	9.869866203	6.807441263	1494.27843	1.964159102	6763.96979	10015.21714	43960.88824	734.0691634	30.23620576	81.89809176	0.001165245	0.078248894	8.916727975	28.08201386	0.002257588	0.008731201	0.107140454	0.454417198	15.47498451	0.0032798		0.716838299	0.752404491	0.370003163	0.023141093	0.031691623	0.039585121	0.974357755	0.036456905	0.03649358	1.356273881	2.222610574	5.255916577	7.491615269	2.213279657	0.761473258	0.764483088	-0.01855513	-0.783651948	0.071721797	0.053166667	0.300044599	0.289565401	0.480503253	30.27474037	21.17839168	19.00519335	8.121891583	41.64429505	26.97073257	15.97888148	203.346078	18.32785346
E1.0_S10_7D_Ctrl_L	Leaf	Control	7 d	Sorghum bicolor	15.7614263	7.780864651	1750.37415	2.55075784	7124.774704	11856.01198	43137.80871	741.1668965	20.05721715	90.64990843	0.000663166	0.106383316	10.02896206	19.37861825	0.001061788	0.006552946	0.116758235	0.476572319	16.39174904	0.002986404		0.233936088	0.240127721	0.142572922	0.002645427	0.004130272	0.005487557	0.99065964	0.012525128	0.012564582	1.114280577	1.305262593	1.463756553	1.638983434	1.347611198	0.206842117	0.246378992	-0.000949305	-0.056467788	0.002799087	0.001849782	0.055197262	0.039273339	0.159860192	13.915288	47.45785044	44.1062555	37.51439043	59.21132777	50.78288995	43.99246606	106.0355629	-12.8719263
E1.0_S4_7D_FeEX_L	Leaf	FeEX	7 d	Sorghum bicolor	1.263530957	0.666156964	167.7269947	0.164285065	828.5743603	1215.125925	4456.289432	55.75367997	3.701099749	6.985499265	5.19955E-05	0.008964989	0.873028015	1.832931333	0.000126582	0.000847075	0.01027912	0.03619775	1.348861385	0.000224548		0.706701417	0.735757636	0.386049553	0.022000396	0.029733862	0.037040474	0.975261917	0.035667238	0.035705333	1.347462592	2.265224738	4.873087489	6.864981859	2.303020604	0.751741406	0.745635293	-0.020122925	-0.842015192	0.065091084	0.044968159	0.302854574	0.264748308	0.490714291	29.57091679	21.524016	18.08643467	8.288352878	41.19583466	27.10845379	16.35158572	203.1140014	18.72706649
E1.0_S16_7D_FeEX_L	Leaf	FeEX	7 d	Sorghum bicolor	17.19905516	3.85096725	1755.685552	1.995670509	8603.3342	13552.7139	41668.71843	890.2842506	38.35778332	91.11666738	0.001263169	0.050685062	9.991613624	44.8164595	0.00166312	0.010372727	0.104651276	0.483374579	17.06949954	0.00244033		0.718795782	0.74517195	0.403514395	0.022078628	0.030307843	0.038136566	0.973162281	0.037948615	0.038041461	1.373334924	2.339311708	4.898699104	7.084214533	2.40286205	0.785508358	0.752531505	-0.020092242	-0.851355349	0.066624235	0.046531993	0.311577271	0.26383036	0.507990385	30.45706044	20.94532822	17.55730754	8.014442132	41.71108284	26.75858515	15.84199068	210.5557374	20.09413866
E1.0_S73_7D_FeEX_L	Leaf	FeEX	7 d	Sorghum bicolor	11.78231852	7.625290239	1791.597648	2.708730107	7326.299792	12574.40813	42435.36383	688.3345311	40.88778932	64.72714606	0.000985611	0.109924834	8.831479327	17.28315762	0.001467184	0.00639549	0.111792891	0.44766039	12.62725012	0.003130006		0.689250842	0.71987633	0.371296988	0.019342864	0.026981651	0.034139083	0.974626196	0.036066231	0.036151508	1.349402163	2.161091085	4.545314764	6.412575802	2.219599625	0.726777068	0.729994895	-0.017171549	-0.744606241	0.05778715	0.040615602	0.267402026	0.255489	0.47212088	29.88783858	21.90740276	19.44216337	9.124079433	42.68097295	28.05620389	16.76495568	204.9537293	18.17179163
E1.0_S15_7D_FeLim_L	Leaf	FeLim	7 d	Sorghum bicolor	12.63255602	4.079701343	1573.423082	2.274811676	6504.547189	10179.62029	41312.33117	995.5669301	13.6435694	105.9704716	0.001289947	0.035967088	9.206304175	35.35550785	0.0015314	0.00888848	0.111000188	0.640486489	18.73046229	0.003132622		0.613557458	0.684671141	0.249935341	0.013383082	0.020579038	0.027307495	0.968973583	0.043173388	0.043266251	1.420191946	1.515846545	4.320286724	6.296865963	1.673317627	0.61755216	0.733170443	-0.009743429	-0.423511986	0.050960031	0.041216602	0.174368574	0.2777037	0.345776884	26.66914678	19.4779245	25.86035282	11.52348331	42.76714292	26.34563892	14.93207206	164.3178976	8.740678744
E1.0_S34_7D_FeLim_L	Leaf	FeLim	7 d	Sorghum bicolor	11.34585375	3.974792693	1576.855748	1.791531704	6812.853023	11807.17983	40939.69608	774.4535446	91.16782552	102.6182301	0.001385058	0.039694554	10.15796427	26.29161465	0.004608666	0.006991299	0.099724055	0.504443675	18.05564187	0.003467675		0.5827204	0.666932654	0.221924541	0.011566087	0.018342184	0.024628474	0.972534123	0.037971594	0.038045719	1.378688125	1.424834699	4.512958804	6.275275116	1.574161572	0.554077542	0.735390553	-0.009711815	-0.41936857	0.046708238	0.036996423	0.158595663	0.277831723	0.314021058	25.1626116	20.76698226	27.29588237	12.40260891	42.57025668	26.99388657	15.67239689	150.52322	5.853505447
E1.0_S59_7D_FeLim_L	Leaf	FeLim	7 d	Sorghum bicolor	5.995336518	4.230974178	1573.286166	1.271327543	7153.452093	10937.36606	50713.2188	650.0218215	24.67119172	81.50919487	0.001070897	0.074030034	8.715371578	26.1144388	0.001434982	0.011635646	0.123016081	0.47277621	14.18973756	0.003061076		0.570974662	0.656566563	0.211017914	0.014476115	0.021298635	0.027587431	0.972270741	0.038720575	0.038830645	1.374046546	1.384125137	4.294116325	6.012949611	1.535859432	0.528494434	0.724588338	-0.009567163	-0.403390027	0.045045411	0.035478248	0.155724995	0.279287992	0.298115035	24.07458578	19.98549622	27.31333337	12.56203221	41.53327943	26.53992706	15.25900785	141.3537794	4.543362315
E1.0_S19_7D_ZnEx_L	Leaf	ZnEx	7 d	Sorghum bicolor	25.22579824	4.930273758	1199.841292	2.403007279	7781.012459	11936.12873	45351.47373	1007.939441	21.28777193	108.7280983	0.001197683	0.048594647	9.293647375	125.7635952	0.002039444	0.012885985	0.086084214	0.648871258	27.91797019	0.004481141		0.732600851	0.762330166	0.402948867	0.02181561	0.03024464	0.038164827	0.974608878	0.035740511	0.035789553	1.363656102	2.37868661	5.42218595	7.787278152	2.405425252	0.796381432	0.772552423	-0.022438417	-0.902245674	0.079393748	0.05695533	0.345065751	0.283162296	0.514499507	29.45777936	20.03669356	16.67075899	7.248104998	39.69348885	25.65187128	15.08134673	201.7052572	19.24285434
E1.0_S67_7D_ZnEx_L	Leaf	ZnEx	7 d	Sorghum bicolor	14.48494939	8.998418191	1274.932006	2.233372514	8602.732574	14405.5608	50151.54564	663.5155245	23.52626843	83.54002942	0.000788766	0.041772517	10.06023304	113.9289201	0.001130137	0.007491357	0.117682075	0.426437608	26.54390586	0.004794082		0.701410642	0.740892034	0.350214761	0.020599688	0.028938252	0.036774987	0.975017373	0.03287581	0.0329438	1.34983282	2.11838839	4.97056638	7.120094394	2.109736202	0.730758669	0.754807109	-0.0169032	-0.683643429	0.07091001	0.05400681	0.286501568	0.285368364	0.457587943	28.36828395	20.91911789	19.10924847	8.218622872	39.96151124	26.15291705	15.93652877	189.0814456	16.1488757
E1.0_S58_7D_ZnEx_L	Leaf	ZnEx	7 d	Sorghum bicolor	20.04536293	4.189369241	1337.136345	3.022555078	7390.341441	14140.23215	48657.60573	811.8096621	19.64880909	91.22867705	0.000776171	0.101627673	8.92829948	130.3614116	0.001094851	0.012091922	0.092248595	0.570064994	27.41072739	0.005105748		0.720779118	0.755044418	0.38235416	0.024113287	0.032715596	0.040695646	0.972643874	0.040856261	0.040920595	1.386014314	2.176791145	5.218993463	7.616071545	2.280018924	0.777623723	0.767730762	-0.020779199	-0.894002961	0.071752121	0.050972922	0.3044797	0.295295588	0.493076261	31.01075586	20.49449703	18.82410178	8.190048192	42.38948335	26.91211029	15.38110641	208.9691209	19.17017244
E1.0_S46_7D_ZnEx_L	Leaf	ZnEx	7 d	Sorghum bicolor	12.58865453	4.100234413	1169.316917	2.172743926	6573.875263	13388.84659	45966.96011	559.7309474	16.15324456	64.29744697	0.001657166	0.116362061	7.231147671	114.7693402	0.00161477	0.002212472	0.089652187	0.447561651	20.95530728	0.004579506		0.743032383	0.780911901	0.387302827	0.025135953	0.034612426	0.043255302	0.971681993	0.040844441	0.040922932	1.399679033	2.219711598	5.859373823	8.745574991	2.308080935	0.810794443	0.795399812	-0.023155959	-0.963624395	0.086438528	0.063282568	0.33957707	0.323927947	0.505010168	30.9209443	20.3107896	17.98547609	7.331671138	40.99855401	25.70082585	15.13371866	205.3570056	19.19064518
E1.0_S50_7D_ZnEx_L	Leaf	ZnEx	7 d	Sorghum bicolor	18.14013291	3.907747777	1251.498004	2.131605357	6842.844205	13976.03196	45665.98965	766.593447	18.13669013	85.61022437	0.000735272	0.091198747	8.284390371	121.7749952	0.001240936	0.007692561	0.092259984	0.544852076	26.24983453	0.004607722		0.739502239	0.770941024	0.407154856	0.021204663	0.030111568	0.038355247	0.972359574	0.038934144	0.038974031	1.395511107	2.358833429	5.551898387	8.179763063	2.429482713	0.823283999	0.784098705	-0.022530044	-0.923009555	0.083173819	0.060643775	0.346664562	0.290111643	0.5209159	30.29588485	19.92539386	16.80303324	7.163934287	40.38805802	25.39117865	14.96084759	206.4522424	19.91661304
E1.0_S40_7D_ZnLim_L	Leaf	ZnLim	7 d	Sorghum bicolor	9.196781432	5.193279183	1644.915719	10.31687299	7491.581419	11395.28271	42178.65535	687.3378839	58.13583575	61.33486916	0.00103429	0.084803034	7.021440838	19.98427862	0.002247713	0.005230918	0.107279452	0.509213917	16.90043641	0.003211162		0.365088007	0.37261753	0.235198884	0.007202855	0.009422863	0.011594372	0.983628816	0.021684743	0.021680441	1.190484927	1.549477782	1.835841225	2.200631986	1.653962238	0.352885917	0.376727937	-0.002400292	-0.130238088	0.005502407	0.003102115	0.082806438	0.060818451	0.271186051	19.80940531	37.22595058	32.77304159	25.95735373	53.81381208	42.12239775	32.99559187	161.9542271	2.634114097
E1.0_S18_7D_ZnLim_L	Leaf	ZnLim	7 d	Sorghum bicolor	9.839568727	5.023573097	1531.120361	1.560631064	7104.812389	11025.72605	43530.34845	657.6018201	27.35635331	77.85320572	0.002294646	0.048300816	8.030373153	33.59635747	0.001168704	0.004784526	0.112682354	0.430327952	13.07030867	0.002239629		0.714280368	0.743699978	0.389491056	0.022666535	0.030953494	0.038716436	0.974426544	0.036883849	0.036967172	1.352298541	2.292277661	5.002582277	7.091589043	2.324030949	0.763441693	0.752156241	-0.020255523	-0.854224678	0.066883335	0.046627812	0.307139045	0.272405763	0.496044749	30.12294004	21.32681833	18.06174226	8.154463042	41.51756311	27.07092541	16.15055395	206.0878113	19.16034366
E1.0_S33_7D_ZnLim_L	Leaf	ZnLim	7 d	Sorghum bicolor	10.5211491	4.334019096	1515.063593	4.242605129	6274.743736	11235.00539	39968.44596	635.4855166	28.00611801	59.12954694	0.000543677	0.044283197	7.023770077	14.9289429	0.001028673	0.002570759	0.09938939	0.427415395	14.96095837	0.003052926		0.731630515	0.756566394	0.42023828	0.019424208	0.027754657	0.035477689	0.974072858	0.037501987	0.037513856	1.380588944	2.471353554	5.140387555	7.472779142	2.522996337	0.817012517	0.765800697	-0.020743602	-0.855375583	0.07383933	0.053095728	0.335578604	0.259066687	0.528959939	30.16924894	19.15885913	16.31096862	7.349251825	40.70302984	25.64772527	14.48256448	210.5806115	20.58585287
E1.0_S71_14D_Ctrl_L	Leaf	Control	14 d	Sorghum bicolor	15.13490574	9.248859989	1842.745898	2.08432533	7845.133987	13339.05287	46173.43158	583.6810787	19.68259443	88.40564425	0.000812875	0.05263638	9.980698569	21.46721596	0.001573863	0.004673527	0.118688292	0.387131735	16.21782866	0.002985121		0.729579274	0.761774198	0.399333385	0.016412352	0.025061149	0.033461113	0.970688726	0.043530718	0.043591839	1.421433211	2.283345116	5.280478231	7.867797955	2.384274064	0.826886212	0.777931341	-0.019631982	-0.835195049	0.076158724	0.056526742	0.316863491	0.276065829	0.512070694	31.03818075	19.91680923	17.76706629	7.655255932	41.8081389	25.79129968	14.95432598	211.4933627	20.19031423
E1.0_S41_14D_Ctrl_L	Leaf	Control	14 d	Sorghum bicolor	11.05873736	6.54731556	2101.452369	2.810222812	10267.51365	11388.97992	54596.41221	1266.072461	24.40474552	143.722864	0.002527133	0.134812498	10.54355253	51.96435263	0.00222916	0.012109703	0.131135896	0.932908585	22.28509265	0.003696992		0.762794063	0.778876205	0.501589525	0.020623821	0.028194392	0.035244479	0.967122099	0.042936098	0.042881713	1.472152814	3.020018156	5.170364211	8.082461194	3.162070782	0.95610813	0.781440397	-0.015779734	-0.709716425	0.066727795	0.050948061	0.349238896	0.206009719	0.604285851	34.30776859	18.45504272	14.21026885	6.742206126	44.39512531	26.00171891	13.94464043	248.9806727	27.14437302
E1.0_S62_14D_Ctrl_L	Leaf	Control	14 d	Sorghum bicolor	17.34873111	4.32725453	1821.404983	1.969603179	7494.614057	12190.82156	37767.1961	807.5741996	22.92208676	104.9276923	0.000994638	0.092722504	11.42294556	28.62412445	0.001820983	0.012565669	0.0875985	0.496511133	21.69231905	0.002828845		0.739908903	0.765853104	0.433252799	0.019578534	0.027895143	0.035775041	0.96667099	0.046056129	0.046088853	1.443911852	2.465235875	5.272329929	7.923822478	2.610134498	0.872739181	0.779616496	-0.020989711	-0.895863903	0.073845011	0.0528553	0.339709457	0.256647348	0.545087879	31.58012474	18.84397752	16.30915264	7.278072912	41.96241489	25.43767958	14.2239127	220.1231261	22.2327069
E1.0_S56_14D_FeEX_L	Leaf	FeEX	14 d	Sorghum bicolor	19.50338048	8.929824034	1768.693188	2.768791141	7329.979418	10398.0448	33457.10457	733.35513	44.36259792	77.29124529	0.002873927	0.048304102	8.686833352	14.220179	0.002918908	0.005552555	0.083115524	0.451575886	16.71700694	0.0025708		0.725072909	0.755083386	0.4215613	0.011452149	0.019462271	0.027019724	0.966858513	0.043879075	0.043936932	1.451223139	2.33144335	5.267068099	7.782326302	2.541191119	0.859181075	0.777823781	-0.021065857	-0.897173059	0.071475285	0.050409427	0.321092597	0.24778242	0.536133977	30.88010464	18.44406538	16.7096463	7.616163867	41.93062584	25.20962067	13.87925506	215.7238545	21.1896117
E1.0_S75_14D_FeEX_L	Leaf	FeEX	14 d	Sorghum bicolor	9.6004238	6.316164635	1486.640599	1.222594434	6849.93661	10235.0383	43459.94862	407.9410595	22.5645999	39.85275118	0.000637676	0.085254159	4.722193293	15.93247635	0.001143205	0.009180832	0.108821631	0.26694048	7.956842408	0.001379964		0.718803183	0.752694858	0.385170728	0.017447129	0.026206734	0.034353792	0.974900301	0.03798974	0.038073343	1.354923776	2.235584777	5.40705459	7.617742515	2.296671611	0.765955054	0.769026479	-0.022029541	-0.932832778	0.073036481	0.05100694	0.312171195	0.287540118	0.496474027	30.43745471	21.17978776	18.34377184	8.067430725	41.64257249	27.18083984	15.95826201	206.0104084	18.97498529
E1.0_S60_14D_FeEX_L	Leaf	FeEX	14 d	Sorghum bicolor	6.814971029	3.793520372	1201.148565	1.206146643	6292.505455	7311.984234	44431.38835	396.1827577	21.96172725	33.72534636	0.000540391	0.131416126	4.1996306	13.91220718	0.001459298	0.005744715	0.094865396	0.320369289	6.927089548	0.001115762		0.734885028	0.760275693	0.445509638	0.009011772	0.017213826	0.025213578	0.968467255	0.041318598	0.041314399	1.434220795	2.536492134	5.314581943	7.825870527	2.715058736	0.875281254	0.779320296	-0.021242866	-0.901802271	0.072381533	0.051138667	0.337358806	0.232444219	0.558316331	31.19734357	18.97643609	15.6102696	7.239452208	41.88102692	25.414495	14.35101226	221.451307	22.4675079
E1.0_S66_14D_FeLim_L	Leaf	FeLim	14 d	Sorghum bicolor	6.879354302	6.181578637	1554.363715	2.81087508	8024.92046	12129.23483	53766.07271	547.8766108	7.627658174	84.14825348	0.001113275	0.077789604	9.050997276	33.21742211	0.0015513	0.015381345	0.119836255	0.449908869	19.70179717	0.003366611		0.461871489	0.5705048	0.140699097	-0.018660704	-0.012123144	-0.006015305	0.966984978	0.045004822	0.045077409	1.452740931	1.133210702	3.548011204	5.016188458	1.326374623	0.444898684	0.700801591	-0.003509589	-0.148471828	0.038250241	0.034740653	0.104353783	0.19720177	0.2059077	19.5392992	18.05075124	31.72886257	15.35802966	41.63038107	24.99887468	13.71908776	108.4431986	-3.022249781
E1.0_S53_14D_FeLim_L	Leaf	FeLim	14 d	Sorghum bicolor	13.56252124	4.628070759	1821.119903	2.996323164	8563.514196	12296.93988	50327.26334	1152.820327	16.3841806	170.4679827	0.002778625	0.078157553	10.08677242	92.91327805	0.002100454	0.012655963	0.115432448	0.657304426	23.45964169	0.005337732		0.506119867	0.602679728	0.180533736	-0.004321705	0.002308274	0.008431469	0.967254905	0.044118714	0.044210849	1.447026855	1.228076099	3.853474558	5.468486125	1.443831315	0.502375565	0.717606782	-0.005617014	-0.234401066	0.040266063	0.034649049	0.122875241	0.221634768	0.260457262	21.12065848	18.42574388	28.76021712	13.88449907	41.07046642	24.7530316	13.91550194	123.8915897	1.057629421
E1.0_S26_14D_FeLim_L	Leaf	FeLim	14 d	Sorghum bicolor	13.70793483	6.187181094	1658.171869	2.668580299	6248.211355	9998.571306	38526.30276	576.3771255	34.08202782	65.36502115	0.001419292	0.090078992	8.586313345	35.0772862	0.003380827	0.012537294	0.106515376	0.314312999	13.37818097	0.001848536		0.303558673	0.41375265	0.071463324	-0.02204277	-0.017204432	-0.012634893	0.97094775	0.037340523	0.037438282	1.37993883	0.961431075	2.596665814	3.422588434	1.150128326	0.245339976	0.615905565	-0.001522109	-0.062700574	0.023512024	0.021989915	0.072668298	0.132111279	0.101955391	12.50455873	19.46724667	35.66202449	20.36769946	40.63099554	25.65837471	14.71617759	55.89102983	-13.26538232
E1.0_S47_14D_ZnEx_L	Leaf	ZnEx	14 d	Sorghum bicolor	33.12362315	3.775990058	1281.202665	7.907262428	5056.501513	9128.09408	29564.05026	598.3865663	19.59284945	29.15986124	0.000751858	0.037056448	7.649225698	59.70854021	0.002618045	0.005630613	0.071460259	0.333713715	12.48987536	0.001660231		0.717577474	0.743374036	0.420624487	0.011826287	0.020198504	0.028112327	0.978356933	0.032771866	0.032800064	1.328135975	2.522556581	5.232843521	7.179988508	2.534192042	0.782228375	0.757093265	-0.020272131	-0.84513026	0.067712021	0.04743989	0.316260105	0.238219193	0.529093899	29.91527812	21.32884043	16.41328414	7.727192191	41.17357452	27.53674445	16.36586207	211.8064736	20.51730547
E1.0_S52_14D_ZnEx_L	Leaf	ZnEx	14 d	Sorghum bicolor	9.095632388	4.184986767	1038.980599	2.11484831	6072.435758	12095.17512	42827.11909	455.1761948	15.79490056	32.58593416	0.001615595	0.06604254	6.892193119	102.9904825	0.001058748	0.006673517	0.091237329	0.357193593	13.27495141	0.002301053		0.732651399	0.758540739	0.43966552	0.011592111	0.01949185	0.027096963	0.968587683	0.043655265	0.04365134	1.451905298	2.446092563	5.217161088	7.761396254	2.662187317	0.875314088	0.775572401	-0.021195602	-0.904912531	0.070992206	0.049796603	0.331005661	0.239256658	0.551386063	31.27938638	18.56258065	15.99498944	7.406160474	42.04324795	25.2598208	13.98925573	220.9008949	22.24404321
E1.0_S63_14D_ZnEx_L	Leaf	ZnEx	14 d	Sorghum bicolor	14.37633215	5.122991911	1286.752297	4.32639668	6262.734941	11595.05522	38777.48084	1381.933218	273.3509976	46.36747565	0.006082407	0.11425855	9.132521382	212.3311927	0.011979625	-0.001006052	0.10966001	0.62442611	16.07531003	0.003564402		0.716007874	0.750395598	0.382252622	0.017268233	0.025846118	0.033860737	0.971761805	0.042090489	0.042181427	1.416661329	2.14714336	5.087006289	7.504690912	2.282209648	0.794703922	0.767835607	-0.020088209	-0.840283362	0.072961912	0.052873703	0.304854892	0.280454986	0.493071117	29.95038051	19.24124561	18.23866585	7.999480048	41.1242868	25.50396781	14.49429156	202.6192071	18.56981083
E1.0_S61_14D_ZnLim_L	Leaf	ZnLim	14 d	Sorghum bicolor	11.70269781	5.153885108	1774.896026	3.725192478	6891.093235	9418.910237	38482.4447	1126.670487	23.86821507	66.65536255	0.003972861	0.047423885	5.064530745	103.046052	0.002048298	0.012143217	0.11472217	0.624116364	12.68092536	0.002074713		0.743930876	0.773567394	0.419249348	0.01898114	0.027782372	0.03587311	0.970696843	0.041820204	0.041863435	1.416609574	2.425094198	5.574615365	8.304440495	2.514697632	0.851507202	0.787016299	-0.021695215	-0.92885339	0.079391012	0.057695797	0.340482402	0.278964768	0.534400283	31.85046698	19.61617716	16.95855661	7.278689774	42.12279803	26.04712269	14.69446738	218.6749184	21.55415366
E1.0_S39_14D_ZnLim_L	Leaf	ZnLim	14 d	Sorghum bicolor	12.24057877	4.734253052	1494.04115	6.859784021	6329.043121	7261.150307	29664.4275	579.314282	15.84891652	81.61902708	0.001099412	0.041165189	5.25724361	9.716934823	0.001328566	0.007628179	0.077244309	0.423056358	14.08446262	0.002246204		0.728134471	0.760068538	0.396348325	0.01928893	0.027645167	0.035370828	0.970209045	0.042440923	0.042491934	1.422698729	2.279200409	5.272185764	7.815990087	2.376856945	0.827073492	0.775984962	-0.019672965	-0.839236037	0.073980755	0.05430779	0.317266183	0.275335382	0.510944457	31.061749	19.0837216	17.89196554	7.730002514	41.99008247	25.76710982	14.33027645	211.9235655	20.12701758
E1.0_S21_14D_ZnLim_L	Leaf	ZnLim	14 d	Sorghum bicolor	8.281158092	4.645588259	1453.568485	2.131878101	5875.286546	7627.837676	31547.68938	484.957845	27.23500566	38.10462893	0.000698044	0.035384579	4.436353059	11.60177808	0.001923754	0.007472226	0.092848484	0.290375068	9.53934333	0.001349115		0.719527021	0.750223678	0.399617657	0.018836346	0.027164787	0.035022395	0.973968412	0.038778452	0.038830321	1.363842027	2.322899373	5.206330672	7.400738467	2.387432004	0.782959499	0.761726285	-0.02049223	-0.881187506	0.068460647	0.047968417	0.307012811	0.269987371	0.50920231	30.9404211	21.1374194	17.95505511	8.089790841	42.32041197	27.4678615	16.04255313	212.9051808	20.14103247
E1.0_S20_21D_Ctrl_L	Leaf	Control	21 d	Sorghum bicolor	46.68102789	2.712164993	2041.805347	2.642976126	8645.230809	11061.10627	27250.99588	1450.506436	29.0051261	119.0666094	0.000847382	0.030329482	9.462317634	23.14605289	0.00260618	0.00365513	0.056586803	0.907751027	21.59860609	0.003361898		0.735399945	0.754887672	0.483302206	0.011396344	0.018363111	0.025035088	0.960728992	0.052328134	0.052261248	1.537110648	2.640229515	4.696823203	7.460835262	3.015200696	0.955022075	0.770090417	-0.015305102	-0.691091672	0.057386063	0.042080961	0.308093433	0.188798865	0.586969035	33.20649414	17.59960599	14.9617226	7.497057858	44.44625729	25.22478001	13.4729176	241.9512585	25.72205901
E1.0_S2_21D_Ctrl_L	Leaf	Control	21 d	Sorghum bicolor	20.92137052	9.010930233	1625.526319	2.394298021	6876.208009	9450.473609	27576.29877	652.0615365	61.17048044	84.3938937	0.001557443	0.023514673	8.578508818	18.97636298	0.002321712	0.009108563	0.074380928	0.40829571	13.13821534	0.002115566		0.733517115	0.756184136	0.463187163	0.010346958	0.018017576	0.02529532	0.96358425	0.047842421	0.047829697	1.509102239	2.524580705	4.910618973	7.591814886	2.848929852	0.924692239	0.775624662	-0.018471569	-0.806698522	0.064835417	0.046363847	0.320834474	0.210884464	0.571750254	32.03448269	17.44682322	15.31195625	7.388618012	43.04843145	24.78453086	13.30639518	230.3664593	23.88305979
E1.0_S22_21D_Ctrl_L	Leaf	Control	21 d	Sorghum bicolor	33.84625558	2.966508915	2143.439754	3.227798572	7851.063445	10887.59655	26293.43182	1371.383259	198.8888627	121.9118539	0.001412398	0.28758899	10.18015123	22.44487579	0.010391018	0.009046449	0.059651198	0.901013653	24.75772654	0.003810722		0.75402141	0.773572709	0.505463456	0.014398612	0.022164337	0.029429403	0.969687738	0.042898451	0.04286158	1.45337746	2.90540589	5.509920705	8.248960979	3.203260339	0.938806681	0.787143222	-0.02149712	-0.93700782	0.067144726	0.045647605	0.353790182	0.208828902	0.611315959	32.86598171	19.07571644	13.57810774	6.75236056	42.93954441	25.88561075	14.39237261	239.2099532	25.96950171
E1.0_S35_21D_FeEX_L	Leaf	FeEX	21 d	Sorghum bicolor	45.63469205	2.777363189	2070.797832	2.246081162	6234.538768	9799.559971	34163.73071	914.4667814	47.26923275	43.6073538	0.000412856	0.251615184	4.809750371	10.88946525	0.001204882	0.008763457	0.071106324	0.471693039	13.11383601	0.001943251		0.733977646	0.752029427	0.495413185	0.012906632	0.01957831	0.025823394	0.962443963	0.048654392	0.048612777	1.532438147	2.693533246	4.537572257	7.289909793	3.120014829	0.951487663	0.764315099	-0.013764911	-0.640834269	0.052261335	0.038496424	0.290106262	0.181249215	0.593958075	34.17079991	17.57730581	14.90195596	7.76532991	45.84989826	25.8311824	13.47979452	250.7256416	26.8650737
E1.0_S6_21D_FeEX_L	Leaf	FeEX	21 d	Sorghum bicolor	19.43543214	1.890429914	2199.26491	2.617712177	7869.305589	10728.16929	28810.72761	1033.186948	37.94155436	61.620974	0.000678099	0.023698806	6.20980498	14.9413677	0.001758838	0.005126538	0.059627339	0.698581373	16.77743388	0.002313338		0.733453898	0.753096824	0.485985791	0.011080134	0.018361441	0.025351886	0.965660038	0.047657494	0.047658028	1.470084277	2.696850839	4.921663436	7.414108969	3.032628	0.913644151	0.765744111	-0.019526657	-0.850569715	0.059318846	0.039792189	0.326872774	0.195130981	0.588735978	31.94882188	18.82812046	14.3377511	7.347491381	42.83376422	25.72779716	14.41173417	233.2404058	24.76907217
E1.0_S28_21D_FeEX_L	Leaf	FeEX	21 d	Sorghum bicolor	34.13921197	2.7607763	2708.764873	2.695772103	8444.647847	12511.35592	30411.07646	1333.471426	39.58056191	66.79920759	0.000687974	0.028052142	6.553700761	17.06934174	0.001701885	0.006170716	0.065922171	0.813622228	16.83536456	0.002594658		0.759951834	0.778992468	0.499657811	0.016906941	0.02420299	0.031252935	0.961763565	0.051470675	0.051461486	1.522602179	2.819621372	5.167756607	8.296748979	3.142772593	0.978581674	0.789504195	-0.019045309	-0.838574157	0.069159235	0.050113926	0.355233522	0.213808108	0.604750609	33.46104623	17.80572415	13.97348933	6.677631891	43.25166575	24.80548413	13.409915	240.6234569	26.25619635
E1.0_S12_21D_FeLim_L	Leaf	FeLim	21 d	Sorghum bicolor	20.93112278	3.967312535	2868.626536	5.648113508	9919.650935	13863.32475	34237.81027	2285.812693	9.123160796	398.5349587	0.001422288	0.054765843	11.07086091	26.473416	0.004337184	0.014970394	0.077145733	1.447287107	34.32334115	0.005205659		0.392578051	0.507003267	0.105505187	-0.020360289	-0.014590652	-0.009127303	0.969550847	0.041644994	0.041785313	1.418399277	1.062254525	3.090086268	4.276676777	1.231219602	0.360380555	0.670146477	-0.001222493	-0.052917935	0.031050842	0.029828348	0.081733837	0.163287514	0.152821358	16.99348152	19.142884	35.04834522	17.91467708	42.65498374	26.21550411	14.51029691	88.35894638	-7.899886615
E1.0_S43_21D_FeLim_L	Leaf	FeLim	21 d	Sorghum bicolor	12.43230319	3.919411968	1532.798883	2.85471003	5991.666855	10150.03881	37195.45387	556.4131401	31.57031577	58.59101531	0.000853559	0.068372322	8.575824603	17.05394009	0.002824232	0.014266695	0.108053049	0.306123745	12.68151114	0.002027329		0.238054848	0.337425064	0.051058117	-0.028325073	-0.023868246	-0.019717599	0.96663818	0.043933999	0.044052484	1.46592006	0.853643607	1.993197589	2.796529197	1.101197779	0.196090927	0.574127783	-0.000320184	-0.013601867	0.019416865	0.019096681	0.061008764	0.093073629	0.068379267	10.11290638	17.47546175	38.38708271	23.43353047	41.84029345	24.81703704	13.31850084	36.90213037	-17.55536272
E1.0_S44_21D_FeLim_L	Leaf	FeLim	21 d	Sorghum bicolor	28.83337935	5.363995882	2128.631641	8.366526939	7725.53133	12927.55619	28167.02926	2779.59952	18.22748653	141.8140263	0.011165841	0.126454083	10.88383562	308.9951787	0.00458763	0.015934508	0.126350167	1.194011743	19.48168606	0.003468147		0.420783435	0.542307381	0.114088169	-0.025567365	-0.01926598	-0.013274712	0.968833438	0.043271848	0.043367993	1.459703879	1.067569726	3.369214212	4.743316064	1.255546764	0.403296461	0.69968897	-0.001743302	-0.072824157	0.036459097	0.034715795	0.091052533	0.17443595	0.169022087	17.57767423	17.74540186	33.13201311	16.22787526	41.18680246	24.48520647	13.40617386	93.32663017	-6.116176686
E1.0_S36_21D_ZnEx_L	Leaf	ZnEx	21 d	Sorghum bicolor	11.27601708	4.408154516	1251.383629	5.637017059	4463.615065	7928.564616	26309.45346	1013.679548	158.6477079	30.11550742	0.001385219	0.053684732	6.048212145	50.0373782	0.006415404	0.005114474	0.0546864	0.639274165	12.11710563	0.002079633		0.741464204	0.7647137	0.45858752	0.014860465	0.022865109	0.030400454	0.970368096	0.041858204	0.041851321	1.429715736	2.66902909	5.308334581	7.845649286	2.803721304	0.887801034	0.776489198	-0.018974142	-0.831429183	0.067521018	0.048546876	0.331062897	0.227668431	0.568326108	32.49026913	19.54855812	15.60369055	7.283109011	43.21199285	26.57005481	14.87673095	232.192907	24.02070298
E1.0_S51_21D_ZnEx_L	Leaf	ZnEx	21 d	Sorghum bicolor	8.086438056	3.922317725	1258.806071	2.505029214	6191.194647	9530.523262	34554.24496	768.1243063	66.18487687	31.98498828	0.000957826	0.048182177	7.004077995	68.73730404	0.002899024	0.011082893	0.069155835	0.554901868	13.90729492	0.002295158		0.723368494	0.747392386	0.43879668	0.016718426	0.024210502	0.031154512	0.96970599	0.041281431	0.041275857	1.413662938	2.564242025	4.917496888	7.190592083	2.656611291	0.850691383	0.759464262	-0.016364375	-0.708619833	0.061469942	0.045105566	0.307595991	0.218652654	0.544977564	31.32372937	19.37392164	16.25680279	7.720190165	42.64892518	26.50284487	14.78514422	223.5168353	22.57821707
E1.0_S70_21D_ZnEx_L	Leaf	ZnEx	21 d	Sorghum bicolor	27.69670353	4.462858122	1016.723817	4.401252673	7009.051683	13677.20763	33060.07715	2117.736133	202.21907	176.3895415	0.001550745	0.045384855	10.38527784	161.6096945	0.009071793	0.008380397	0.049530504	1.668702872	38.84990368	0.006902418		0.729420934	0.74368922	0.49338944	0.012792574	0.019100353	0.024975204	0.978952077	0.03175543	0.031621155	1.322793224	3.165185318	5.082128559	6.894356658	3.113861716	0.841312603	0.748515034	-0.015844851	-0.69224639	0.051658028	0.035813177	0.32418717	0.164887665	0.591041459	31.86770265	21.82427905	14.04721658	7.418095263	43.30983842	28.96481306	16.75458513	238.9001323	25.42358408
E1.0_S1_21D_ZnLim_L	Leaf	ZnLim	21 d	Sorghum bicolor	25.38128237	3.36631038	1794.299792	4.542580082	8182.162628	7212.655133	23103.60737	1135.806302	26.47404729	51.84920231	0.000707011	0.027978263	5.206771138	8.023928693	0.00229824	0.004808511	0.049511292	0.803933704	12.43280278	0.001684058		0.747650248	0.766347845	0.504927891	0.012528212	0.019481904	0.02647707	0.962848538	0.050486113	0.050464893	1.514827371	2.79101634	4.977591291	7.861625374	3.203127284	0.963056525	0.779826678	-0.01845928	-0.81791446	0.061636522	0.043177242	0.333043353	0.195783337	0.607281252	33.1277256	18.21559044	13.83572479	7.017147373	43.60783349	25.29735702	13.89060947	241.8312741	26.3217306
E1.0_S37_21D_ZnLim_L	Leaf	ZnLim	21 d	Sorghum bicolor	45.64354902	6.093376956	3174.722617	4.284721077	8337.510578	12653.20892	22052.43766	4067.336946	46.63487478	636.2706943	0.002840911	0.21527615	11.72973386	75.64684037	0.003253325	0.008987337	0.051755338	3.02198668	35.92014131	0.005525077		0.777853265	0.789440751	0.551801513	0.016304321	0.023592876	0.030449108	0.977495502	0.033032549	0.032951603	1.360725511	3.714575289	5.890100369	8.47813584	3.689914637	0.933097758	0.790204634	-0.019304274	-0.836367327	0.068852193	0.049547919	0.400272871	0.18081771	0.648133688	33.70088186	21.66845528	11.74300455	5.960696324	42.85510449	27.96976511	16.3210538	250.1703686	28.30382428
E1.0_S32_21D_ZnLim_L	Leaf	ZnLim	21 d	Sorghum bicolor	23.99426279	3.145433642	2063.935477	3.476425984	8633.854405	8021.603698	24314.90751	1315.891838	38.40164965	69.11683966	0.001427144	0.030904177	5.373216015	11.93510763	0.002103267	0.014467884	0.051595899	0.938025312	14.98536416	0.001715908		0.751850824	0.770471048	0.510774564	0.006132968	0.013456105	0.020678767	0.972250161	0.04010235	0.040059588	1.441807477	2.973875905	5.50528181	8.118454707	3.273209598	0.935600068	0.785880158	-0.020900995	-0.921149704	0.066913439	0.046012444	0.348998964	0.19252562	0.616767673	33.13560678	19.04718416	13.46112543	6.813828296	43.52972284	26.58936832	14.58471238	243.5535367	26.39114301
E1.0_P24_0H_Ctrl_R	Root	Control	0 h	Populus trichocarpa	24.51279575	50.93366462	2831.628169	16.59938386	7011.384131	32133.95918	44165.80708	1585.863752	683.7203154	294.7764126	0.009286764	0.466546381	20.91941143	68.22545802	0.016127714	0.001011701	1.72343546	3.142918613	212.3430099	0.070184781																																	
E1.0_P32_0H_Ctrl_R	Root	Control	0 h	Populus trichocarpa	27.48738059	153.0748691	2821.636962	9.269093031	6810.253662	48810.5333	40177.14286	1673.291508	680.426846	302.0438839	0.011382505	0.322378143	21.35215679	174.6936847	0.01418223	0.014835695	0.907913354	3.282019525	219.7984794	0.064765338																																	
E1.0_P34_0H_Ctrl_R	Root	Control	0 h	Populus trichocarpa	30.96881452	51.29621177	2201.671025	29.3036623	4141.9966	27490.07455	30569.7385	1282.56763	883.221944	607.0104346	0.010293267	0.299313333	17.9556573	167.3422876	0.006368751	-0.011377826	0.572444982	4.015835372	201.3617895	0.063176038																																	
E1.0_P35_0H_Ctrl_R	Root	Control	0 h	Populus trichocarpa	18.24261126	90.15515094	2460.975883	10.38347407	6291.683776	46596.27049	41590.67055	1497.476885	615.9694537	251.0877289	0.006511448	0.288877865	19.92109684	74.21614237	0.011829947	0.012972574	0.376546649	2.87551344	188.4583507	0.060517592																																	
E1.0_P2_1H_Ctrl_R	Root	Control	1 h	Populus trichocarpa	14.82503446	155.7431988	2861.093501	4.249217223	6128.324084	46692.4399	41859.39678	1305.485863	330.0742524	201.3249726	0.00733681	0.236140052	24.56087567	53.3292159	0.006026683	0.006112606	0.54203655	2.457310556	200.3293214	0.050348486																																	
E1.0_P21_1H_Ctrl_R	Root	Control	1 h	Populus trichocarpa	18.34513483	115.8613479	3264.833944	4.931213595	5346.425168	44768.52778	38966.12851	1401.945387	539.6685721	374.5648926	0.010487148	0.21114676	19.95790388	101.766777	0.007591714	0.010118403	0.616237593	2.42428954	180.2704609	0.050489861																																	
E1.0_P27_1H_Ctrl_R	Root	Control	1 h	Populus trichocarpa	14.42307451	107.818339	3081.941996	4.075419515	5372.178151	42646.87308	36632.0629	1177.147316	385.9339112	351.1775835	0.005197689	0.420400152	23.87412486	67.11343498	0.007394006	0.000223335	1.158344355	2.141493836	179.3155538	0.054347795																																	
E1.0_P26_1H_FeEX_R	Root	FeEX	1 h	Populus trichocarpa	53.04030881	230.0802355	3783.302651	11.62145696	5471.229274	52064.09006	28587.732	1738.151214	340.772289	284.172608	0.009453391	0.277186236	14.55276733	74.73578155	0.015113992	0.018906407	0.748463174	3.310762136	172.1180148	0.046291608																																	
E1.0_P29_1H_FeEX_R	Root	FeEX	1 h	Populus trichocarpa	16.28010989	114.7495664	3248.06256	6.682196387	6396.530714	46293.74953	41127.03474	1324.612594	615.4899753	381.8306856	0.007424231	0.164099517	17.80245545	53.57073946	0.009984265	0.013441164	1.024782878	2.282732446	206.0603654	0.05972867																																	
E1.0_P16_1H_FeEX_R	Root	FeEX	1 h	Populus trichocarpa	16.8424326	200.6997158	3313.679426	7.333196491	5780.417658	47966.77819	39888.57695	1360.030608	356.0704619	281.0680791	0.006482081	0.215813224	16.66136819	53.37479523	0.011909877	0.016825822	0.750706937	2.622514358	186.8350452	0.050588308																																	
E1.0_P3_1H_FeLim_R	Root	FeLim	1 h	Populus trichocarpa	27.49171577	341.5269117	3518.824927	10.55698114	6049.492378	46419.28872	32182.40784	1833.841229	356.6339449	260.4107916	0.008509492	0.36480616	25.75518888	63.53331684	0.014980678	0.018722523	0.792605698	3.572796367	166.2904481	0.052456288																																	
E1.0_P23_1H_FeLim_R	Root	FeLim	1 h	Populus trichocarpa	28.603209	225.9656292	2970.374591	8.169304287	6466.298853	48729.35044	36819.99207	1759.35853	513.2429844	243.6886425	0.007713303	0.357415558	30.03426221	52.682701	0.005895338	0.072365771	0.396321237	3.591862127	227.269419	0.067880356																																	
E1.0_P14_1H_FeLim_R	Root	FeLim	1 h	Populus trichocarpa	22.62006185	153.5022019	3037.928328	7.096864828	5292.432979	36559.16878	33767.23838	1327.143325	675.6704823	356.314323	0.006791628	0.4399343	25.16775869	48.80457811	0.021561889	0.025592897	0.594676702	4.030439661	195.1542435	0.053045947																																	
E1.0_P12_1H_ZnEx_R	Root	ZnEx	1 h	Populus trichocarpa	25.21787501	196.6671635	4082.742064	5.251281422	5501.7571	44359.26072	31736.12601	1547.209113	288.8706578	310.5787933	0.00787882	0.474637576	25.53511828	141.5179734	0.011072262	0.000422045	0.657515556	3.78637337	178.1486146	0.052943001																																	
E1.0_P8_1H_ZnEx_R	Root	ZnEx	1 h	Populus trichocarpa	36.63799719	232.240655	4106.924487	8.201862495	6578.751348	55777.31465	27373.94337	1853.561391	482.1824296	653.8533441	0.010855956	0.310460888	20.11119016	155.0740941	0.02085587	0.010463257	1.07318581	3.901375548	174.529128	0.054656882																																	
E1.0_P25_1H_ZnEx_R	Root	ZnEx	1 h	Populus trichocarpa	23.08867725	120.1843535	3129.268995	6.640257697	5834.150105	45500.31956	38158.35973	1519.08213	547.2331471	299.7650637	0.010062613	1.968421225	20.96294455	147.8958614	0.013434171	0.004348139	1.046414731	3.175947548	170.8719484	0.04958054																																	
E1.0_P1_1H_ZnLim_R	Root	ZnLim	1 h	Populus trichocarpa	26.84271814	134.1575191	3782.506769	11.81777098	6896.905496	39648.20687	39668.62693	1507.733924	1022.98174	764.6991567	0.018707104	0.479948039	31.6434666	80.22843487	0.013917151	0.051285749	0.583513994	2.855592698	252.1342909	0.065492163																																	
E1.0_P5_1H_ZnLim_R	Root	ZnLim	1 h	Populus trichocarpa	19.62330676	106.7976549	2418.421199	6.916543308	5146.745553	37018.66379	32301.33164	1242.813068	799.8593546	430.3240832	0.008180762	0.147110413	24.70847419	42.45226251	0.012875918	0.00188052	0.534114165	2.306636772	195.3914182	0.055059196																																	
E1.0_P19_1H_ZnLim_R	Root	ZnLim	1 h	Populus trichocarpa	22.57402307	171.8425082	3179.375718	8.316702684	6423.348409	45677.83653	34661.71841	1441.972634	806.4735145	453.5947823	0.013659136	1.181852117	28.46845152	70.62790473	0.011576859	0.001405994	0.815745192	2.816975321	228.2067317	0.071268488																																	
E1.0_P11_2D_Ctrl_R	Root	Control	2 d	Populus trichocarpa	22.39780655	90.52680076	1703.960958	9.879952426	4578.98528	30587.54038	29792.03735	1424.754001	653.831613	308.7680294	0.006880994	0.139594208	20.9295334	55.89755911	0.012131924	0.012591999	0.314068272	2.431373211	141.9645692	0.058915304																																	
E1.0_P17_2D_Ctrl_R	Root	Control	2 d	Populus trichocarpa	21.04382633	134.9898716	1659.145031	12.79575799	5180.763906	35106.65881	23753.61431	1559.971594	1057.329611	895.0070338	0.017101496	0.273537286	12.87707548	67.22262883	0.013675287	-0.018244081	1.040002998	2.874481498	127.9065054	0.042516928																																	
E1.0_P13_2D_Ctrl_R	Root	Control	2 d	Populus trichocarpa	14.64970671	97.33480635	2143.748714	3.896023298	5080.118338	37718.80621	33989.0222	1227.815181	331.6362522	561.6765349	0.00666722	0.325806258	18.75957162	43.10035919	0.009715953	-0.000230662	0.456469894	2.126112372	156.9397649	0.043144345																																	
E1.0_P6_2D_FeEX_R	Root	FeEX	2 d	Populus trichocarpa	24.68017697	328.2034305	1959.497654	18.66901687	5951.964936	34390.64933	27963.29088	1559.76673	1009.886933	314.3248618	0.006598859	0.277968561	16.73545447	144.8539882	0.011919816	-0.028958523	0.348996332	3.097098377	161.294575	0.048800093																																	
E1.0_P10_2D_FeEX_R	Root	FeEX	2 d	Populus trichocarpa	11.92102657	199.7876463	2066.007159	5.662824141	5811.933315	44174.51902	36835.73485	1310.824678	481.0001608	211.1287327	0.00643145	0.162082075	12.54567456	37.29804015	0.009784567	0.003517531	0.522306319	2.153522617	153.9596401	0.045669732																																	
E1.0_P31_2D_FeEX_R	Root	FeEX	2 d	Populus trichocarpa	22.24211262	233.335239	1885.2334	25.9034361	6348.099775	47093.99011	36908.41988	1572.122889	855.2708759	426.0401588	0.009790387	0.246096763	10.26500498	74.65686015	0.009017619	0.01127107	0.685720495	2.978027613	179.7406422	0.071986433																																	
E1.0_P22_2D_FeLim_R	Root	FeLim	2 d	Populus trichocarpa	38.21119816	102.7494647	2683.818022	21.93088773	4479.362623	40488.01037	33855.24073	1321.709094	226.6053673	338.0852975	0.011506277	0.297749263	72.67056078	84.80089124	0.023659866	-0.008472708	0.51417502	2.528480648	120.2421897	0.040787369																																	
E1.0_P7_2D_FeLim_R	Root	FeLim	2 d	Populus trichocarpa	14.743046	48.5706042	2645.966447	7.209196543	4832.541221	41493.23162	36659.83258	1262.402383	200.959853	353.3347783	0.007582227	0.264871288	59.02253048	61.76603919	0.007699992	0.011991911	0.561783814	2.050111737	125.9393407	0.035285675																																	
E1.0_P30_2D_FeLim_R	Root	FeLim	2 d	Populus trichocarpa	15.9472411	53.38419994	2071.040222	9.598786727	4693.759427	30527.03873	31983.39821	1263.392191	498.1525138	353.5633089	0.004824518	0.208038221	55.64544914	41.22997646	0.010586513	0.013906906	0.619842788	2.268802888	138.3211961	0.037597452																																	
E1.0_P4_2D_ZnEx_R	Root	ZnEx	2 d	Populus trichocarpa	16.53893005	174.4823836	2074.494315	17.52038567	4588.737426	42946.18228	36950.37185	1283.403188	425.3194857	192.6363958	0.004858588	0.158654923	42.51550086	412.2783663	0.011539514	0.005633713	0.398980592	2.345321851	139.3076712	0.040355746																																	
E1.0_P15_2D_ZnEx_R	Root	ZnEx	2 d	Populus trichocarpa	15.19403658	131.1676229	2049.125742	16.697677	5273.293322	41715.34436	36333.6704	1263.532707	454.7519493	245.9875185	0.005035372	0.149829448	37.60945867	407.5584862	0.009375694	0.014334444	0.594528303	2.353862187	157.6488162	0.046220471																																	
E1.0_P20_2D_ZnEx_R	Root	ZnEx	2 d	Populus trichocarpa	17.21549211	141.1605982	2144.45216	7.753011852	5200.391239	45715.98709	34770.93327	1287.67892	629.5244367	298.8887022	0.005029182	0.16664191	33.92728162	421.2429481	0.009835502	0.005073545	0.623035173	2.454931021	154.9433591	0.047480662																																	
E1.0_P9_2D_ZnLim_R	Root	ZnLim	2 d	Populus trichocarpa	14.2192765	147.5577578	2740.824557	8.653669002	5168.032105	39575.41134	36622.65879	1478.69246	383.7896608	616.8228824	0.028728538	0.127719337	15.69543645	73.74280794	0.008706978	0.011281876	0.492784737	2.436527515	134.5932615	0.044001114																																	
E1.0_P18_2D_ZnLim_R	Root	ZnLim	2 d	Populus trichocarpa	14.09531108	92.23261131	2493.796452	19.43608069	6252.269164	40330.5188	36658.89041	1469.716783	883.7686158	562.1624938	0.035034121	0.566365588	18.6219174	68.29898178	0.018864788	0.014041938	0.7227055	2.737103608	200.1501444	0.062565043																																	
E1.0_P28_2D_ZnLim_R	Root	ZnLim	2 d	Populus trichocarpa	16.1697596	137.79823	2550.923422	12.02583945	4897.872137	41495.06806	38453.40367	1329.516155	495.8932243	444.2750536	0.017650973	0.468071588	17.12965476	29.92724276	0.010425312	-0.005213584	0.572898489	2.74694684	163.9849525	0.050174463																																	
E1.0_P11_4D_Ctrl_R	Root	Control	4 d	Populus trichocarpa	17.33872655	39.76157024	2185.118893	3.53063087	4639.025035	30837.58444	31727.70567	1231.995567	539.7225682	267.7929845	0.005118883	0.130325824	15.59547896	41.23118666	0.005264799	0.016156997	0.287467942	2.025510519	123.6030626	0.035282802																																	
E1.0_P17_4D_Ctrl_R	Root	Control	4 d	Populus trichocarpa	24.06174738	57.37395718	2960.773377	5.178704401	5016.858026	38061.27232	35745.30971	1263.408557	528.2618624	291.8379503	0.005954801	0.275328524	15.65320882	44.717696	0.005757704	-0.003410983	0.47048553	2.125840505	151.3895624	0.043245562																																	
E1.0_P13_4D_Ctrl_R	Root	Control	4 d	Populus trichocarpa	16.4224077	40.25811494	2399.533887	4.699369318	5846.808155	37075.47221	36060.50934	1365.965504	827.0734087	399.3677351	0.006425766	0.137959171	14.74791831	41.71370625	0.009525017	-0.000998263	0.691954043	2.363991916	172.6926355	0.050214649																																	
E1.0_P6_4D_FeEX_R	Root	FeEX	4 d	Populus trichocarpa	24.5013294	273.3840761	2099.610739	16.9427673	5280.806762	38424.71166	34673.0254	1350.583893	883.7766876	150.9676392	0.004311446	0.161720696	14.0774416	43.69115721	0.008945667	0.027622313	0.340514237	2.456121359	194.8910488	0.057218438																																	
E1.0_P10_4D_FeEX_R	Root	FeEX	4 d	Populus trichocarpa	12.51912103	275.7108748	1657.835543	6.177144319	4751.231156	30567.95679	30866.56945	1238.157042	566.7748185	228.7410423	0.00387972	0.318967165	9.673649134	29.72796765	0.007856871	0.011875936	0.406355949	2.018130536	128.9309406	0.032748603																																	
E1.0_P31_4D_FeEX_R	Root	FeEX	4 d	Populus trichocarpa	21.77351582	284.7999192	2210.547523	14.90006406	7964.480985	44580.4755	44832.61666	1624.356455	945.524006	142.1035748	0.004598944	0.166837846	15.10006006	39.95593294	0.008494971	0.004895444	0.554562823	2.779265756	236.6719754	0.062647374																																	
E1.0_P22_4D_FeLim_R	Root	FeLim	4 d	Populus trichocarpa	15.97295499	37.15151917	2321.920278	6.744535171	4833.22258	31919.22259	29943.67815	1152.50013	413.2479319	673.2458935	0.013017946	0.092563731	68.38950425	70.66196974	0.006039661	0.011009573	0.424393909	1.974381275	132.9999532	0.039074877																																	
E1.0_P7_4D_FeLim_R	Root	FeLim	4 d	Populus trichocarpa	12.74045117	63.1181009	2624.756898	5.948399813	5057.378697	33618.27956	33425.63484	1213.937702	321.1494644	833.3688474	0.013334675	0.209327251	74.07357238	77.36255114	0.006831122	0.019898463	0.470286201	2.074771057	134.1505429	0.046045053																																	
E1.0_P30_4D_FeLim_R	Root	FeLim	4 d	Populus trichocarpa	13.98417946	42.11660183	2436.834276	8.473605099	5486.397191	33127.08123	34626.1853	1289.683476	290.1882747	478.8360877	0.008311737	0.059448073	68.53696874	53.47065686	0.008479245	0.015029824	0.498788084	2.115739107	152.7530885	0.043033901																																	
E1.0_P4_4D_ZnEx_R	Root	ZnEx	4 d	Populus trichocarpa	12.50085275	67.38027672	1448.631268	5.317111831	5338.900517	34303.35334	31738.82359	1188.447771	814.1193111	218.7853646	0.005626396	0.233753692	45.03753088	694.6724728	0.007929921	0.005419915	0.372748615	2.182370821	116.6574687	0.033375534																																	
E1.0_P15_4D_ZnEx_R	Root	ZnEx	4 d	Populus trichocarpa	22.49054015	57.79215396	1865.5617	9.166910942	5174.818683	37931.98036	33754.25336	1355.077928	823.9568529	184.5229115	0.008920453	0.113494017	48.30101055	675.4010204	0.007059999	0.009024977	0.612732455	2.301514535	142.4075248	0.043638257																																	
E1.0_P20_4D_ZnEx_R	Root	ZnEx	4 d	Populus trichocarpa	19.62532572	39.02569986	1542.468678	10.12345011	5234.755449	27766.58287	29916.55374	1369.769066	1336.161161	376.8696823	0.006770364	0.441820724	43.34594233	650.1626302	0.010693156	0.014960246	0.502370146	2.500457148	147.3190364	0.043260243																																	
E1.0_P9_4D_ZnLim_R	Root	ZnLim	4 d	Populus trichocarpa	26.92051411	35.72896296	2708.488142	34.15383844	5549.771339	41846.3969	35968.08227	1347.27032	289.1199214	323.9316078	0.016749361	0.353587081	15.92833259	33.21634166	0.010149343	0.023117662	0.459357006	2.473240249	129.541097	0.040496023																																	
E1.0_P18_4D_ZnLim_R	Root	ZnLim	4 d	Populus trichocarpa	37.51082893	58.38423566	2951.635009	15.79717487	5821.880679	43669.38048	39814.03469	1428.603723	275.5941421	263.1232094	0.015991358	0.36103539	14.10939122	94.46552345	0.006911064	0.051430219	0.772809313	2.431777184	129.8946816	0.038001773																																	
E1.0_P28_4D_ZnLim_R	Root	ZnLim	4 d	Populus trichocarpa	17.93198579	32.09627031	2390.492302	4.6378818	5030.412444	36895.67448	35085.50455	1327.344264	439.071067	408.7200729	0.018088217	0.240718662	13.75416498	24.67014124	0.009249721	0.00610993	0.433031426	2.342029371	144.3730767	0.044016676																																	
E1.0_P2_7D_Ctrl_R	Root	Control	7 d	Populus trichocarpa	15.22367681	98.01426789	2272.452666	6.386064317	4728.92851	32899.36539	29887.35177	1281.737799	466.131915	537.6732507	0.005577066	0.10227049	19.74691093	40.84857792	0.006625135	0.013488598	0.250322927	2.194808038	138.4774947	0.040521465																																	
E1.0_P21_7D_Ctrl_R	Root	Control	7 d	Populus trichocarpa	16.66482659	94.56344268	3230.461301	6.775766332	5337.679675	35582.68366	38780.26971	1330.008595	164.7832097	229.6999057	0.006080901	0.103972838	16.25049411	50.11851345	0.082713684	0.007413634	0.345924877	2.112053031	107.6450899	0.028607872																																	
E1.0_P27_7D_Ctrl_R	Root	Control	7 d	Populus trichocarpa	12.87254571	65.88877354	2533.288023	9.950428933	6129.604217	39685.0895	37886.46552	1380.32336	374.3050882	445.0608452	0.005523809	0.14198058	20.88715565	45.8471306	0.008781471	0.015418088	0.569971798	2.204614825	148.8325387	0.040270832																																	
E1.0_P26_7D_FeEX_R	Root	FeEX	7 d	Populus trichocarpa	14.30790641	437.0152705	1991.672438	15.86149608	4246.310187	25864.88653	26682.16521	1216.993417	552.3878601	80.03153078	0.00477345	0.240550765	7.307619383	36.09508476	0.011698216	0.007115457	0.404928971	2.350633484	124.6837794	0.032164974																																	
E1.0_P29_7D_FeEX_R	Root	FeEX	7 d	Populus trichocarpa	16.36783058	532.8567978	2106.146992	12.5163493	6017.950954	36215.5654	33418.83313	1565.746801	712.0396287	100.4549509	0.004037939	0.122705452	9.297084556	46.46435432	0.008685338	0.004914626	0.603089612	2.858360467	153.2188778	0.042049401																																	
E1.0_P16_7D_FeEX_R	Root	FeEX	7 d	Populus trichocarpa	14.41794425	428.0431332	1940.424009	13.95248695	5248.296558	29604.53001	29894.69759	1326.789085	693.7611359	164.4153954	0.006641776	0.216245528	10.71704192	34.16590443	0.009411422	0.015089696	0.366649589	2.382389519	131.3218238	0.036286668																																	
E1.0_P3_7D_FeLim_R	Root	FeLim	7 d	Populus trichocarpa	23.46176406	53.01698766	3093.350547	10.14535336	4667.774187	31994.64869	31851.91774	1175.29746	68.42506242	787.9925697	0.037209618	0.292435127	73.64485538	117.1050647	0.00347552	-0.004039601	0.427227165	1.936965138	94.0360686	0.028027083																																	
E1.0_P23_7D_FeLim_R	Root	FeLim	7 d	Populus trichocarpa	13.65702968	30.54926805	2214.237708	10.08839841	5700.591138	36408.872	32306.349	1227.741228	271.4000384	1087.152211	0.030831951	0.194629011	82.47149908	102.7042694	0.007914799	-0.003159923	0.252748307	1.997487613	152.8427189	0.046161214																																	
E1.0_P14_7D_FeLim_R	Root	FeLim	7 d	Populus trichocarpa	13.13518841	31.18937202	2694.343684	6.135021083	4931.801841	33453.28332	35534.00785	1156.188789	101.2918611	787.5340044	0.029813155	0.30382551	68.82415087	99.3744702	0.005253346	0.013669116	0.291585908	1.78180024	99.43554976	0.028425827																																	
E1.0_P12_7D_ZnEx_R	Root	ZnEx	7 d	Populus trichocarpa	17.98876177	64.10707075	1335.964352	17.73095221	5371.841259	35877.73418	22788.07771	1180.620947	936.1470145	203.0558109	0.006728441	0.296699067	50.85687884	950.4789279	0.012144102	-0.002277448	0.304577094	2.299551579	116.3966	0.034949604																																	
E1.0_P8_7D_ZnEx_R	Root	ZnEx	7 d	Populus trichocarpa	24.70466238	241.5375769	1807.472906	14.70379347	7125.473686	52887.31142	26870.12782	1688.486258	843.8221855	297.7998876	0.009618978	0.202575178	54.76834345	1272.266115	0.013783725	-0.024750975	0.666881097	3.466347595	111.7988663	0.03649931																																	
E1.0_P25_7D_ZnEx_R	Root	ZnEx	7 d	Populus trichocarpa	13.56238413	64.418017	1179.197929	15.30812058	6953.050467	31823.57857	25876.24156	1207.419291	1498.914366	370.6285815	0.007315491	0.091782522	49.05893646	1029.103922	0.011982197	0.011871344	0.489349495	2.315526857	108.5474178	0.031710862																																	
E1.0_P1_7D_ZnLim_R	Root	ZnLim	7 d	Populus trichocarpa	19.23570594	120.5067075	2445.272985	8.523272755	5162.132144	35467.69421	28011.89341	1261.493359	424.871402	575.0773677	0.032643526	0.138116166	22.26346993	24.5243114	0.007161864	0.009171187	0.263057854	2.429175892	167.0716473	0.048805725																																	
E1.0_P5_7D_ZnLim_R	Root	ZnLim	7 d	Populus trichocarpa	12.35428195	102.2715932	1630.441181	7.414027182	4465.103167	25433.39835	24330.42991	1171.828172	482.2228889	744.8381558	0.019104048	0.079554393	13.7895312	17.23496155	0.010084034	0.004070065	0.24809271	2.244561413	107.7721242	0.030970898																																	
E1.0_P19_7D_ZnLim_R	Root	ZnLim	7 d	Populus trichocarpa	14.39521416	101.8663252	2885.239034	5.203974244	5795.051558	40445.08718	37630.86887	1331.658744	213.3388131	518.0293424	0.037033808	0.138010187	15.75526621	18.65320828	0.011026988	0.013258738	0.627273708	2.300780478	134.5159412	0.037338926																																	
E1.0_P2_14D_Ctrl_R	Root	Control	14 d	Populus trichocarpa	16.76952398	38.07630027	1958.01987	4.873372008	5043.644452	35313.66832	39761.7454	1397.735722	440.9783042	230.3257587	0.005337529	0.138481606	21.96915235	32.63717917	0.010494473	-0.001245162	0.218101184	2.45183828	134.0187851	0.034138691																																	
E1.0_P21_14D_Ctrl_R	Root	Control	14 d	Populus trichocarpa	13.79494325	30.24789515	2030.22987	5.721582295	5014.243228	32631.16404	40301.067	1347.949078	472.2426815	284.457771	0.004496961	0.126389228	18.21708324	31.71863192	0.010182705	0.016781447	0.255412778	2.122171414	124.2106467	0.034156081																																	
E1.0_P27_14D_Ctrl_R	Root	Control	14 d	Populus trichocarpa	61.87726293	28.28760913	2038.420136	101.8363567	4708.595783	34148.6147	34688.56062	1546.473594	764.7090669	698.6219727	0.00771174	0.264659071	18.7689976	40.00974302	0.019227917	0.007920485	0.422267218	3.931237011	146.3605876	0.042240906																																	
E1.0_P26_14D_FeEX_R	Root	FeEX	14 d	Populus trichocarpa	16.01634838	588.0310605	1657.738979	13.24466073	5043.888111	32328.05898	35614.98961	1279.632103	590.3069579	74.71597089	0.005227738	0.169697331	10.54624131	35.64206107	0.009014131	-0.009335338	0.334750824	2.097189083	126.6130631	0.036962666																																	
E1.0_P29_14D_FeEX_R	Root	FeEX	14 d	Populus trichocarpa	15.45194505	555.5309804	1567.987957	12.91740041	6047.060853	34256.21537	34870.62908	1447.310335	667.2703184	74.90443032	0.003521461	0.095211877	7.999162961	30.5468448	0.007873744	0.012192778	0.312063753	2.381787611	138.9609181	0.037918896																																	
E1.0_P16_14D_FeEX_R	Root	FeEX	14 d	Populus trichocarpa	14.02358276	551.019467	1407.596515	11.83422903	5941.194575	31471.25417	34277.74164	1358.766612	469.5509692	67.44056861	0.005303546	0.16058686	8.939586638	55.19942903	0.009133465	0.000571704	0.260904676	2.275747656	133.7273458	0.039466701																																	
E1.0_P3_14D_FeLim_R	Root	FeLim	14 d	Populus trichocarpa	13.72419345	28.52216457	1662.75644	4.729932251	4637.493126	28522.05409	33474.96409	1270.754686	24.47200893	1255.935921	0.029694656	0.152144574	139.6918202	112.9072598	0.006937107	0.006778449	0.25361103	1.985580415	97.64287095	0.031235389																																	
E1.0_P23_14D_FeLim_R	Root	FeLim	14 d	Populus trichocarpa	17.88842992	25.57110258	1279.921402	5.367997663	4178.802598	30100.70847	27964.87932	1327.818245	188.9890306	1125.039559	0.03022262	0.124869727	111.1459122	75.05858411	0.009887955	0.008576889	0.151434777	2.23867121	136.4307733	0.041819052																																	
E1.0_P14_14D_FeLim_R	Root	FeLim	14 d	Populus trichocarpa	12.54055744	25.45686366	1203.970875	5.384757836	3739.938644	22582.11619	26849.58073	1149.240451	85.60507125	902.8072273	0.018945469	0.079338447	100.7976588	63.46393865	0.007160254	0.007615877	0.168781396	2.054586743	102.3977222	0.029436152																																	
E1.0_P12_14D_ZnEx_R	Root	ZnEx	14 d	Populus trichocarpa	13.25422663	29.47241215	478.7985272	4.863229137	5199.053494	21337.73558	17046.22564	1214.508735	1277.909352	73.4137551	0.004033306	0.163663828	33.36602659	789.3127247	0.008018618	0.002010294	0.135803709	2.189310965	95.04383637	0.028392993																																	
E1.0_P8_14D_ZnEx_R	Root	ZnEx	14 d	Populus trichocarpa	17.28683015	33.38524158	697.9284117	5.024042508	6050.675446	25999.88669	20902.92983	1249.69902	914.992168	94.27056248	0.00497907	0.273893719	30.10561551	837.4881484	0.007854637	0.012627506	0.259821716	1.997803811	80.91527406	0.023258232																																	
E1.0_P25_14D_ZnEx_R	Root	ZnEx	14 d	Populus trichocarpa	13.54947653	30.9983462	548.571476	4.443783246	6455.316293	24924.73173	19303.81805	1153.990083	973.5841542	75.43381449	0.00426557	0.105888265	34.08247086	853.1760657	0.005835348	0.006558689	0.207207092	2.146912296	109.7716633	0.029192629																																	
E1.0_P1_14D_ZnLim_R	Root	ZnLim	14 d	Populus trichocarpa	18.78439621	24.12117987	2241.697639	5.032735856	4882.524275	31854.29548	38859.4554	1371.779405	146.1870282	310.3778689	0.032448219	0.304048167	16.26019617	22.80072321	0.006391627	0.014197225	0.223483596	2.198589294	113.5948248	0.038122162																																	
E1.0_P5_14D_ZnLim_R	Root	ZnLim	14 d	Populus trichocarpa	14.5163928	22.7906482	1802.382132	2.782751244	5991.357477	31688.58304	40082.37822	1302.362284	148.5177693	305.5950307	0.028791871	0.158881077	20.16956271	18.20177782	0.008354734	0.000119066	0.249402726	2.229007139	128.3291041	0.03644334																																	
E1.0_P19_14D_ZnLim_R	Root	ZnLim	14 d	Populus trichocarpa	14.13546643	25.96162229	2082.278225	3.914922168	4847.748961	32929.32223	36436.46923	1251.677951	216.5074897	378.8337727	0.027779793	0.141815911	16.22766766	17.13808877	0.008938365	0.006524272	0.337247117	2.171061289	120.1883825	0.032977591																																	
E1.0_P11_21D_Ctrl_R	Root	Control	21 d	Populus trichocarpa	12.26466042	23.31976978	2726.728526	1.90242506	4331.648618	30064.75751	29970.03652	1210.165041	124.397569	537.2580456	0.007251652	0.235517112	7.884201804	44.79223507	0.006277728	0.012517714	0.162564418	1.523968637	62.59062185	0.01906295																																	
E1.0_P17_21D_Ctrl_R	Root	Control	21 d	Populus trichocarpa	12.37449626	18.46553349	1954.404656	2.86616705	4080.657718	25489.32317	27372.89352	1139.099136	418.3119512	975.1476868	0.005719788	0.303185157	9.375650397	32.28949263	0.007885199	0.002687045	0.167240714	1.672709433	63.96204724	0.019810457																																	
E1.0_P13_21D_Ctrl_R	Root	Control	21 d	Populus trichocarpa	12.88431656	20.21379522	1701.427693	2.438961416	4359.55222	28764.27569	28561.12496	1458.865202	497.589248	680.5112468	0.004622808	0.160332857	12.3632042	29.45737869	0.011193522	0.004191194	0.201062594	1.861066071	91.63621613	0.026599232																																	
E1.0_P6_21D_FeEX_R	Root	FeEX	21 d	Populus trichocarpa	17.24313092	815.8287684	1933.807174	13.73701079	5626.801403	42171.8282	33273.21492	1516.736239	513.4515061	108.294003	0.010915488	0.096943775	6.284547657	30.49122758	0.007604778	2.99702E-05	0.185625355	2.026349141	119.9403141	0.031170891																																	
E1.0_P10_21D_FeEX_R	Root	FeEX	21 d	Populus trichocarpa	12.61884704	746.5449454	1591.162826	12.86060991	5781.093745	34718.90983	30248.90607	1507.162092	515.9038661	113.7234524	0.010853458	0.11754865	7.241782048	33.75022392	0.010621505	0.008817782	0.178586197	1.878992404	111.0215908	0.030549552																																	
E1.0_P31_21D_FeEX_R	Root	FeEX	21 d	Populus trichocarpa	15.6953738	702.020881	1289.64256	27.8353629	5564.942952	30381.07237	26979.28862	1468.939596	1115.326537	177.3808159	0.009674207	0.281734271	9.351578297	34.18959323	0.013387751	0.004597757	0.185867664	2.143902262	139.5931993	0.040995714																																	
E1.0_P22_21D_FeLim_R	Root	FeLim	21 d	Populus trichocarpa	12.80547905	15.74249739	1411.080028	3.117297277	2860.314377	22107.28761	27695.10208	1198.296555	119.4040253	1355.092829	0.033357038	0.193006723	196.6283275	109.9023572	0.010523131	0.004286346	0.169726125	1.685412022	71.94903835	0.025155553																																	
E1.0_P7_21D_FeLim_R	Root	FeLim	21 d	Populus trichocarpa	13.00618742	17.69956778	1418.867629	2.594660053	3083.351395	21521.81651	27092.24069	1167.419001	74.01445067	1467.215872	0.032519185	0.207535369	183.1233616	111.3436132	0.009301134	0.000222363	0.1860232	1.755751143	70.76796564	0.021960529																																	
E1.0_P30_21D_FeLim_R	Root	FeLim	21 d	Populus trichocarpa	14.87846829	17.46082417	1625.333393	2.738882275	3173.57977	20977.09801	29968.56725	1199.567876	19.91741537	1323.872612	0.041828973	0.273860347	185.2567866	146.1808305	0.007081862	0.003861818	0.195865783	1.677673259	64.09651058	0.022725014																																	
E1.0_P4_21D_ZnEx_R	Root	ZnEx	21 d	Populus trichocarpa	13.09146278	25.07901544	328.6296569	3.709495474	4344.571699	20381.09626	12300.53793	916.2074132	554.868504	15.83767378	0.00212913	0.244079642	46.89554268	624.8063073	0.004327688	0.006406832	0.080920949	1.46431783	106.3579004	0.029349308																																	
E1.0_P15_21D_ZnEx_R	Root	ZnEx	21 d	Populus trichocarpa	12.40678635	32.00093832	380.2372812	2.8064863	5364.64034	20691.95614	14243.83043	959.2726281	578.5657713	18.48746418	0.002232936	0.083178018	52.97854439	673.8456577	0.005906682	0.002064228	0.12718059	1.534954131	113.6517371	0.02796926																																	
E1.0_P20_21D_ZnEx_R	Root	ZnEx	21 d	Populus trichocarpa	13.7819704	39.37766685	343.6778033	4.152581557	3818.383777	18684.868	11928.7478	1016.277165	751.3318582	19.61290239	0.00205287	0.060716757	45.90983553	579.4350213	0.004743343	0.003326639	0.104353817	1.71701891	108.9549951	0.03110311																																	
E1.0_P9_21D_ZnLim_R	Root	ZnLim	21 d	Populus trichocarpa	13.21466953	34.98359765	2113.519377	2.1120335	3470.013748	25371.43996	30523.78112	1278.219733	150.265525	832.9832177	0.008470263	0.037432998	16.09477826	20.14869355	0.009315198	0.002126297	0.192342179	1.842355131	92.18418804	0.031757854																																	
E1.0_P18_21D_ZnLim_R	Root	ZnLim	21 d	Populus trichocarpa	12.76528546	26.56081911	1629.117702	3.590798338	3092.436293	20241.50975	24123.73699	1078.336725	188.1587308	686.5461998	0.006996842	0.229918199	9.040433149	13.94021497	0.007788625	0.003085802	0.222366671	1.711404727	55.58763797	0.017299897																																	
E1.0_P28_21D_ZnLim_R	Root	ZnLim	21 d	Populus trichocarpa	13.85023934	22.19064012	2516.630115	1.895471372	3463.395348	25635.1863	28509.63577	1141.667508	77.78716815	909.4230502	0.011388794	0.127770837	10.7280618	15.43286137	0.010416279	0.00532538	0.194356533	1.577933009	62.46136609	0.019303938																																	
E1.0_S77_0H_Ctrl_R	Root	Control	0 h	Sorghum bicolor	47.98434702	37.04524902	781.1477702	14.2368529	6159.284545	38177.79006	81220.76351	978.9692855	47.34083783	917.5628024	0.055953841	0.834158129	175.7281634	110.0495967	0.008450843	0.033467529	0.275616475	1.082882633	71.82634474	0.018704567																																	
E1.0_S78_0H_Ctrl_R	Root	Control	0 h	Sorghum bicolor	19.71620548	41.06380627	800.9641755	10.5888048	7844.070907	29561.47506	88198.46769	790.7545702	26.12352336	344.6418649	0.01477682	0.350989221	102.9944808	50.6218426	0.005254915	0.034702956	0.198971907	0.814771629	44.93498735	0.011334383																																	
E1.0_S79_0H_Ctrl_R 	Root	Control	0 h	Sorghum bicolor	20.80315652	49.20954345	988.9034988	10.85697507	9173.272896	35247.10121	94870.22478	852.1900643	34.24854357	427.572749	0.021864992	0.271860684	130.3528378	72.03544761	0.005437052	0.003106396	0.219874092	0.988535465	52.76444045	0.009501773																																	
E1.0_S88_0H_Ctrl_R	Root	Control	0 h	Sorghum bicolor	9.797270001	41.55331868	962.7356434	11.9015134	8551.645969	28529.41482	98154.23189	1189.518914	36.17978917	367.4631993	0.015177572	0.624822559	107.7750064	144.8757318	0.007704227	0.033455072	0.211469499	1.020457043	43.72002556	0.008343712																																	
E1.0_S87_0H_Ctrl_R	Root	Control	0 h	Sorghum bicolor	#N/A	#N/A	#N/A	#N/A	#N/A	#N/A	#N/A	#N/A	#N/A	#N/A	#N/A	#N/A	#N/A	#N/A	#N/A	#N/A	#N/A	#N/A	#N/A	#N/A																																	
E1.0_S90_0H_Ctrl_R	Root	Control	0 h	Sorghum bicolor	#N/A	#N/A	#N/A	#N/A	#N/A	#N/A	#N/A	#N/A	#N/A	#N/A	#N/A	#N/A	#N/A	#N/A	#N/A	#N/A	#N/A	#N/A	#N/A	#N/A																																	
E1.0_S20_1H_Ctrl_R	Root	Control	1 h	Sorghum bicolor	30.37277656	46.56090203	1344.063084	18.92123162	8808.415194	36035.59413	86526.08362	5395.27134	95.37414991	908.7325231	0.055461935	0.335413781	119.20265	727.1364923	0.009957685	0.021657138	0.375123946	2.752540117	45.1983602	0.010670661																																	
E1.0_S2_1H_Ctrl_R	Root	Control	1 h	Sorghum bicolor	17.00762205	90.72559801	1114.922387	27.82850621	7957.238363	31185.91103	83000.10258	2412.273125	1420.215143	945.7198928	0.042174618	0.826061436	106.1883153	331.7795394	0.057616677	0.024253677	0.27036826	1.666778207	54.67027538	0.014257115																																	
E1.0_S22_1H_Ctrl_R	Root	Control	1 h	Sorghum bicolor	20.68768238	59.67793433	1503.207806	24.83211839	9940.513757	36673.53618	96193.11343	7359.764937	77.73993575	468.5816401	0.04691332	0.655354431	63.73139577	995.9880597	0.01521813	0.017449207	0.38428929	3.60981066	48.27957873	0.011212699																																	
E1.0_S35_1H_FeEX_R	Root	FeEX	1 h	Sorghum bicolor	7.935409131	119.2057832	1452.154934	32.48987794	8667.191153	32067.57359	86955.64568	7945.393547	402.4525487	708.7763747	0.066003227	0.560621445	88.36698788	1100.406954	0.026327464	0.015295933	0.41709764	4.24610963	40.46883074	0.013703217																																	
E1.0_S6_1H_FeEX_R	Root	FeEX	1 h	Sorghum bicolor	2.998458141	7.525393663	99.64569158	1.796506071	866.8564475	1450.458302	9036.792945	86.76269838	263.0659248	49.52914101	0.002545042	0.057449033	3.202048702	13.2103022	0.010094172	-0.001423543	0.025982872	0.096910125	2.209909633	0.000436958																																	
E1.0_S28_1H_FeEX_R	Root	FeEX	1 h	Sorghum bicolor	43.18589336	138.0390762	912.5076293	21.3188246	9404.580524	34493.63076	83109.5215	1256.54958	124.5346561	846.2231148	0.033661698	1.182111265	160.8987351	187.415864	0.01584274	0.096783322	0.295666523	1.479155041	59.71492741	0.010366157																																	
E1.0_S12_1H_FeLim_R	Root	FeLim	1 h	Sorghum bicolor	14.55950949	68.04082162	935.977819	13.31169484	8379.36088	28088.66717	92684.02395	1258.90543	96.77655513	792.2832997	0.029371555	0.469283716	106.7510109	129.4507194	0.009368284	0.062949031	0.276187336	1.262331342	42.17578086	0.010640127																																	
E1.0_S43_1H_FeLim_R	Root	FeLim	1 h	Sorghum bicolor	9.133841877	118.2566327	1289.637823	21.31677036	9931.584656	31844.87183	98903.91324	2644.835477	226.5362938	559.3026191	0.026141316	1.625130503	59.98992926	276.8491345	0.01638065	0.126539234	0.313299708	1.845312067	43.97886661	0.018663128																																	
E1.0_S44_1H_FeLim_R	Root	FeLim	1 h	Sorghum bicolor	45.82064955	76.02900211	785.9443775	17.78097699	8051.847412	28592.37397	72379.86498	920.4834801	113.4221268	393.0005223	0.015552485	0.817852443	57.62501456	61.7707991	0.007239883	0.074375125	0.230012002	0.908635325	31.05574498	0.010302872																																	
E1.0_S36_1H_ZnEx_R	Root	ZnEx	1 h	Sorghum bicolor	4.26727231	68.21977076	806.5859967	13.71261556	8464.104949	32411.35258	88109.27037	1058.341768	93.88386536	603.47659	0.027625634	2.393991416	131.5993228	107.2012397	0.006162076	0.059431181	0.254059331	1.024142177	58.03153458	0.019493291																																	
E1.0_S51_1H_ZnEx_R	Root	ZnEx	1 h	Sorghum bicolor	11.86770381	78.7512494	728.9432158	12.26447318	7465.423835	30169.05377	72730.62177	857.5669901	63.63025973	1195.88322	0.043424618	0.362463706	148.2654824	118.9281461	0.005286669	0.013202163	0.216364085	0.907396353	44.80584408	0.010260057																																	
E1.0_S70_1H_ZnEx_R	Root	ZnEx	1 h	Sorghum bicolor	19.85169971	89.0899163	823.8402178	10.41329959	7299.283057	28186.53204	80008.39201	1041.67752	82.13424402	830.1130578	0.028696301	0.282046555	151.8565848	149.0527606	0.00572253	0.030293048	0.232653924	1.094013252	47.85297715	0.011309925																																	
E1.0_S1_1H_ZnLim_R	Root	ZnLim	1 h	Sorghum bicolor	45.94065137	121.5413301	1026.863388	13.11867423	8297.268585	20415.07124	74885.93497	1270.520981	74.89538826	552.9888241	0.025468614	0.426706543	55.84537823	133.2009137	0.006486919	0.144922141	0.221540081	1.140395721	30.06042386	0.00870968																																	
E1.0_S37_1H_ZnLim_R	Root	ZnLim	1 h	Sorghum bicolor	12.15970555	215.3196254	1276.986062	52.33035266	8809.011612	21543.8933	80275.23125	1342.626938	342.1188258	607.8916494	0.028586684	0.263325526	58.25516207	99.46451841	0.019327091	0.129574273	0.233399903	1.899076853	48.69056651	0.04878354																																	
E1.0_S32_1H_ZnLim_R	Root	ZnLim	1 h	Sorghum bicolor	31.76981471	116.1497204	865.002199	14.33034359	8866.845403	20678.95219	93305.14654	907.6434255	76.87365655	503.2553755	0.02195749	0.290382345	62.59483942	70.38261512	0.00392508	0.008847869	0.245979086	1.125404734	40.00087683	0.013932155																																	
E1.0_S30_2D_Ctrl_R	Root	Control	2 d	Sorghum bicolor	4.598233656	28.79491681	1098.376569	16.70060146	8879.444154	32518.4928	85551.76545	3275.144947	69.48068877	742.5844884	0.047904814	0.374981113	131.2038445	410.6187345	0.007435519	0.003352306	0.279750099	2.06348567	50.15968561	0.010291611																																	
E1.0_S48_2D_Ctrl_R	Root	Control	2 d	Sorghum bicolor	4.476538799	40.66766761	800.4007831	9.468931119	8446.966133	27649.50571	72867.59491	1060.496922	930.1287884	783.9280716	0.035183744	0.418828066	118.510927	136.2109517	0.035366985	0.025530734	0.198798678	1.034835853	38.60562214	0.009270138																																	
E1.0_S45_2D_Ctrl_R	Root	Control	2 d	Sorghum bicolor	5.83600727	34.36831548	813.8805177	11.22758631	8430.405797	32002.01644	81846.28326	1475.886446	94.30515695	776.9195017	0.044441305	0.416800037	153.0387202	143.7062886	0.005303331	0.030569596	0.229323635	1.281830981	61.9535744	0.013284327																																	
E1.0_S31_2D_FeEX_R	Root	FeEX	2 d	Sorghum bicolor	17.3165864	72.09714848	876.5043769	9.105441051	8660.026381	24714.57367	78439.01906	1782.243999	76.15357068	503.7292047	0.026191337	0.306144208	71.94121074	182.9811618	0.014877203	0.040129985	0.23520503	1.404214421	39.37318034	0.009233922																																	
E1.0_S42_2D_FeEX_R	Root	FeEX	2 d	Sorghum bicolor	16.6183324	71.61152565	618.1758531	8.569379315	7118.853045	25822.74945	69352.21601	897.5351677	83.55245308	607.6654856	0.022989569	0.348029229	91.67000433	87.05750862	0.007288509	0.010574831	0.185537076	0.943592528	39.64328117	0.009056901																																	
E1.0_S65_2D_FeEX_R	Root	FeEX	2 d	Sorghum bicolor	21.93646798	96.64655124	1099.179157	14.65185333	10758.04943	27732.9206	84178.71954	1287.974744	101.9986989	841.9285505	0.033562284	0.485753273	118.2625132	97.12685873	0.00810758	0.010173108	0.269481314	1.272121147	44.55428478	0.015802804																																	
E1.0_S3_2D_FeLim_R	Root	FeLim	2 d	Sorghum bicolor	10.42680304	41.46783419	760.7511033	10.66067683	7864.294142	28347.65416	75008.7196	1157.616278	82.75050404	998.3448352	0.049623278	0.560768796	164.401782	131.4522912	0.007478457	0.012382513	0.238328921	1.103864776	44.2590848	0.011606534																																	
E1.0_S13_2D_FeLim_R	Root	FeLim	2 d	Sorghum bicolor	4.518715506	32.4462033	785.5383562	9.170997893	8005.083331	24859.12254	81713.2568	983.4386939	76.04583637	615.2717935	0.037206002	0.330197815	117.247282	81.18589426	0.00604772	0.027220919	0.223174163	0.950278271	36.96241376	0.009925025																																	
E1.0_S7_2D_FeLim_R	Root	FeLim	2 d	Sorghum bicolor	4.107098598	53.22910444	740.6802968	9.336109637	8305.03644	33397.29306	73877.1102	1336.102805	124.9564188	747.7588731	0.054701105	0.357132142	171.2530866	148.8073375	0.006510627	0.036823787	0.198576745	1.148187193	57.68448716	0.012888243																																	
E1.0_S58_2D_ZnEx_R	Root	ZnEx	2 d	Sorghum bicolor	7.542930221	35.49401795	1038.092024	14.80072713	9527.508271	32528.6669	88221.05317	3137.304834	76.72465879	454.8107638	0.028229436	0.210337297	87.2367016	1871.733918	0.008144372	0.063308577	0.307920759	1.974092972	34.0632859	0.008770264																																	
E1.0_S46_2D_ZnEx_R	Root	ZnEx	2 d	Sorghum bicolor	9.250576585	65.69696623	947.5477546	8.887070697	10223.73149	42128.1244	86943.01066	1157.648414	97.75398477	570.6324599	0.030325682	0.32034128	187.2029875	1732.352127	0.011900808	0.03304095	0.22703154	1.33550439	47.5888031	0.011041551																																	
E1.0_S50_2D_ZnEx_R	Root	ZnEx	2 d	Sorghum bicolor	6.137759199	33.80591296	841.5526585	11.38603882	10669.57207	28150.28514	86616.23758	1767.686556	76.53876645	312.8160904	0.021579252	0.977153819	78.29698375	1278.568923	0.006564126	0.042370652	0.272709838	1.341310287	33.15818991	0.008212301																																	
E1.0_S8_2D_ZnLim_R	Root	ZnLim	2 d	Sorghum bicolor	16.06360469	76.78420026	726.9625329	45.68099733	7815.738433	30375.72325	64801.52943	1554.132596	198.0847968	847.4043323	0.070266266	0.574988919	136.3638033	160.949383	0.012090284	0.038127024	0.230493196	1.739501384	44.77971758	0.034387798																																	
E1.0_S9_2D_ZnLim_R	Root	ZnLim	2 d	Sorghum bicolor	8.04509071	55.64265533	972.4743504	6.450825379	9350.504257	29315.47384	83426.76949	1710.656225	61.2687722	1001.346544	0.055313093	0.31444033	95.52743137	137.2489301	0.006053888	0.013030345	0.237499563	1.312562711	39.23956322	0.011134771																																	
E1.0_S49_2D_ZnLim_R	Root	ZnLim	2 d	Sorghum bicolor	13.83891029	43.20897475	715.3184515	8.404689492	6696.420914	29245.65722	66540.15519	1043.598928	65.92709139	1541.914765	0.068694186	0.485783936	142.2814019	57.25362533	0.005928897	0.005528067	0.215717108	1.080300349	50.35910078	0.012448274																																	
E1.0_S14_4D_Ctrl_R	Root	Control	4 d	Sorghum bicolor	23.57773786	127.7351029	725.8146861	14.21679344	9026.57874	21151.045	69804.04782	785.4095216	1996.081538	641.016209	0.036683006	0.429756072	82.24356655	103.4622864	0.073516402	0.020060445	0.219581742	1.018574016	39.6770338	0.011639922																																	
E1.0_S68_4D_Ctrl_R	Root	Control	4 d	Sorghum bicolor	9.163303132	75.03495531	747.1414055	11.76171706	7715.439014	28975.73538	80295.25743	1138.563018	90.7520926	1020.122094	0.030595106	0.348898234	102.5872415	114.8907904	0.007483024	0.021035173	0.212455849	1.089353419	47.92198942	0.012139944																																	
E1.0_S72_4D_Ctrl_R	Root	Control	4 d	Sorghum bicolor	18.81877481	93.95163372	709.0194709	6.520523979	8386.437497	21769.94351	73345.50857	837.8764748	44.54181928	783.6068523	0.025695389	0.325673878	81.17471538	72.50906596	0.004826217	0.025034138	0.209649462	0.934662377	34.92355403	0.011336941																																	
E1.0_S24_4D_FeEX_R	Root	FeEX	4 d	Sorghum bicolor	6.464104907	139.2748691	623.5658499	6.254387649	8689.725685	26730.33582	81514.26292	719.6572064	128.4375881	333.6940947	0.014403855	0.310057322	48.06542868	41.81043488	0.004522878	0.01575177	0.192312555	0.896995724	47.03413994	0.010093547																																	
E1.0_S5_4D_FeEX_R	Root	FeEX	4 d	Sorghum bicolor	11.51406601	163.8087761	693.3106184	8.331306429	8229.870507	32785.22167	74213.41441	910.0719949	107.1372491	1333.170395	0.046103997	0.308405313	118.2196369	77.69102062	0.006399708	0.020573025	0.203123845	1.030460174	45.83738146	0.012044155																																	
E1.0_S55_4D_FeEX_R	Root	FeEX	4 d	Sorghum bicolor	8.994968171	100.2091931	820.1175699	11.22528835	7732.005488	27039.32652	74312.52987	1448.451458	1006.4493	810.4841819	0.035203055	0.334706527	69.4999379	130.5726909	0.03422227	0.026158001	0.216680751	1.182658847	42.91859568	0.007624131																																	
E1.0_S23_4D_FeLim_R	Root	FeLim	4 d	Sorghum bicolor	6.154027556	93.18788777	770.1299422	7.03092659	7730.385317	24076.63378	78924.98463	920.5664412	203.6291176	613.8420757	0.029416379	6.520557881	110.7202481	78.61782357	0.008280079	0.009183056	0.205203257	0.961763025	45.68173036	0.011178128																																	
E1.0_S54_4D_FeLim_R	Root	FeLim	4 d	Sorghum bicolor	10.67452143	85.32324866	676.0922814	11.54847384	7861.874192	25051.13809	81489.66858	1055.560323	840.9782233	864.8807075	0.043847766	0.381958508	131.095843	117.4596196	0.034338243	0.024260058	0.236160605	1.027952157	36.0396646	0.010199846																																	
E1.0_S27_4D_FeLim_R	Root	FeLim	4 d	Sorghum bicolor	10.06974711	92.02488891	674.0750908	6.92764138	6076.950908	27011.67969	73340.15549	876.3171089	1442.475996	1363.491964	0.048470869	0.47250784	135.777595	90.55932105	0.055717749	0.02558615	0.191540974	0.951056996	53.9482553	0.011478668																																	
E1.0_S57_4D_ZnEx_R	Root	ZnEx	4 d	Sorghum bicolor	7.85009154	100.8315074	624.1836956	6.266457489	8033.069082	38533.53246	77857.84087	931.4176466	106.2650317	423.3741672	0.033437831	0.344508502	165.9334645	1647.170154	0.007081655	0.020331856	0.189321836	1.101656652	44.9642669	0.010672222																																	
E1.0_S69_4D_ZnEx_R	Root	ZnEx	4 d	Sorghum bicolor	10.05360309	56.43040922	879.6024473	10.54163384	8119.081791	40050.39659	81274.89191	3113.822976	78.83606636	527.3454624	0.039010962	0.311257443	193.5056698	1888.248869	0.009945869	0.028727618	0.26402333	1.815040253	47.09075748	0.009825522																																	
E1.0_S11_4D_ZnEx_R	Root	ZnEx	4 d	Sorghum bicolor	8.55024488	101.1728847	700.932018	10.88299473	7609.607193	32867.22355	73760.21016	994.9167786	162.1088001	400.5965224	0.030619367	0.374191934	141.4742034	1471.601163	0.007970491	0.05523739	0.211794057	1.100654563	49.7946334	0.010318576																																	
E1.0_S76_4D_ZnLim_R	Root	ZnLim	4 d	Sorghum bicolor	15.34946906	82.33061392	763.3805962	8.233841573	7764.180063	27112.57676	75568.38343	820.3731033	43.21864196	671.2540919	0.046583689	0.433961046	109.9261715	38.40467252	0.003500053	0.004820525	0.19295072	0.864893265	41.29095868	0.01217495																																	
E1.0_S38_4D_ZnLim_R	Root	ZnLim	4 d	Sorghum bicolor	18.91854883	71.86039829	695.2846686	9.035306752	7625.8982	30765.77487	81709.85059	914.4976005	56.80241444	539.2351233	0.062721105	0.790257501	106.1501085	58.29278184	0.006165612	0.083618843	0.246825618	0.927176428	51.43424121	0.014199375																																	
E1.0_S17_4D_ZnLim_R	Root	ZnLim	4 d	Sorghum bicolor	14.42561447	58.7718736	645.0654672	8.039877505	7904.710514	30493.92607	82988.83083	1040.433184	61.4307597	872.2022771	0.071230599	0.644202915	117.7560227	60.21641956	0.006275748	0.008955478	0.18810001	0.938210299	42.49036726	0.012450427																																	
E1.0_S25_7D_Ctrl_R	Root	Control	7 d	Sorghum bicolor	8.504810941	83.02026588	1076.841392	14.81717756	8517.30115	34528.17829	93038.95272	5201.347735	96.30906674	1588.575538	0.047752028	0.598688509	87.17093254	671.9310493	0.011397845	0.028428757	0.349729127	2.598031238	44.2548899	0.010959082																																	
E1.0_S29_7D_Ctrl_R	Root	Control	7 d	Sorghum bicolor	5.666771589	46.47664718	749.7385247	8.634266924	8416.996417	33314.3277	87479.52777	1062.183922	307.4180898	1490.656025	0.047976148	0.443917294	142.3417705	138.2792498	0.015365439	0.004958056	0.225143314	1.164801994	47.75450625	0.01380819																																	
E1.0_S10_7D_Ctrl_R	Root	Control	7 d	Sorghum bicolor	3.130934056	84.24217677	768.1894696	7.066312322	8111.857137	27206.24153	88848.579	1245.200372	67.14766218	1780.570401	0.039262096	0.293579911	89.74137433	136.9587946	0.006140307	0.016503045	0.239093322	1.290395779	36.90971877	0.009993694																																	
E1.0_S4_7D_FeEX_R	Root	FeEX	7 d	Sorghum bicolor	4.664002177	113.6405395	813.2562915	16.31544946	10114.79645	37247.54601	94101.27503	1355.021566	371.2336494	1539.732475	0.040927535	0.684650386	77.34090947	97.34780803	0.006252307	0.027424318	0.286960603	1.492782582	58.77476486	0.012978189																																	
E1.0_S16_7D_FeEX_R	Root	FeEX	7 d	Sorghum bicolor	5.167572495	112.6480715	732.9673888	18.88055968	7649.886872	23678.07163	74704.02649	1020.684006	489.4708279	567.4968912	0.017268672	0.503242127	22.0510679	33.62269423	0.008267943	0.02215958	0.255191333	1.203472259	40.78456635	0.006659035																																	
E1.0_S73_7D_FeEX_R	Root	FeEX	7 d	Sorghum bicolor	4.960343786	280.0364686	732.7001359	9.881777887	8870.877888	29637.44771	87323.89049	1203.999074	299.6598807	1184.269634	0.038466546	0.258969258	78.85923124	92.08804696	0.011169455	0.007774102	0.222065954	1.282278195	42.39319879	0.009773063																																	
E1.0_S15_7D_FeLim_R	Root	FeLim	7 d	Sorghum bicolor	4.585199095	37.41016784	701.8708024	5.434347051	7663.35329	27238.28179	80306.9274	1188.918598	52.29445761	1686.371405	0.075575382	0.364950428	121.4160228	157.7055958	0.005955662	0.021709218	0.230910499	1.081719664	30.19110255	0.008427619																																	
E1.0_S34_7D_FeLim_R	Root	FeLim	7 d	Sorghum bicolor	6.107268355	46.46221211	702.237328	7.767791077	8413.690303	26964.32181	81228.26658	1058.261772	67.40626162	1565.661621	0.061121348	0.437010319	110.0485518	187.9209221	0.00677888	0.017793629	0.217695364	1.056615329	32.85385459	0.012289307																																	
E1.0_S59_7D_FeLim_R	Root	FeLim	7 d	Sorghum bicolor	4.016092788	29.30844367	777.2699107	8.66556679	8685.499075	30984.70376	83683.96752	1148.23	59.76797545	2207.016808	0.082657914	0.64643124	118.4785374	163.2243415	0.006337704	0.015126234	0.216608537	1.075790765	32.58156582	0.01107557																																	
E1.0_S19_7D_ZnEx_R	Root	ZnEx	7 d	Sorghum bicolor	5.045278638	74.18028252	771.3614676	6.383218908	8502.127709	31082.69952	80912.66663	1352.129657	137.4330551	266.3578753	0.017864736	0.178986673	107.8074901	3457.516534	0.006615888	0.014587155	0.241090957	1.266065705	40.67405687	0.008644331																																	
E1.0_S67_7D_ZnEx_R	Root	ZnEx	7 d	Sorghum bicolor	14.58829846	90.90032111	784.1460171	9.182263305	8043.611384	29957.55768	76128.34185	1251.649179	112.1987148	266.5713472	0.018914606	0.24189526	137.1415064	2358.41678	0.008185352	0.021128258	0.225513765	1.308979291	49.63134393	0.010504001																																	
E1.0_S58_7D_ZnEx_R	Root	ZnEx	7 d	Sorghum bicolor	8.823992711	47.39001027	599.3456633	4.703682351	7893.067518	33589.93776	72022.07666	918.9977324	111.8432904	270.1973385	0.015621197	0.167369581	111.4672413	1866.748293	0.00512112	-0.015754146	0.18837874	0.922586706	37.7253728	0.00863964																																	
E1.0_S46_7D_ZnEx_R	Root	ZnEx	7 d	Sorghum bicolor	17.01790485	59.19484195	634.016191	9.231018994	8424.158718	41106.72723	73935.03994	1189.60014	124.4764046	411.8786979	0.044511653	1.73050382	233.4658282	1759.030438	0.007309846	0.00501467	0.218566361	1.08467335	45.82318693	0.010775133																																	
E1.0_S50_7D_ZnEx_R	Root	ZnEx	7 d	Sorghum bicolor	7.047789527	59.39072467	568.195019	9.516210957	8434.10489	36324.78791	75674.82825	982.2699821	123.3266237	384.0468878	0.03792657	0.291802064	165.8045124	2306.356923	0.005645191	0.016489146	0.197937258	0.954300272	39.38474101	0.009140587																																	
E1.0_S40_7D_ZnLim_R	Root	ZnLim	7 d	Sorghum bicolor	5.155549775	59.13028008	803.9019501	11.61882595	7822.955497	26337.74901	86805.5732	1098.899823	86.47505052	1841.988616	0.044280239	0.339441652	56.44247764	30.04296232	0.006591119	0.011443585	0.242208679	1.10814186	34.63982615	0.011229145																																	
E1.0_S18_7D_ZnLim_R	Root	ZnLim	7 d	Sorghum bicolor	7.56472646	44.33235229	792.7804433	6.806671909	8354.700278	28228.39155	88626.348	1011.886499	377.1773962	1775.212759	0.054372927	0.430370665	87.07709183	33.94594221	0.016776389	0.011131435	0.236296511	1.061851273	34.87575154	0.010259851																																	
E1.0_S33_7D_ZnLim_R	Root	ZnLim	7 d	Sorghum bicolor	3.808647124	55.46205616	635.2188588	7.268314301	7088.840439	28751.3596	76290.95936	1053.596873	76.52514424	1803.392782	0.054316485	0.310238348	93.99928431	62.54014759	0.004735568	0.025135444	0.205249964	1.026990875	41.32649031	0.012397371																																	
E1.0_S71_14D_Ctrl_R	Root	Control	14 d	Sorghum bicolor	11.6939445	84.59335378	729.648424	9.925053308	8355.826422	35021.43472	85837.50857	1544.749715	74.50696163	2259.002561	0.047246521	0.455182683	135.5860717	201.7273508	0.007792273	0.016990141	0.240500217	1.40005946	45.71708181	0.010001919																																	
E1.0_S41_14D_Ctrl_R	Root	Control	14 d	Sorghum bicolor	8.379829353	42.65286349	690.1636026	4.123093869	7712.80768	34605.89143	85061.8546	884.1679591	60.70395141	1916.422158	0.031551125	0.40438671	90.17339519	72.67535277	0.003983539	0.011917697	0.217120267	0.976061761	45.08635965	0.008385029																																	
E1.0_S62_14D_Ctrl_R	Root	Control	14 d	Sorghum bicolor	3.204825518	32.48631765	643.6991206	4.668847629	7526.127355	34779.13725	86227.55019	909.3953134	112.3783831	1408.83353	0.02587319	0.302400569	80.62805813	71.79912715	0.007508655	0.010003761	0.200800282	0.904111151	61.54165785	0.010767749																																	
E1.0_S56_14D_FeEX_R	Root	FeEX	14 d	Sorghum bicolor	7.12786551	172.4010883	678.5839614	12.42309266	7054.250975	18861.196	68186.46573	1111.6971	350.4794212	434.5770397	0.013317071	0.322840502	9.795815085	68.57097812	0.006647088	0.010688618	0.266867166	1.29461523	26.9934545	0.005379485																																	
E1.0_S75_14D_FeEX_R	Root	FeEX	14 d	Sorghum bicolor	3.598238644	227.4758996	717.4057166	16.41594929	9669.914326	30583.95501	78874.55362	1816.131129	303.1775774	1350.956388	0.047223001	0.383230703	48.61347219	173.4414905	0.009647181	0.036450051	0.323766967	1.518187715	58.92556947	0.009646001																																	
E1.0_S60_14D_FeEX_R	Root	FeEX	14 d	Sorghum bicolor	2.817176046	506.7011485	602.305142	10.96716093	8584.116427	29520.2475	72394.82447	965.6121239	301.5379331	1878.976319	0.055363364	0.247924884	48.11417994	72.18094321	0.006442119	0.013814925	0.262225268	1.044519844	52.16004173	0.009451947																																	
E1.0_S66_14D_FeLim_R	Root	FeLim	14 d	Sorghum bicolor	5.222990926	65.96151042	796.4230475	6.834280233	8727.106901	36406.3797	86411.28606	1326.414945	61.31622432	3213.207067	0.124785079	0.534943308	123.1477764	168.2606202	0.00861239	0.023941542	0.23385111	1.203662508	41.39785498	0.007848926																																	
E1.0_S53_14D_FeLim_R	Root	FeLim	14 d	Sorghum bicolor	5.250010036	59.30207573	1084.177721	14.35446087	7966.932759	43841.03637	82575.61627	5258.836888	59.57194244	3255.843424	0.159013207	0.612857222	150.1598626	734.5442228	0.010594997	0.01544382	0.29822505	2.765190967	54.86354132	0.010905128																																	
E1.0_S26_14D_FeLim_R	Root	FeLim	14 d	Sorghum bicolor	3.875865922	57.17451985	660.4862362	8.535722509	6755.402811	21692.35396	62304.39302	1790.957654	48.32004381	1648.520331	0.064766809	0.293432628	77.2979599	202.0714723	0.00792311	0.018125235	0.206637853	1.245235828	16.23718933	0.005274268																																	
E1.0_S47_14D_ZnEx_R	Root	ZnEx	14 d	Sorghum bicolor	2.756320774	77.04787115	597.9002268	6.434066646	7691.34704	23352.24563	53276.03141	810.1342465	305.059283	106.3515151	0.010597144	0.158760453	129.3370441	1290.378373	0.006946257	0.012136514	0.181506474	1.065054074	21.44543448	0.004145887																																	
E1.0_S52_14D_ZnEx_R	Root	ZnEx	14 d	Sorghum bicolor	4.124207409	57.66259481	694.4359542	12.82894813	8330.409627	30448.89215	67257.70892	999.9480636	198.1767227	205.6034155	0.022023011	0.200022417	169.7961029	3093.247342	0.005571455	0.011164782	0.186813087	1.047726433	34.13953298	0.00987983																																	
E1.0_S63_14D_ZnEx_R	Root	ZnEx	14 d	Sorghum bicolor	2.465695121	44.55821238	668.5787759	4.066168085	8364.199789	32456.19882	72764.85695	876.9222401	186.2007927	101.9162331	0.011911571	0.173285018	165.5993378	3937.744991	0.006534755	0.008082626	0.184939382	0.927216216	47.92618358	0.008087491																																	
E1.0_S61_14D_ZnLim_R	Root	ZnLim	14 d	Sorghum bicolor	2.787657045	38.77049091	677.2253611	4.833392014	6483.401759	31053.76593	89660.90826	994.3535052	74.50963386	2542.927609	0.079857978	0.233217134	69.68310021	17.27160031	0.005856093	0.016312592	0.231964361	1.074600037	36.62433099	0.010816716																																	
E1.0_S39_14D_ZnLim_R	Root	ZnLim	14 d	Sorghum bicolor	3.569877543	49.35471753	754.9869341	4.269192432	5856.639736	29454.17091	86041.84497	981.7590535	64.88404782	2144.628429	0.051040598	0.156234783	47.42373578	10.37478398	0.004612017	0.008902173	0.248174424	1.148528631	31.68812766	0.009614979																																	
E1.0_S21_14D_ZnLim_R	Root	ZnLim	14 d	Sorghum bicolor	2.094884231	48.84147242	604.0824145	4.973768185	6124.33734	22354.78036	74532.25507	863.3748659	113.4907184	1748.21236	0.051930907	0.176082763	48.90438486	23.64874788	0.006259368	0.021707414	0.204370152	1.114631732	32.24858453	0.009276637																																	
E1.0_S20_21D_Ctrl_R	Root	Control	21 d	Sorghum bicolor	4.158306345	59.68183365	715.6782474	6.558843839	7637.959649	27000.37159	68348.39919	1070.792848	130.9838603	3139.87153	0.051633146	0.318923938	101.202699	125.1416292	0.00715616	0.019248465	0.221580698	1.192317215	24.65770202	0.006627247																																	
E1.0_S2_21D_Ctrl_R	Root	Control	21 d	Sorghum bicolor	7.365730143	94.95963821	1041.727976	17.7432887	8864.243141	34964.72161	79853.70425	4562.16439	191.8998654	2435.862493	0.058125989	0.555491862	91.42363811	614.1323585	0.015380384	0.016858617	0.326331233	2.661165563	35.56440542	0.007990284																																	
E1.0_S22_21D_Ctrl_R	Root	Control	21 d	Sorghum bicolor	5.803204479	57.76859726	722.2906511	8.898512338	6739.265358	35615.58923	70868.88234	1225.643804	115.2455631	1968.773508	0.031292658	0.270658676	58.9707659	90.92349943	0.007409356	0.012708665	0.230262687	1.16111163	39.45249407	0.008368757																																	
E1.0_S35_21D_FeEX_R	Root	FeEX	21 d	Sorghum bicolor	3.267116502	651.1004452	656.9672724	18.54223087	10385.04735	25698.05304	61231.23883	947.000261	404.573037	1653.393301	0.046476389	0.095515031	26.07163431	60.52450934	0.00800049	0.014973098	0.180644725	1.237229676	43.23355253	0.007969758																																	
E1.0_S6_21D_FeEX_R	Root	FeEX	21 d	Sorghum bicolor	6.769758191	158.2853303	629.9827275	12.94057472	7061.015284	23952.34499	60458.41063	960.5993909	363.3760901	1093.861331	0.016751758	0.134939085	6.823262847	56.76614369	0.006335748	0.012665421	0.176216622	1.131115056	28.27425117	0.006810025																																	
E1.0_S28_21D_FeEX_R	Root	FeEX	21 d	Sorghum bicolor	8.642046309	142.6947484	895.9776099	20.81424176	8186.572495	22176.855	64950.78534	3583.100746	390.7883013	365.8314604	0.021948461	0.159778625	6.130802009	448.3388604	0.00852076	0.014305611	0.265968899	2.255987493	24.88418839	0.004783474																																	
E1.0_S12_21D_FeLim_R	Root	FeLim	21 d	Sorghum bicolor	4.939389291	82.95639444	859.5907937	8.535428551	7162.861078	39905.73763	73792.1199	1287.706199	85.36816946	4343.96989	0.155143184	0.833040856	124.4043632	117.9461454	0.009982717	0.017832761	0.248469098	1.450737995	27.77063972	0.018919208																																	
E1.0_S43_21D_FeLim_R	Root	FeLim	21 d	Sorghum bicolor	4.618302616	36.3602274	825.3220651	5.837331516	7826.377042	19261.98919	71568.40891	910.8466979	15.77652282	2272.385171	0.067965401	0.31164187	41.38140433	75.06694951	0.004618372	0.015691933	0.217697403	1.061215176	10.97033223	0.004557994																																	
E1.0_S44_21D_FeLim_R	Root	FeLim	21 d	Sorghum bicolor	2.830344442	73.48864646	852.331234	10.19540981	8327.976282	33331.77991	77428.37164	1422.782235	27.93572879	3334.565979	0.129134743	0.556797747	104.0653269	197.4112975	0.007538569	0.017212112	0.24968307	1.402229098	26.33305811	0.00686657																																	
E1.0_S36_21D_ZnEx_R	Root	ZnEx	21 d	Sorghum bicolor	3.754728382	60.12391842	629.9007112	47.25626139	9820.134196	19177.86287	39219.46227	1189.649085	1446.972006	52.38010148	0.012356132	1.201349821	107.2002513	1777.953487	0.030582118	0.021599195	0.187650554	2.016897225	18.16184923	0.007044478																																	
E1.0_S51_21D_ZnEx_R	Root	ZnEx	21 d	Sorghum bicolor	2.702859407	45.64322867	716.0789712	11.02533187	9758.50177	22439.53894	54689.64366	1102.166029	919.2981234	54.31550092	0.012784037	0.174049901	104.694447	4401.375184	0.00648074	0.005576199	0.187486518	1.591621067	21.36881522	0.004998259																																	
E1.0_S70_21D_ZnEx_R	Root	ZnEx	21 d	Sorghum bicolor	3.690427808	42.62358631	765.2349883	6.873485946	12225.83299	28112.54541	65325.25766	887.9534206	817.8488686	61.19194614	0.010121584	0.211520996	134.9459222	2956.44325	0.010994822	0.024424695	0.164468945	1.265496688	37.02718642	0.006329144																																	
E1.0_S1_21D_ZnLim_R	Root	ZnLim	21 d	Sorghum bicolor	2.688270838	63.32665889	728.9855179	7.622066312	5699.553521	21292.09855	53535.20134	2151.002936	114.0921023	2784.544465	0.070649523	0.231203146	48.97670626	197.2739638	0.012436824	0.021370328	0.209316982	1.55083948	22.46578191	0.008640144																																	
E1.0_S37_21D_ZnLim_R	Root	ZnLim	21 d	Sorghum bicolor	4.158822043	34.78884416	717.1530152	7.263599311	9764.98974	29976.70952	63261.54108	1325.408062	159.8361383	1766.058354	0.069601503	0.199409845	65.64606086	69.00264783	0.007504559	0.019776142	0.187139618	1.20434221	45.43274721	0.016661364																																	
E1.0_S32_21D_ZnLim_R	Root	ZnLim	21 d	Sorghum bicolor	2.806625851	29.45960148	633.2026968	3.906096026	4177.460123	19834.04187	62321.13794	1088.139526	65.97479672	1374.607605	0.027747992	0.090280918	17.65524696	45.48114864	0.006702578	0.013729112	0.20642115	1.101962863	16.82406246	0.004856031																																	