Exchanges:  {'EX_cpd00067_e0_o': 21.753473, 'EX_cpd00007_e0_o': 111.932184, 'EX_cpd00048_e0_i': 0.351318, 'EX_cpd00001_e0_i': 95.59228, 'EX_cpd00013_e0_i': 15.547783, 'EX_cpd11632_e0_i': 909.497991, 'EX_cpd00011_e0_i': 109.265404, 'EX_cpd00009_e0_i': 5.520706, 'EX_cpd00099_e0_i': 0.0}
[Init] V0_init=-2: unscored reactions left at 0 (no mean/2 imputation)

[Init] Injecting 9 exchange flux ceilings into V0...
-> Successfully replaced 9 matrix columns.

[Init] media chain: set 39 columns from media_chain_init.tsv
-> [Init] Successfully forced 'bio1' initialization to 0.0
[EarlyStop] patience_limit=500  min_delta=0.001
QP-Loss 1000 2104.6855 1279.738
QP-Loss 2000 925.0264 387.2033
QP-Loss 3000 606.4478 221.87502
QP-Loss 4000 460.62354 164.45073
QP-Loss 5000 372.96045 134.51546
QP-Loss 6000 311.61832 113.87074
QP-Loss 7000 265.1351 97.59543
QP-Loss 8000 228.13335 84.184395
QP-Loss 9000 197.79826 72.89879
QP-Loss 10000 172.3962 63.319897
QP-Loss 11000 150.84772 55.148254
QP-Loss 12000 132.40607 48.156807
QP-Loss 13000 116.538216 42.181816
QP-Loss 14000 102.81858 37.072426
QP-Loss 15000 90.91882 32.70709
QP-Loss 16000 80.56341 28.9938
QP-Loss 17000 71.53605 25.84081
QP-Loss 18000 63.644398 23.16831
QP-Loss 19000 56.734406 20.911776
QP-Loss 20000 50.67929 19.017637
QP-Loss 21000 45.370464 17.437016
QP-Loss 22000 40.718964 16.133371
QP-Loss 23000 36.62532 15.034383
QP-Loss 24000 33.00912 14.088433
QP-Loss 25000 29.813293 13.271474
QP-Loss 26000 26.991297 12.56852
QP-Loss 27000 24.491888 11.948406
QP-Loss 28000 22.270508 11.387115
QP-Loss 29000 20.292585 10.871438
QP-Loss 30000 18.528234 10.392037
QP-Loss 31000 16.951843 9.942079
QP-Loss 32000 15.540939 9.516897
QP-Loss 33000 14.277977 9.110914
QP-Loss 34000 13.144195 8.722603
QP-Loss 35000 12.1249695 8.3502655
QP-Loss 36000 11.207101 7.99588
QP-Loss 37000 10.379878 7.658505
QP-Loss 38000 9.632934 7.3343787
QP-Loss 39000 8.956758 7.02322
QP-Loss 40000 8.343721 6.724954
QP-Loss 41000 7.7866135 6.438794
QP-Loss 42000 7.279236 6.1640964
QP-Loss 43000 6.816118 5.9005585
QP-Loss 44000 6.393109 5.6476455
QP-Loss 45000 6.005718 5.405092
QP-Loss 46000 5.650514 5.172618
QP-Loss 47000 5.3243604 4.949964
QP-Loss 48000 5.0242286 4.736702
QP-Loss 49000 4.7475715 4.5326004
QP-Loss 50000 4.4920325 4.3373556
QP-Loss 51000 4.2556195 4.1506033
QP-Loss 52000 4.036514 3.9720662
QP-Loss 53000 3.8330853 3.8014314
QP-Loss 54000 3.6439419 3.6383862
QP-Loss 55000 3.4678032 3.482615
QP-Loss 56000 3.3035429 3.3338935
QP-Loss 57000 3.150081 3.19181
QP-Loss 58000 3.006569 3.0561562
QP-Loss 59000 2.8721607 2.926614
QP-Loss 60000 2.7460663 2.802977
QP-Loss 61000 2.6276484 2.6849563
QP-Loss 62000 2.516255 2.5723734
QP-Loss 63000 2.4115527 2.4649098
QP-Loss 64000 2.312894 2.3623421
QP-Loss 65000 2.2198944 2.2645216
QP-Loss 66000 2.1320944 2.1711931
QP-Loss 67000 2.0491388 2.08214
QP-Loss 68000 1.9706911 1.9971763
QP-Loss 69000 1.8964242 1.9160933
QP-Loss 70000 1.826047 1.8387127
QP-Loss 71000 1.7593495 1.7648741
QP-Loss 72000 1.6960143 1.6943783
QP-Loss 73000 1.6359081 1.6271139
QP-Loss 74000 1.5787655 1.5629007
QP-Loss 75000 1.5244612 1.5016189
QP-Loss 76000 1.4727631 1.4431067
QP-Loss 77000 1.4235815 1.3872854
QP-Loss 78000 1.3766693 1.3339711
QP-Loss 79000 1.3319589 1.2830695
QP-Loss 80000 1.2892923 1.2344946
QP-Loss 81000 1.2485961 1.1880879
QP-Loss 82000 1.2097692 1.1437792
QP-Loss 83000 1.1726756 1.1014556
QP-Loss 84000 1.1372193 1.0610406
QP-Loss 85000 1.1033297 1.022414
QP-Loss 86000 1.0709008 0.98554647
QP-Loss 87000 1.0398645 0.95030123
QP-Loss 88000 1.0101753 0.9166426
QP-Loss 89000 0.9817176 0.88444877
QP-Loss 90000 0.95444965 0.85368115
QP-Loss 91000 0.9283192 0.824265
QP-Loss 92000 0.90324026 0.79613405
QP-Loss 93000 0.87918186 0.76924646
QP-Loss 94000 0.8561139 0.7435276
QP-Loss 95000 0.83395624 0.7188937
QP-Loss 96000 0.8126901 0.6953251
QP-Loss 97000 0.79228896 0.67277193
QP-Loss 98000 0.77267224 0.6511816
QP-Loss 99000 0.7538316 0.63051236
QP-Loss 100000 0.73572063 0.6107221
QP-Loss 101000 0.71829396 0.59176844
QP-Loss 102000 0.7015204 0.57360727
QP-Loss 103000 0.6853862 0.55621797
QP-Loss 104000 0.6698443 0.53955245
QP-Loss 105000 0.65486676 0.5235899
QP-Loss 106000 0.64043665 0.5082866
QP-Loss 107000 0.6265304 0.49362198
QP-Loss 108000 0.6131215 0.47955012
QP-Loss 109000 0.60018396 0.46606618
QP-Loss 110000 0.587714 0.4531185
QP-Loss 111000 0.5756799 0.44069898
QP-Loss 112000 0.5640475 0.4287816
QP-Loss 113000 0.5528198 0.4173286
QP-Loss 114000 0.5419674 0.40634248
QP-Loss 115000 0.5315014 0.39580703
QP-Loss 116000 0.5214023 0.38569003
QP-Loss 117000 0.5116255 0.37595707
QP-Loss 118000 0.50215316 0.3666019
QP-Loss 119000 0.4929727 0.35760787
QP-Loss 120000 0.48408452 0.3489699
QP-Loss 121000 0.47550702 0.3406637
QP-Loss 122000 0.46718955 0.33268154
QP-Loss 123000 0.45911172 0.32501206
QP-Loss 124000 0.4512713 0.31762224
QP-Loss 125000 0.4436697 0.31050643
QP-Loss 126000 0.43629518 0.30366728
QP-Loss 127000 0.42914215 0.2970933
QP-Loss 128000 0.4221945 0.2907672
QP-Loss 129000 0.41544268 0.28466648
QP-Loss 130000 0.40888023 0.2787905
QP-Loss 131000 0.40248993 0.27311164
QP-Loss 132000 0.396287 0.26765886
QP-Loss 133000 0.3902533 0.26239258
QP-Loss 134000 0.38438424 0.25734007
QP-Loss 135000 0.3786653 0.25245675
QP-Loss 136000 0.3730996 0.24774721
QP-Loss 137000 0.36767945 0.24320027
QP-Loss 138000 0.3624022 0.23881052
QP-Loss 139000 0.35725865 0.23456526
QP-Loss 140000 0.35224453 0.2304635
QP-Loss 141000 0.34735262 0.22650069
QP-Loss 142000 0.34258267 0.22267896
QP-Loss 143000 0.3379359 0.21897869
QP-Loss 144000 0.3334031 0.2154031
QP-Loss 145000 0.32897535 0.21194205
QP-Loss 146000 0.32464156 0.20856655
QP-Loss 147000 0.3204199 0.20532563
QP-Loss 148000 0.3162821 0.20215999
QP-Loss 149000 0.3122349 0.19906843
QP-Loss 150000 0.30829072 0.19609678
QP-Loss 151000 0.3044395 0.19320606
QP-Loss 152000 0.30067363 0.1903929
QP-Loss 153000 0.2969992 0.18769014
QP-Loss 154000 0.29339242 0.18503952
QP-Loss 155000 0.28986028 0.18246107
QP-Loss 156000 0.28641352 0.17998561
QP-Loss 157000 0.28303388 0.17756018
QP-Loss 158000 0.27971816 0.1751834
QP-Loss 159000 0.27647355 0.17288175
QP-Loss 160000 0.27329227 0.17063971
QP-Loss 161000 0.2701708 0.16844459
QP-Loss 162000 0.267115 0.16631998
QP-Loss 163000 0.26411393 0.16423999
QP-Loss 164000 0.26117277 0.16221355
QP-Loss 165000 0.25828722 0.16022834
QP-Loss 166000 0.25547498 0.15830624
QP-Loss 167000 0.25271276 0.15642144
QP-Loss 168000 0.24999994 0.15458392
QP-Loss 169000 0.2473371 0.15279014
QP-Loss 170000 0.24472241 0.1510451
QP-Loss 171000 0.24214782 0.14932546
QP-Loss 172000 0.2396199 0.1476375
QP-Loss 173000 0.23713751 0.14598833
QP-Loss 174000 0.23470454 0.1443913
QP-Loss 175000 0.23231357 0.14282705
QP-Loss 176000 0.22995985 0.14128852
QP-Loss 177000 0.22764407 0.13977359
QP-Loss 178000 0.22536391 0.13828327
QP-Loss 179000 0.22312753 0.13683805
QP-Loss 180000 0.22093356 0.1354314
QP-Loss 181000 0.21877246 0.13404277
QP-Loss 182000 0.21664341 0.13267206
QP-Loss 183000 0.21454887 0.1313245
QP-Loss 184000 0.21248478 0.12999654
QP-Loss 185000 0.21046138 0.12871625
QP-Loss 186000 0.20847249 0.12746164
QP-Loss 187000 0.2065102 0.12622146
QP-Loss 188000 0.20457733 0.12499811
QP-Loss 189000 0.20267157 0.12379267
QP-Loss 190000 0.20079553 0.12260641
QP-Loss 191000 0.19895267 0.12145053
QP-Loss 192000 0.19714196 0.12032092
QP-Loss 193000 0.19535582 0.11920474
QP-Loss 194000 0.19359331 0.118104465
QP-Loss 195000 0.19185527 0.11701832
QP-Loss 196000 0.19014208 0.115945496
QP-Loss 197000 0.18845451 0.11488954
QP-Loss 198000 0.18679364 0.11385414
QP-Loss 199000 0.18515448 0.11283039
QP-Loss 200000 0.18353896 0.11182525
QP-Loss 201000 0.18194996 0.110841125
QP-Loss 202000 0.18038309 0.10987176
QP-Loss 203000 0.17883527 0.10891403
QP-Loss 204000 0.17730689 0.107966065
QP-Loss 205000 0.17579766 0.107027024
QP-Loss 206000 0.17431314 0.10611158
QP-Loss 207000 0.17284875 0.10520616
QP-Loss 208000 0.17140354 0.10431222
QP-Loss 209000 0.16997598 0.10342944
QP-Loss 210000 0.16856842 0.10256133
QP-Loss 211000 0.16717906 0.10170441
QP-Loss 212000 0.16580757 0.10085821
QP-Loss 213000 0.16445272 0.100020915
QP-Loss 214000 0.16311596 0.09919596
QP-Loss 215000 0.1618005 0.09839266
QP-Loss 216000 0.16050327 0.09760651
QP-Loss 217000 0.15922447 0.096833974
QP-Loss 218000 0.15796457 0.09607349
QP-Loss 219000 0.15672094 0.09532055
QP-Loss 220000 0.1554941 0.09457909
QP-Loss 221000 0.15428251 0.09384617
QP-Loss 222000 0.15308584 0.09312293
QP-Loss 223000 0.1519038 0.092408836
QP-Loss 224000 0.1507344 0.09170154
QP-Loss 225000 0.14957994 0.09100436
QP-Loss 226000 0.14844935 0.09032158
QP-Loss 227000 0.1473322 0.08964546
QP-Loss 228000 0.14622675 0.088974886
QP-Loss 229000 0.14513172 0.088307425
QP-Loss 230000 0.14404716 0.08764356
QP-Loss 231000 0.14297546 0.08698709
QP-Loss 232000 0.14191668 0.08633996
QP-Loss 233000 0.14086942 0.08569799
QP-Loss 234000 0.13983384 0.08506158
QP-Loss 235000 0.13881038 0.084432416
QP-Loss 236000 0.13779737 0.08380729
QP-Loss 237000 0.13679393 0.08318642
QP-Loss 238000 0.13580127 0.08257139
QP-Loss 239000 0.1348197 0.0819592
QP-Loss 240000 0.1338482 0.081350334
QP-Loss 241000 0.13288696 0.080745146
QP-Loss 242000 0.13193549 0.08014438
QP-Loss 243000 0.13099326 0.079547964
QP-Loss 244000 0.13006036 0.0789557
QP-Loss 245000 0.12913676 0.078370385
QP-Loss 246000 0.128222 0.07779022
QP-Loss 247000 0.12731685 0.07721481
QP-Loss 248000 0.12642206 0.076646075
QP-Loss 249000 0.1255361 0.07608105
QP-Loss 250000 0.124658845 0.07551978
QP-Loss 251000 0.12379068 0.07496484
QP-Loss 252000 0.122930296 0.07441235
QP-Loss 253000 0.122077346 0.07386228
QP-Loss 254000 0.121231794 0.073315434
QP-Loss 255000 0.12039432 0.07277454
QP-Loss 256000 0.119565286 0.072238505
QP-Loss 257000 0.11874417 0.0717066
QP-Loss 258000 0.11793091 0.07117854
QP-Loss 259000 0.11712623 0.070656195
QP-Loss 260000 0.11632941 0.07013905
QP-Loss 261000 0.11553973 0.06962547
QP-Loss 262000 0.11475744 0.069115564
QP-Loss 263000 0.11398184 0.06860885
QP-Loss 264000 0.1132131 0.068104364
QP-Loss 265000 0.112451345 0.06760269
QP-Loss 266000 0.11169678 0.06710462
QP-Loss 267000 0.110948294 0.06660927
QP-Loss 268000 0.11020706 0.06611867
QP-Loss 269000 0.10947243 0.06563194
QP-Loss 270000 0.1087442 0.06514847
QP-Loss 271000 0.10802557 0.06467275
QP-Loss 272000 0.107313514 0.06420033
QP-Loss 273000 0.106608115 0.063730404
QP-Loss 274000 0.105909765 0.06326603
QP-Loss 275000 0.10521742 0.062804736
QP-Loss 276000 0.10453105 0.062345546
QP-Loss 277000 0.103850536 0.06188967
QP-Loss 278000 0.10317532 0.061436202
QP-Loss 279000 0.102505066 0.060984995
QP-Loss 280000 0.101840116 0.060537003
QP-Loss 281000 0.10117981 0.060091697
QP-Loss 282000 0.100526005 0.059649825
QP-Loss 283000 0.09987804 0.05921108
QP-Loss 284000 0.09923645 0.05877725
QP-Loss 285000 0.098600596 0.05834568
QP-Loss 286000 0.09797019 0.05791709
QP-Loss 287000 0.097345114 0.057491798
QP-Loss 288000 0.09672556 0.057070147
QP-Loss 289000 0.09611151 0.05665369
QP-Loss 290000 0.09550255 0.056240257
QP-Loss 291000 0.09489849 0.055829212
QP-Loss 292000 0.094299436 0.055420175
QP-Loss 293000 0.093705006 0.055013426
QP-Loss 294000 0.09311459 0.054608855
QP-Loss 295000 0.09252892 0.05420644
QP-Loss 296000 0.09194831 0.053807676
QP-Loss 297000 0.09137217 0.0534117
QP-Loss 298000 0.09080082 0.05301851
QP-Loss 299000 0.090233915 0.052627012
QP-Loss 300000 0.08967159 0.052238367
QP-Loss 301000 0.08911321 0.051852297
QP-Loss 302000 0.088559784 0.051469296
QP-Loss 303000 0.088012956 0.051090494
QP-Loss 304000 0.08747793 0.05071861
QP-Loss 305000 0.08694815 0.050350465
QP-Loss 306000 0.086422525 0.049984735
QP-Loss 307000 0.085902214 0.04962358
QP-Loss 308000 0.08539287 0.049277604
QP-Loss 309000 0.08488784 0.048934188
QP-Loss 310000 0.0843865 0.04859265
QP-Loss 311000 0.08388889 0.048253063
QP-Loss 312000 0.08339462 0.047915027
QP-Loss 313000 0.082904756 0.047580514
QP-Loss 314000 0.08241887 0.04724883
QP-Loss 315000 0.081936985 0.046919614
QP-Loss 316000 0.0814586 0.046592254
QP-Loss 317000 0.080983885 0.046267625
QP-Loss 318000 0.080513485 0.045946024
QP-Loss 319000 0.08004781 0.045629095
QP-Loss 320000 0.07958596 0.045314424
QP-Loss 321000 0.07912748 0.045001302
QP-Loss 322000 0.07867188 0.044690356
QP-Loss 323000 0.07822057 0.044383135
QP-Loss 324000 0.077772416 0.044077374
QP-Loss 325000 0.077328086 0.04377371
QP-Loss 326000 0.07688709 0.043471567
QP-Loss 327000 0.076449044 0.04317071
QP-Loss 328000 0.076014005 0.042871747
QP-Loss 329000 0.0755817 0.042574286
QP-Loss 330000 0.075152434 0.042278875
QP-Loss 331000 0.07472654 0.041986115
QP-Loss 332000 0.0743036 0.041694757
QP-Loss 333000 0.07388397 0.041405432
QP-Loss 334000 0.07346716 0.04111796
QP-Loss 335000 0.073053636 0.040833186
QP-Loss 336000 0.07264352 0.040551003
QP-Loss 337000 0.07223638 0.040270116
QP-Loss 338000 0.07183189 0.03999043
QP-Loss 339000 0.07142997 0.039711963
Step 339103: freezing conditions [0] (losses [0.0255778469145298])
QP-Loss 340000 0.07103268 0.039432865
QP-Loss 341000 0.07063817 0.03915507
QP-Loss 342000 0.07024756 0.0388819
QP-Loss 343000 0.06986029 0.038611356
QP-Loss 344000 0.06947535 0.038342077
QP-Loss 345000 0.06909316 0.03807399
QP-Loss 346000 0.068713404 0.037807066
QP-Loss 347000 0.06833601 0.03754133
QP-Loss 348000 0.067961365 0.037277393
QP-Loss 349000 0.06758928 0.037014842
QP-Loss 350000 0.06721974 0.03675397
QP-Loss 351000 0.06685312 0.036495235
QP-Loss 352000 0.06648879 0.03623792
QP-Loss 353000 0.06612729 0.035983484
QP-Loss 354000 0.06576822 0.03573047
QP-Loss 355000 0.06541177 0.035479747
QP-Loss 356000 0.06505802 0.035230827
QP-Loss 357000 0.064706646 0.034983292
QP-Loss 358000 0.064357474 0.034737036
QP-Loss 359000 0.06401063 0.034492046
QP-Loss 360000 0.06366596 0.034248084
QP-Loss 361000 0.063323595 0.03400515
QP-Loss 362000 0.06298346 0.033763304
QP-Loss 363000 0.062645875 0.03352337
QP-Loss 364000 0.062312122 0.033288267
QP-Loss 365000 0.061981212 0.03305566
QP-Loss 366000 0.06165314 0.03282565
QP-Loss 367000 0.061327253 0.032597285
QP-Loss 368000 0.061003506 0.032370046
QP-Loss 369000 0.060682174 0.032144554
QP-Loss 370000 0.060362935 0.031919893
QP-Loss 371000 0.0600457 0.031696245
QP-Loss 372000 0.059730634 0.031473823
QP-Loss 373000 0.059417855 0.031253666
QP-Loss 374000 0.05910699 0.031034645
QP-Loss 375000 0.058797956 0.030816516
Step 375520: freezing conditions [4] (losses [0.024711867794394493])
QP-Loss 376000 0.058491994 0.030598525
QP-Loss 377000 0.058189068 0.030380422
QP-Loss 378000 0.05788821 0.030163651
QP-Loss 379000 0.057589203 0.029948125
QP-Loss 380000 0.05729249 0.029734861
QP-Loss 381000 0.056998026 0.029523762
QP-Loss 382000 0.05670538 0.029314077
QP-Loss 383000 0.05641432 0.029105341
QP-Loss 384000 0.056125075 0.028897814
QP-Loss 385000 0.05583779 0.02869152
QP-Loss 386000 0.05555242 0.028486755
QP-Loss 387000 0.0552693 0.028284365
QP-Loss 388000 0.05498938 0.028086608
QP-Loss 389000 0.054711718 0.027891334
QP-Loss 390000 0.05443565 0.0276971
QP-Loss 391000 0.054161567 0.027505055
QP-Loss 392000 0.053889375 0.027315099
QP-Loss 393000 0.053619046 0.02712635
QP-Loss 394000 0.05335031 0.026938539
QP-Loss 395000 0.053083178 0.02675169
QP-Loss 396000 0.0528176 0.026565678
Step 396961: freezing conditions [1] (losses [0.01810741424560547])
QP-Loss 397000 0.052553862 0.026380643
QP-Loss 398000 0.052293688 0.026196025
QP-Loss 399000 0.052034955 0.026012396
QP-Loss 400000 0.05177754 0.025829604
QP-Loss 401000 0.05152163 0.025647614
QP-Loss 402000 0.051267177 0.025466468
QP-Loss 403000 0.051014353 0.02528656
QP-Loss 404000 0.05076319 0.02510787
QP-Loss 405000 0.0505136 0.024930686
QP-Loss 406000 0.05026597 0.024755772
QP-Loss 407000 0.050020058 0.02458229
QP-Loss 408000 0.049775463 0.024409702
QP-Loss 409000 0.04953215 0.024237944
QP-Loss 410000 0.04929036 0.024067095
QP-Loss 411000 0.049049843 0.023897236
QP-Loss 412000 0.04881079 0.023728453
QP-Loss 413000 0.048575312 0.023561446
QP-Loss 414000 0.04834339 0.023396604
QP-Loss 415000 0.04811288 0.023233293
QP-Loss 416000 0.047883686 0.02307076
QP-Loss 417000 0.0476557 0.022908973
QP-Loss 418000 0.047429115 0.022748075
QP-Loss 419000 0.04720414 0.022587813
QP-Loss 420000 0.04698052 0.022428246
QP-Loss 421000 0.046758007 0.022269452
QP-Loss 422000 0.046536762 0.022111338
QP-Loss 423000 0.04631676 0.021954147
QP-Loss 424000 0.046097945 0.021797769
QP-Loss 425000 0.045881834 0.021642841
QP-Loss 426000 0.04566769 0.021489395
QP-Loss 427000 0.045454696 0.021336712
QP-Loss 428000 0.045243394 0.021186259
QP-Loss 429000 0.04503348 0.021037102
QP-Loss 430000 0.044824842 0.020888735
QP-Loss 431000 0.04461767 0.020741096
QP-Loss 432000 0.044411734 0.020594312
QP-Loss 433000 0.044207018 0.02044863
QP-Loss 434000 0.04400455 0.02030567
QP-Loss 435000 0.043805882 0.02016798
QP-Loss 436000 0.04360826 0.020030934
QP-Loss 437000 0.043411687 0.019894945
QP-Loss 438000 0.043216307 0.019759728
QP-Loss 439000 0.04302211 0.019625137
QP-Loss 440000 0.0428292 0.019491661
Step 440681: freezing conditions [9] (losses [0.026209630072116852])
Step 440792: freezing conditions [5] (losses [0.024563075974583626])
QP-Loss 441000 0.04263872 0.019357925
QP-Loss 442000 0.042454187 0.019224988
QP-Loss 443000 0.042270735 0.019092867
QP-Loss 444000 0.04208854 0.018962339
QP-Loss 445000 0.0419074 0.018833023
QP-Loss 446000 0.041727167 0.018704178
QP-Loss 447000 0.041548025 0.018576007
QP-Loss 448000 0.04136999 0.018448725
QP-Loss 449000 0.04119319 0.018322699
QP-Loss 450000 0.04101741 0.018197393
QP-Loss 451000 0.040842652 0.01807297
QP-Loss 452000 0.040669005 0.017949162
Step 452294: freezing conditions [3] (losses [0.02343796379864216])
QP-Loss 453000 0.040497858 0.017824586
QP-Loss 454000 0.04032821 0.017700152
QP-Loss 455000 0.040159468 0.017576396
QP-Loss 456000 0.03999153 0.017453223
Step 456448: freezing conditions [8] (losses [0.02867833338677883])
QP-Loss 457000 0.039825823 0.017329808
QP-Loss 458000 0.039662138 0.017206483
QP-Loss 459000 0.03949976 0.017084934
QP-Loss 460000 0.039338317 0.0169642
QP-Loss 461000 0.03917772 0.016844105
QP-Loss 462000 0.039017923 0.016724994
QP-Loss 463000 0.03885906 0.01660712
QP-Loss 464000 0.03870119 0.016490191
QP-Loss 465000 0.038544264 0.016373841
QP-Loss 466000 0.038388252 0.016258191
QP-Loss 467000 0.038233053 0.016143251
QP-Loss 468000 0.038078498 0.016028821
QP-Loss 469000 0.03792465 0.015914941
QP-Loss 470000 0.03777167 0.015801555
QP-Loss 471000 0.03761957 0.01568868
QP-Loss 472000 0.037468255 0.01557635
QP-Loss 473000 0.037317764 0.015464747
QP-Loss 474000 0.037168037 0.015353989
QP-Loss 475000 0.037019208 0.015244339
QP-Loss 476000 0.03687114 0.015135648
QP-Loss 477000 0.03672396 0.0150277205
QP-Loss 478000 0.036578197 0.01492215
QP-Loss 479000 0.036433175 0.014817341
QP-Loss 480000 0.03628895 0.014713198
QP-Loss 481000 0.036145646 0.0146097895
QP-Loss 482000 0.036003217 0.014507044
QP-Loss 483000 0.03586148 0.014404862
QP-Loss 484000 0.0357204 0.014303145
QP-Loss 485000 0.035579927 0.01420195
QP-Loss 486000 0.035440072 0.014101282
QP-Loss 487000 0.035301086 0.014001459
QP-Loss 488000 0.035162713 0.013902131
QP-Loss 489000 0.035024893 0.013803333
QP-Loss 490000 0.034887686 0.013705019
QP-Loss 491000 0.034751218 0.013607223
QP-Loss 492000 0.034615427 0.013510056
QP-Loss 493000 0.034480356 0.013413475
QP-Loss 494000 0.03434595 0.013317433
QP-Loss 495000 0.034212593 0.013222575
QP-Loss 496000 0.03408001 0.013128405
QP-Loss 497000 0.033948116 0.01303488
QP-Loss 498000 0.033816915 0.012942117
QP-Loss 499000 0.033686336 0.01285004
QP-Loss 500000 0.033556495 0.012758717
QP-Loss 501000 0.033427343 0.012668028
QP-Loss 502000 0.033298872 0.012577901
QP-Loss 503000 0.03317121 0.012488777
QP-Loss 504000 0.033044185 0.012400291
QP-Loss 505000 0.032917727 0.012312305
QP-Loss 506000 0.032791868 0.0122251045
QP-Loss 507000 0.032666575 0.012138428
QP-Loss 508000 0.032541875 0.012052285
QP-Loss 509000 0.032417748 0.011966776
QP-Loss 510000 0.032294307 0.011881889
QP-Loss 511000 0.03217155 0.011797619
QP-Loss 512000 0.032049604 0.01171406
QP-Loss 513000 0.031928334 0.011630995
QP-Loss 514000 0.03180773 0.01154859
QP-Loss 515000 0.031687837 0.011467199
QP-Loss 516000 0.031568456 0.011386371
QP-Loss 517000 0.031449836 0.011306495
QP-Loss 518000 0.03133198 0.011227753
QP-Loss 519000 0.031214809 0.011149938
QP-Loss 520000 0.031098211 0.011072622
QP-Loss 521000 0.030982101 0.010995838
QP-Loss 522000 0.030866526 0.01091958
QP-Loss 523000 0.030751636 0.01084422
QP-Loss 524000 0.030637732 0.010770477
QP-Loss 525000 0.030524673 0.010698207
QP-Loss 526000 0.030412236 0.010626596
QP-Loss 527000 0.030300433 0.010555496
QP-Loss 528000 0.030189255 0.010484951
QP-Loss 529000 0.030078562 0.010414937
QP-Loss 530000 0.029968495 0.01034533
QP-Loss 531000 0.029858982 0.010276181
QP-Loss 532000 0.029750044 0.010207475
QP-Loss 533000 0.02964192 0.010140234
QP-Loss 534000 0.029534532 0.010074098
QP-Loss 535000 0.029427586 0.010008213
QP-Loss 536000 0.029321147 0.009943114
QP-Loss 537000 0.029215207 0.0098787695
QP-Loss 538000 0.029109886 0.009815545
QP-Loss 539000 0.029005101 0.0097529115
QP-Loss 540000 0.02890125 0.009691847
QP-Loss 541000 0.02879829 0.009632343
QP-Loss 542000 0.028695958 0.009573818
QP-Loss 543000 0.028594138 0.009515821
QP-Loss 544000 0.028492846 0.009458261
QP-Loss 545000 0.028392246 0.009401688
QP-Loss 546000 0.028292134 0.009345644
QP-Loss 547000 0.02819249 0.009290054
QP-Loss 548000 0.028093165 0.009234643
QP-Loss 549000 0.02799446 0.009180031
QP-Loss 550000 0.027896663 0.009126905
QP-Loss 551000 0.027799303 0.009074185
QP-Loss 552000 0.027702412 0.009021943
QP-Loss 553000 0.027605845 0.00897008
QP-Loss 554000 0.027509585 0.008918444
QP-Loss 555000 0.027413843 0.008867596
QP-Loss 556000 0.027318647 0.008817605
QP-Loss 557000 0.027224077 0.008768641
QP-Loss 558000 0.027130032 0.008720229
QP-Loss 559000 0.027036354 0.008672316
QP-Loss 560000 0.026943112 0.008624879
QP-Loss 561000 0.026850553 0.008578428
QP-Loss 562000 0.026758472 0.008532585
QP-Loss 563000 0.026666949 0.008487121
QP-Loss 564000 0.026575848 0.008442088
QP-Loss 565000 0.02648517 0.008397495
QP-Loss 566000 0.02639497 0.008353313
QP-Loss 567000 0.026305214 0.008309681
QP-Loss 568000 0.026216066 0.008266953
QP-Loss 569000 0.026127493 0.008224876
QP-Loss 570000 0.026039412 0.008183629
QP-Loss 571000 0.025951691 0.008142931
QP-Loss 572000 0.02586435 0.008102673
QP-Loss 573000 0.025777346 0.008062907
QP-Loss 574000 0.025690792 0.0080237435
QP-Loss 575000 0.025604673 0.007985154
QP-Loss 576000 0.025519038 0.007947194
QP-Loss 577000 0.02543389 0.007909684
QP-Loss 578000 0.02534912 0.0078726625
QP-Loss 579000 0.025264928 0.007836497
QP-Loss 580000 0.025181161 0.007800883
QP-Loss 581000 0.025097921 0.007766004
QP-Loss 582000 0.025015028 0.0077315765
QP-Loss 583000 0.02493237 0.007697249
QP-Loss 584000 0.024850026 0.007663144
QP-Loss 585000 0.02476821 0.0076300134
QP-Loss 586000 0.02468689 0.007597482
QP-Loss 587000 0.02460594 0.0075653237
QP-Loss 588000 0.024525402 0.0075337
QP-Loss 589000 0.02444529 0.00750274
QP-Loss 590000 0.024365539 0.007472214
QP-Loss 591000 0.024286082 0.0074421386
QP-Loss 592000 0.024206951 0.007412531
QP-Loss 593000 0.024128191 0.007383315
QP-Loss 594000 0.024049832 0.007354659
QP-Loss 595000 0.023972005 0.0073268507
QP-Loss 596000 0.023894561 0.007299444
QP-Loss 597000 0.02381751 0.007272479
QP-Loss 598000 0.023740858 0.0072459294
QP-Loss 599000 0.023664499 0.0072198627
QP-Loss 600000 0.023588503 0.007194416
QP-Loss 601000 0.023513064 0.007169788
QP-Loss 602000 0.023438072 0.007145594
QP-Loss 603000 0.023363465 0.0071217907
QP-Loss 604000 0.023289293 0.007098672
QP-Loss 605000 0.023215408 0.0070760427
QP-Loss 606000 0.023141854 0.007053894
QP-Loss 607000 0.02306875 0.007032115
QP-Loss 608000 0.02299609 0.0070111263
QP-Loss 609000 0.022923812 0.006990657
QP-Loss 610000 0.022851875 0.0069705783
QP-Loss 611000 0.022780301 0.0069509363
QP-Loss 612000 0.022709047 0.0069317017
QP-Loss 613000 0.022638077 0.0069128675
QP-Loss 614000 0.022567471 0.00689441
QP-Loss 615000 0.022497246 0.0068763937
QP-Loss 616000 0.02242732 0.006858815
QP-Loss 617000 0.022357723 0.006841584
QP-Loss 618000 0.022288457 0.0068246988
QP-Loss 619000 0.022219455 0.006808266
QP-Loss 620000 0.022150725 0.006792259
QP-Loss 621000 0.022082293 0.006776644
QP-Loss 622000 0.0220143 0.006761652
QP-Loss 623000 0.021946853 0.006747351
QP-Loss 624000 0.02187972 0.0067334375
QP-Loss 625000 0.021812836 0.0067199036
QP-Loss 626000 0.021746246 0.006706726
QP-Loss 627000 0.021679947 0.0066939206
QP-Loss 628000 0.021613935 0.0066814674
QP-Loss 629000 0.021548217 0.006669387
QP-Loss 630000 0.021482825 0.0066576395
QP-Loss 631000 0.021417709 0.006646224
QP-Loss 632000 0.021352947 0.006635137
QP-Loss 633000 0.021288523 0.006624417
QP-Loss 634000 0.021224475 0.0066139502
QP-Loss 635000 0.021160677 0.0066038384
QP-Loss 636000 0.02109717 0.0065940977
QP-Loss 637000 0.021033945 0.006584813
QP-Loss 638000 0.020970987 0.0065759346
QP-Loss 639000 0.020908311 0.0065673348
QP-Loss 640000 0.02084603 0.006559297
QP-Loss 641000 0.020784153 0.006551776
QP-Loss 642000 0.020722555 0.006544559
QP-Loss 643000 0.02066121 0.006537674
QP-Loss 644000 0.020600492 0.0065309303
QP-Loss 645000 0.020540828 0.0065241614
QP-Loss 646000 0.020481614 0.0065176124
QP-Loss 647000 0.0204228 0.0065113506
QP-Loss 648000 0.020364314 0.0065055154
QP-Loss 649000 0.020306202 0.00650017
QP-Loss 650000 0.020248367 0.0064951726
QP-Loss 651000 0.02019083 0.0064904676
QP-Loss 652000 0.020133564 0.0064860308
QP-Loss 653000 0.020076618 0.0064819283
QP-Loss 654000 0.020019988 0.0064782184
QP-Loss 655000 0.019963618 0.006474783
QP-Loss 656000 0.019907493 0.0064716428
QP-Loss 657000 0.019851588 0.006468772
QP-Loss 658000 0.019795896 0.006466183
QP-Loss 659000 0.019740438 0.0064638634
QP-Loss 660000 0.019685252 0.0064617516
QP-Loss 661000 0.019630326 0.0064598727
QP-Loss 662000 0.019575702 0.006458231
QP-Loss 663000 0.019521333 0.006456857
QP-Loss 664000 0.019467207 0.006455731
QP-Loss 665000 0.019413361 0.0064548994
QP-Loss 666000 0.019359753 0.0064543225
QP-Loss 667000 0.019306395 0.006453963
QP-Loss 668000 0.01925326 0.0064538415
QP-Loss 669000 0.019200316 0.0064539933
QP-Loss 670000 0.019147577 0.0064543746
QP-Loss 671000 0.019095093 0.0064549726
QP-Loss 672000 0.019042902 0.006455854
QP-Loss 673000 0.018990995 0.0064570946
QP-Loss 674000 0.018939348 0.006458546
QP-Loss 675000 0.01888795 0.006460221
QP-Loss 676000 0.018836828 0.0064622066
QP-Loss 677000 0.018785983 0.0064643705
QP-Loss 678000 0.018735385 0.0064667356
QP-Loss 679000 0.018684978 0.006469326
QP-Loss 680000 0.018634798 0.006472129
QP-Loss 681000 0.018584887 0.006475192
QP-Loss 682000 0.01853571 0.006478954
QP-Loss 683000 0.018486852 0.006483006
QP-Loss 684000 0.018438205 0.0064872424
QP-Loss 685000 0.018389815 0.0064916112
QP-Loss 686000 0.018341633 0.006496144
QP-Loss 687000 0.01829366 0.0065008756
QP-Loss 688000 0.018245919 0.006505879
QP-Loss 689000 0.018198479 0.006511086
QP-Loss 690000 0.018151313 0.0065164384
QP-Loss 691000 0.018104395 0.006521931
QP-Loss 692000 0.01805771 0.006527531
QP-Loss 693000 0.018011205 0.00653328
QP-Loss 694000 0.017964983 0.006539201
QP-Loss 695000 0.017919498 0.006545582
QP-Loss 696000 0.017874373 0.0065522175
QP-Loss 697000 0.017829563 0.0065589645
QP-Loss 698000 0.017784998 0.0065658265
QP-Loss 699000 0.017740648 0.0065728365
QP-Loss 700000 0.017696528 0.006579986
QP-Loss 701000 0.017652607 0.006587267
QP-Loss 702000 0.01760889 0.0065946905
QP-Loss 703000 0.017565379 0.006602227
QP-Loss 704000 0.017522132 0.0066100447
QP-Loss 705000 0.017479079 0.0066180048
QP-Loss 706000 0.01743623 0.006626171
QP-Loss 707000 0.017393617 0.0066344077
QP-Loss 708000 0.017351242 0.0066426834
QP-Loss 709000 0.017309023 0.0066510607
QP-Loss 710000 0.017266946 0.0066595417
QP-Loss 711000 0.017225107 0.0066680443
QP-Loss 712000 0.017183432 0.00667663
QP-Loss 713000 0.017141908 0.0066853287
QP-Loss 714000 0.01710056 0.006694115
QP-Loss 715000 0.017059403 0.0067029763
QP-Loss 716000 0.017018443 0.0067118825
QP-Loss 717000 0.01697766 0.006720881
QP-Loss 718000 0.016937053 0.0067299632
QP-Loss 719000 0.016896596 0.0067390907
Step 719807: freezing conditions [2] (losses [0.015009105205535889])
QP-Loss 720000 0.01685653 0.0067482456
QP-Loss 721000 0.016817708 0.0067572594
QP-Loss 722000 0.016779074 0.006766392
QP-Loss 723000 0.016740618 0.0067756255
QP-Loss 724000 0.01670255 0.006785059
QP-Loss 725000 0.016664699 0.0067945854
QP-Loss 726000 0.016627079 0.006804268
QP-Loss 727000 0.016589604 0.0068140323
QP-Loss 728000 0.016552303 0.0068238536
QP-Loss 729000 0.016515166 0.0068337135
QP-Loss 730000 0.016478192 0.0068436423
QP-Loss 731000 0.016441405 0.0068536755
QP-Loss 732000 0.016404785 0.006863763
QP-Loss 733000 0.016368335 0.0068738926
QP-Loss 734000 0.016332032 0.006884081
QP-Loss 735000 0.016295874 0.006894311
QP-Loss 736000 0.016259843 0.006904607
QP-Loss 737000 0.016223978 0.0069149737
QP-Loss 738000 0.016188242 0.0069253966
QP-Loss 739000 0.016152648 0.006935869
QP-Loss 740000 0.016117213 0.006946397
QP-Loss 741000 0.016081974 0.006956944
QP-Loss 742000 0.01604687 0.006967536
QP-Loss 743000 0.0160119 0.0069781747
QP-Loss 744000 0.015977059 0.006988866
QP-Loss 745000 0.015942378 0.0069995755
QP-Loss 746000 0.015908005 0.007010449
QP-Loss 747000 0.015873773 0.007021372
QP-Loss 748000 0.015839713 0.007032301
QP-Loss 749000 0.015805801 0.0070432667
QP-Loss 750000 0.015772045 0.00705427
QP-Loss 751000 0.015738422 0.007065302
QP-Loss 752000 0.015704935 0.0070763626
QP-Loss 753000 0.015671602 0.007087441
QP-Loss 754000 0.015638381 0.007098559
QP-Loss 755000 0.0156052895 0.0071097165
QP-Loss 756000 0.015572404 0.0071208826
QP-Loss 757000 0.015539628 0.0071320636
QP-Loss 758000 0.015506983 0.007143273
QP-Loss 759000 0.015474462 0.0071545155
QP-Loss 760000 0.015442069 0.0071657808
QP-Loss 761000 0.015409812 0.00717707
QP-Loss 762000 0.015377767 0.0071884147
QP-Loss 763000 0.015345879 0.007199803
QP-Loss 764000 0.015314142 0.0072112014
QP-Loss 765000 0.015282567 0.0072225924
QP-Loss 766000 0.01525114 0.007233983
QP-Loss 767000 0.015219863 0.0072453804
QP-Loss 768000 0.015188691 0.0072568003
QP-Loss 769000 0.015157707 0.0072682435
QP-Loss 770000 0.015126876 0.0072797337
QP-Loss 771000 0.015096132 0.007291246
QP-Loss 772000 0.015065521 0.0073027797
QP-Loss 773000 0.015035026 0.007314309
QP-Loss 774000 0.015004673 0.007325851
QP-Loss 775000 0.014974433 0.0073373956
QP-Loss 776000 0.014944353 0.007348949
QP-Loss 777000 0.0149144 0.0073605315
QP-Loss 778000 0.014884588 0.007372149
QP-Loss 779000 0.014854929 0.0073837903
QP-Loss 780000 0.014825434 0.007395414
QP-Loss 781000 0.014796098 0.00740703
QP-Loss 782000 0.014766935 0.0074186437
QP-Loss 783000 0.014737907 0.0074302456
QP-Loss 784000 0.014709019 0.007441844
QP-Loss 785000 0.01468024 0.0074534584
QP-Loss 786000 0.014651603 0.0074650967
QP-Loss 787000 0.014623125 0.0074767442
QP-Loss 788000 0.014594776 0.007488383
QP-Loss 789000 0.014566541 0.007500013
QP-Loss 790000 0.014538427 0.0075116106
QP-Loss 791000 0.014510472 0.0075232396
QP-Loss 792000 0.014482605 0.0075348793
QP-Loss 793000 0.014454889 0.007546541
QP-Loss 794000 0.01442729 0.0075581837
QP-Loss 795000 0.014399876 0.0075698444
QP-Loss 796000 0.014372643 0.007581544
QP-Loss 797000 0.014345504 0.0075932504
QP-Loss 798000 0.014318473 0.0076049613
QP-Loss 799000 0.014291573 0.0076166624
QP-Loss 800000 0.014264836 0.0076283505
QP-Loss 801000 0.014238219 0.00763999
QP-Loss 802000 0.014211711 0.0076516164
QP-Loss 803000 0.014185323 0.0076632225
QP-Loss 804000 0.01415905 0.007674804
QP-Loss 805000 0.014132914 0.007686374
QP-Loss 806000 0.014106914 0.0076979115
QP-Loss 807000 0.014081065 0.0077094203
QP-Loss 808000 0.014055327 0.0077209296
QP-Loss 809000 0.014029704 0.007732456
QP-Loss 810000 0.014004182 0.007743984
QP-Loss 811000 0.013978775 0.0077555114
QP-Loss 812000 0.0139534725 0.007767018
QP-Loss 813000 0.013928286 0.0077785035
QP-Loss 814000 0.013903198 0.0077899774
QP-Loss 815000 0.0138782235 0.0078014354
QP-Loss 816000 0.013853372 0.007812872
QP-Loss 817000 0.013828616 0.007824298
QP-Loss 818000 0.013804 0.007835723
QP-Loss 819000 0.013779561 0.007847148
QP-Loss 820000 0.013755228 0.007858546
QP-Loss 821000 0.01373105 0.0078699235
QP-Loss 822000 0.013706997 0.007881269
QP-Loss 823000 0.013683057 0.007892602
QP-Loss 824000 0.013659301 0.007903949
QP-Loss 825000 0.0136356205 0.007915283
QP-Loss 826000 0.013612081 0.007926617
QP-Loss 827000 0.013588615 0.007937924
QP-Loss 828000 0.013565267 0.007949198
QP-Loss 829000 0.013542007 0.007960451
QP-Loss 830000 0.013518866 0.00797168
QP-Loss 831000 0.013495806 0.007982895
QP-Loss 832000 0.013472828 0.007994084
QP-Loss 833000 0.013449945 0.00800524
QP-Loss 834000 0.013427258 0.008016418
QP-Loss 835000 0.013404724 0.008027599
QP-Loss 836000 0.013382276 0.008038759
QP-Loss 837000 0.013359923 0.008049899
QP-Loss 838000 0.01333775 0.008061045
QP-Loss 839000 0.013315779 0.008072166
QP-Loss 840000 0.013293977 0.008083252
QP-Loss 841000 0.013272262 0.008094318
QP-Loss 842000 0.013250664 0.008105342
QP-Loss 843000 0.01322917 0.008116344
QP-Loss 844000 0.013207782 0.008127303
QP-Loss 845000 0.01318647 0.008138235
QP-Loss 846000 0.01316524 0.008149147
QP-Loss 847000 0.013144102 0.008160018
QP-Loss 848000 0.013123084 0.008170848
QP-Loss 849000 0.013102151 0.008181639
QP-Loss 850000 0.0130813075 0.008192405
QP-Loss 851000 0.0130605325 0.008203145
QP-Loss 852000 0.013039875 0.008213863
QP-Loss 853000 0.013019289 0.0082245525
QP-Loss 854000 0.012998839 0.008235236
QP-Loss 855000 0.01297851 0.008245907
QP-Loss 856000 0.012958288 0.008256554
QP-Loss 857000 0.012938165 0.008267163
QP-Loss 858000 0.012918148 0.008277729
QP-Loss 859000 0.012898199 0.008288254
QP-Loss 860000 0.012878336 0.0082987435
QP-Loss 861000 0.012858547 0.008309204
QP-Loss 862000 0.012838847 0.008319631
QP-Loss 863000 0.012819219 0.008330017
QP-Loss 864000 0.012799661 0.00834038
QP-Loss 865000 0.012780198 0.0083507
QP-Loss 866000 0.012760811 0.00836098
QP-Loss 867000 0.012741487 0.008371228
QP-Loss 868000 0.012722262 0.008381442
QP-Loss 869000 0.012703121 0.008391617
QP-Loss 870000 0.012684062 0.00840176
QP-Loss 871000 0.012665067 0.0084118815
QP-Loss 872000 0.012646134 0.008421969
QP-Loss 873000 0.0126272915 0.008432026
QP-Loss 874000 0.012608531 0.008442055
QP-Loss 875000 0.012589876 0.008452063
QP-Loss 876000 0.0125712985 0.008462046
QP-Loss 877000 0.012552812 0.008471996
QP-Loss 878000 0.012534398 0.008481909
QP-Loss 879000 0.012516055 0.008491792
QP-Loss 880000 0.012497775 0.008501645
QP-Loss 881000 0.012479587 0.008511466
QP-Loss 882000 0.012461507 0.008521239
QP-Loss 883000 0.012443498 0.00853098
QP-Loss 884000 0.012425542 0.0085406955
QP-Loss 885000 0.012407664 0.008550385
QP-Loss 886000 0.0123898415 0.008560043
QP-Loss 887000 0.012372079 0.008569677
QP-Loss 888000 0.012354384 0.008579285
QP-Loss 889000 0.012336758 0.008588853
QP-Loss 890000 0.012319219 0.0085983835
Step 890585: freezing conditions [10] (losses [0.013199970126152039])
QP-Loss 891000 0.012302338 0.008607942
QP-Loss 892000 0.012286087 0.008617538
QP-Loss 893000 0.012269902 0.008627102
QP-Loss 894000 0.012253777 0.008636637
QP-Loss 895000 0.012237725 0.0086461315
QP-Loss 896000 0.012221754 0.008655578
QP-Loss 897000 0.012205844 0.008664999
QP-Loss 898000 0.012190004 0.008674399
QP-Loss 899000 0.012174224 0.008683772
QP-Loss 900000 0.012158503 0.008693123
QP-Loss 901000 0.012142862 0.008702437
QP-Loss 902000 0.012127281 0.008711722
QP-Loss 903000 0.012111756 0.008720989
QP-Loss 904000 0.012096297 0.008730233
QP-Loss 905000 0.012080898 0.008739448
QP-Loss 906000 0.012065562 0.008748629
QP-Loss 907000 0.012050302 0.008757769
QP-Loss 908000 0.01203511 0.008766869
QP-Loss 909000 0.012019978 0.008775937
QP-Loss 910000 0.0120049 0.008784979
QP-Loss 911000 0.011989879 0.008793994
QP-Loss 912000 0.0119749205 0.008802974
QP-Loss 913000 0.011960027 0.008811918
QP-Loss 914000 0.011945193 0.008820835
QP-Loss 915000 0.011930403 0.008829731
QP-Loss 916000 0.0119156735 0.008838595
QP-Loss 917000 0.01190101 0.008847426
QP-Loss 918000 0.011886403 0.008856228
QP-Loss 919000 0.011871844 0.008865003
QP-Loss 920000 0.011857335 0.008873755
QP-Loss 921000 0.011842874 0.008882488
QP-Loss 922000 0.011828478 0.008891191
QP-Loss 923000 0.011814184 0.008899842
QP-Loss 924000 0.011799954 0.008908455
QP-Loss 925000 0.011785789 0.008917038
QP-Loss 926000 0.011771683 0.008925589
QP-Loss 927000 0.0117576225 0.008934117
QP-Loss 928000 0.011743612 0.008942625
QP-Loss 929000 0.011729669 0.008951099
QP-Loss 930000 0.011715868 0.008959549
QP-Loss 931000 0.011702129 0.008967981
QP-Loss 932000 0.011688441 0.008976388
QP-Loss 933000 0.011674794 0.008984771
QP-Loss 934000 0.011661206 0.008993122
QP-Loss 935000 0.011647667 0.009001447
QP-Loss 936000 0.011634181 0.009009744
QP-Loss 937000 0.011620767 0.009018009
QP-Loss 938000 0.011607411 0.009026238
QP-Loss 939000 0.01159411 0.009034443
QP-Loss 940000 0.011580872 0.009042614
QP-Loss 941000 0.011567697 0.009050752
QP-Loss 942000 0.0115545755 0.009058856
QP-Loss 943000 0.011541498 0.009066938
QP-Loss 944000 0.011528459 0.009074996
QP-Loss 945000 0.011515471 0.009083029
QP-Loss 946000 0.011502531 0.009091033
QP-Loss 947000 0.011489659 0.009098997
QP-Loss 948000 0.011476823 0.009106939
QP-Loss 949000 0.011464104 0.00911486
QP-Loss 950000 0.011451449 0.009122759
QP-Loss 951000 0.011438843 0.009130631
QP-Loss 952000 0.011426278 0.009138479
QP-Loss 953000 0.011413767 0.009146306
QP-Loss 954000 0.011401287 0.009154108
QP-Loss 955000 0.01138885 0.009161888
QP-Loss 956000 0.01137647 0.009169633
QP-Loss 957000 0.011364154 0.00917734
QP-Loss 958000 0.01135188 0.009185023
QP-Loss 959000 0.0113396505 0.009192678
QP-Loss 960000 0.011327474 0.009200302
QP-Loss 961000 0.011315346 0.009207901
QP-Loss 962000 0.011303271 0.00921547
QP-Loss 963000 0.011291243 0.009223013
QP-Loss 964000 0.011279267 0.009230532
QP-Loss 965000 0.0112673445 0.0092380205
QP-Loss 966000 0.011255478 0.009245478
QP-Loss 967000 0.011243649 0.009252913
QP-Loss 968000 0.011231859 0.009260327
QP-Loss 969000 0.011220116 0.009267711
QP-Loss 970000 0.011208418 0.009275072
QP-Loss 971000 0.01119677 0.009282402
QP-Loss 972000 0.011185172 0.009289703
QP-Loss 973000 0.0111735985 0.009296988
QP-Loss 974000 0.01116208 0.009304243
QP-Loss 975000 0.011150606 0.009311467
QP-Loss 976000 0.011139187 0.009318657
QP-Loss 977000 0.011127818 0.0093258135
QP-Loss 978000 0.011116493 0.009332948
QP-Loss 979000 0.011105206 0.009340062
QP-Loss 980000 0.011093968 0.009347146
QP-Loss 981000 0.01108278 0.009354202
QP-Loss 982000 0.011071633 0.009361237
QP-Loss 983000 0.011060524 0.009368252
QP-Loss 984000 0.011049458 0.009375241
QP-Loss 985000 0.011038433 0.009382206
QP-Loss 986000 0.011027443 0.009389152
QP-Loss 987000 0.011016485 0.009396082
QP-Loss 988000 0.011005558 0.009402993
QP-Loss 989000 0.010994662 0.009409885
QP-Loss 990000 0.0109838145 0.009416751
QP-Loss 991000 0.010973 0.009423595
QP-Loss 992000 0.010962251 0.009430396
QP-Loss 993000 0.010951541 0.009437172
QP-Loss 994000 0.010940872 0.009443927
QP-Loss 995000 0.010930247 0.009450661
QP-Loss 996000 0.010919665 0.009457369
QP-Loss 997000 0.010909129 0.009464055
QP-Loss 998000 0.010898639 0.009470711
QP-Loss 999000 0.010888179 0.00947735
QP-Loss 1000000 0.010877763 0.009483962
QP-Loss 1001000 0.010867384 0.009490556
QP-Loss 1002000 0.010857034 0.009497128
QP-Loss 1003000 0.010846722 0.009503683
QP-Loss 1004000 0.01083644 0.0095102135
QP-Loss 1005000 0.010826212 0.009516714
QP-Loss 1006000 0.010816034 0.009523182
QP-Loss 1007000 0.01080589 0.00952963
QP-Loss 1008000 0.010795788 0.009536052
QP-Loss 1009000 0.010785726 0.009542456
QP-Loss 1010000 0.010775697 0.009548841
QP-Loss 1011000 0.010765719 0.009555195
QP-Loss 1012000 0.010755769 0.009561531
QP-Loss 1013000 0.010745864 0.009567838
QP-Loss 1014000 0.010736007 0.009574116
QP-Loss 1015000 0.010726194 0.009580365
QP-Loss 1016000 0.010716417 0.009586591
QP-Loss 1017000 0.010706678 0.009592793
QP-Loss 1018000 0.01069698 0.00959897
QP-Loss 1019000 0.010687315 0.009605127
QP-Loss 1020000 0.01067768 0.00961127
QP-Loss 1021000 0.010668074 0.009617393
QP-Loss 1022000 0.010658505 0.009623496
QP-Loss 1023000 0.010648969 0.009629578
QP-Loss 1024000 0.010639464 0.009635644
QP-Loss 1025000 0.010629992 0.009641689
QP-Loss 1026000 0.010620549 0.009647716
QP-Loss 1027000 0.010611144 0.00965372
QP-Loss 1028000 0.010601771 0.009659707
QP-Loss 1029000 0.010592456 0.009665653
QP-Loss 1030000 0.010583249 0.009671563
QP-Loss 1031000 0.010574096 0.00967745
QP-Loss 1032000 0.0105649745 0.009683318
QP-Loss 1033000 0.010555886 0.009689169
QP-Loss 1034000 0.010546823 0.009695003
QP-Loss 1035000 0.010537803 0.009700811
QP-Loss 1036000 0.010528819 0.009706594
QP-Loss 1037000 0.010519865 0.009712359
QP-Loss 1038000 0.0105109485 0.0097181015
QP-Loss 1039000 0.01050207 0.00972382
QP-Loss 1040000 0.010493214 0.009729523
QP-Loss 1041000 0.0104843965 0.009735204
QP-Loss 1042000 0.010475616 0.009740865
QP-Loss 1043000 0.010466953 0.009746485
QP-Loss 1044000 0.01045834 0.009752072
QP-Loss 1045000 0.01044976 0.00975764
QP-Loss 1046000 0.010441211 0.009763186
QP-Loss 1047000 0.010432708 0.009768713
QP-Loss 1048000 0.010424248 0.009774219
QP-Loss 1049000 0.010415818 0.009779704
QP-Loss 1050000 0.010407416 0.009785171
QP-Loss 1051000 0.010399046 0.009790623
QP-Loss 1052000 0.010390695 0.009796058
QP-Loss 1053000 0.010382389 0.009801466
QP-Loss 1054000 0.010374123 0.0098068435
QP-Loss 1055000 0.010365904 0.009812187
QP-Loss 1056000 0.01035772 0.00981751
QP-Loss 1057000 0.010349568 0.00982281
QP-Loss 1058000 0.010341442 0.009828095
QP-Loss 1059000 0.010333339 0.0098333685
QP-Loss 1060000 0.010325267 0.009838623
QP-Loss 1061000 0.010317222 0.009843858
QP-Loss 1062000 0.010309211 0.009849073
QP-Loss 1063000 0.010301224 0.00985427
QP-Loss 1064000 0.010293265 0.009859452
QP-Loss 1065000 0.010285336 0.009864614
QP-Loss 1066000 0.010277429 0.009869761
QP-Loss 1067000 0.010269552 0.009874889
QP-Loss 1068000 0.010261717 0.00987999
QP-Loss 1069000 0.010253919 0.009885065
QP-Loss 1070000 0.010246154 0.0098901205
QP-Loss 1071000 0.010238418 0.009895159
QP-Loss 1072000 0.010230715 0.009900178
QP-Loss 1073000 0.010223038 0.00990518
QP-Loss 1074000 0.010215388 0.0099101635
QP-Loss 1075000 0.010207777 0.009915121
QP-Loss 1076000 0.010200193 0.009920062
QP-Loss 1077000 0.010192632 0.009924988
QP-Loss 1078000 0.0101850955 0.009929898
QP-Loss 1079000 0.010177589 0.009934791
QP-Loss 1080000 0.010170107 0.009939668
QP-Loss 1081000 0.010162666 0.009944517
QP-Loss 1082000 0.01015526 0.009949341
QP-Loss 1083000 0.010147895 0.009954141
QP-Loss 1084000 0.010140552 0.009958926
QP-Loss 1085000 0.010133238 0.009963693
QP-Loss 1086000 0.010125949 0.009968442
QP-Loss 1087000 0.01011869 0.009973174
QP-Loss 1088000 0.010111452 0.00997789
QP-Loss 1089000 0.010104247 0.009982586
QP-Loss 1090000 0.010097065 0.009987267
QP-Loss 1091000 0.010089909 0.009991931
QP-Loss 1092000 0.010082784 0.009996576
QP-Loss 1093000 0.010075681 0.010001203
QP-Loss 1094000 0.0100686075 0.010005813
QP-Loss 1095000 0.010061562 0.010010406
QP-Loss 1096000 0.010054549 0.010014976
QP-Loss 1097000 0.010047574 0.010019521
QP-Loss 1098000 0.010040633 0.010024039
QP-Loss 1099000 0.010033728 0.010028536
QP-Loss 1100000 0.010026841 0.010033021
QP-Loss 1101000 0.010019976 0.010037492
QP-Loss 1102000 0.01001314 0.01004195
QP-Loss 1103000 0.010006321 0.010046397
QP-Loss 1104000 0.009999524 0.01005083
QP-Loss 1105000 0.009992756 0.010055244
QP-Loss 1106000 0.009986016 0.010059638
QP-Loss 1107000 0.009979299 0.010064017
QP-Loss 1108000 0.009972623 0.01006837
QP-Loss 1109000 0.009965967 0.010072709
QP-Loss 1110000 0.009959343 0.010077026
QP-Loss 1111000 0.009952744 0.0100813275
QP-Loss 1112000 0.009946171 0.010085615
QP-Loss 1113000 0.009939636 0.010089885
QP-Loss 1114000 0.009933128 0.01009414
QP-Loss 1115000 0.009926651 0.0100983735
QP-Loss 1116000 0.009920206 0.010102588
QP-Loss 1117000 0.009913788 0.010106783
QP-Loss 1118000 0.009907388 0.010110968
QP-Loss 1119000 0.009901022 0.010115132
QP-Loss 1120000 0.009894677 0.010119279
QP-Loss 1121000 0.009888361 0.010123409
QP-Loss 1122000 0.009882069 0.010127526
QP-Loss 1123000 0.009875797 0.01013163
QP-Loss 1124000 0.009869557 0.010135712
QP-Loss 1125000 0.009863333 0.010139781
QP-Loss 1126000 0.009857137 0.010143834
QP-Loss 1127000 0.009850963 0.010147872
QP-Loss 1128000 0.0098448135 0.010151896
QP-Loss 1129000 0.009838692 0.0101558985
QP-Loss 1130000 0.009832607 0.010159877
QP-Loss 1131000 0.009826542 0.01016384
QP-Loss 1132000 0.009820504 0.010167787
QP-Loss 1133000 0.009814487 0.01017172
QP-Loss 1134000 0.00980848 0.010175645
QP-Loss 1135000 0.009802493 0.010179557
QP-Loss 1136000 0.009796533 0.010183453
QP-Loss 1137000 0.009790592 0.010187334
QP-Loss 1138000 0.0097846715 0.010191205
QP-Loss 1139000 0.009778772 0.010195062
QP-Loss 1140000 0.009772898 0.0101989005
QP-Loss 1141000 0.009767047 0.010202724
QP-Loss 1142000 0.009761217 0.010206535
QP-Loss 1143000 0.009755407 0.010210334
QP-Loss 1144000 0.009749618 0.010214119
QP-Loss 1145000 0.00974385 0.010217891
QP-Loss 1146000 0.009738105 0.010221649
QP-Loss 1147000 0.009732387 0.010225389
QP-Loss 1148000 0.009726693 0.010229113
QP-Loss 1149000 0.009721027 0.010232816
QP-Loss 1150000 0.00971538 0.010236508
QP-Loss 1151000 0.009709758 0.010240187
QP-Loss 1152000 0.009704151 0.010243853
QP-Loss 1153000 0.009698569 0.0102475025
QP-Loss 1154000 0.009693011 0.010251137
QP-Loss 1155000 0.009687525 0.010254744
QP-Loss 1156000 0.009682077 0.010258333
QP-Loss 1157000 0.009676652 0.010261904
QP-Loss 1158000 0.009671256 0.010265457
QP-Loss 1159000 0.009665878 0.010268997
QP-Loss 1160000 0.00966052 0.010272525
QP-Loss 1161000 0.009655178 0.010276043
QP-Loss 1162000 0.009649853 0.010279547
QP-Loss 1163000 0.009644556 0.010283034
QP-Loss 1164000 0.009639349 0.010286487
QP-Loss 1165000 0.009634162 0.010289926
QP-Loss 1166000 0.009629001 0.0102933515
QP-Loss 1167000 0.009623863 0.01029676
QP-Loss 1168000 0.009618747 0.010300156
QP-Loss 1169000 0.009613648 0.010303541
QP-Loss 1170000 0.009608564 0.010306915
QP-Loss 1171000 0.009603504 0.010310274
QP-Loss 1172000 0.009598467 0.010313618
QP-Loss 1173000 0.009593445 0.010316951
QP-Loss 1174000 0.009588446 0.010320269
QP-Loss 1175000 0.009583458 0.0103235785
QP-Loss 1176000 0.009578487 0.010326877
QP-Loss 1177000 0.009573543 0.010330156
QP-Loss 1178000 0.009568631 0.010333414
QP-Loss 1179000 0.009563739 0.010336657
QP-Loss 1180000 0.009558868 0.010339887
QP-Loss 1181000 0.009554016 0.010343103
QP-Loss 1182000 0.0095491875 0.010346305
QP-Loss 1183000 0.009544391 0.010349489
QP-Loss 1184000 0.009539614 0.01035266
QP-Loss 1185000 0.009534858 0.010355822
QP-Loss 1186000 0.00953012 0.010358969
QP-Loss 1187000 0.009525392 0.010362108
QP-Loss 1188000 0.009520681 0.010365237
QP-Loss 1189000 0.009515989 0.010368352
QP-Loss 1190000 0.009511306 0.010371461
QP-Loss 1191000 0.0095066475 0.010374555
QP-Loss 1192000 0.009502008 0.010377635
QP-Loss 1193000 0.009497388 0.010380701
QP-Loss 1194000 0.0094927875 0.010383756
QP-Loss 1195000 0.009488198 0.010386802
QP-Loss 1196000 0.009483625 0.010389837
QP-Loss 1197000 0.009479067 0.010392864
QP-Loss 1198000 0.009474526 0.010395878
QP-Loss 1199000 0.009469997 0.010398887
QP-Loss 1200000 0.009465479 0.010401887
QP-Loss 1201000 0.009460981 0.010404875
QP-Loss 1202000 0.009456494 0.010407854
QP-Loss 1203000 0.009452029 0.010410818
QP-Loss 1204000 0.0094475895 0.010413767
QP-Loss 1205000 0.009443165 0.010416703
QP-Loss 1206000 0.009438763 0.010419623
QP-Loss 1207000 0.009434378 0.010422533
QP-Loss 1208000 0.009430011 0.0104254335
QP-Loss 1209000 0.009425655 0.010428324
QP-Loss 1210000 0.009421312 0.010431208
QP-Loss 1211000 0.0094169825 0.010434083
QP-Loss 1212000 0.009412669 0.010436948
QP-Loss 1213000 0.009408374 0.010439799
QP-Loss 1214000 0.009404096 0.010442642
QP-Loss 1215000 0.009399836 0.010445474
QP-Loss 1216000 0.009395587 0.010448297
QP-Loss 1217000 0.009391355 0.010451109
QP-Loss 1218000 0.009387142 0.010453907
QP-Loss 1219000 0.009382954 0.01045669
QP-Loss 1220000 0.009378781 0.010459461
QP-Loss 1221000 0.009374623 0.010462224
QP-Loss 1222000 0.00937048 0.010464975
QP-Loss 1223000 0.009366359 0.010467712
QP-Loss 1224000 0.00936225 0.010470441
QP-Loss 1225000 0.00935815 0.010473167
QP-Loss 1226000 0.009354061 0.010475882
QP-Loss 1227000 0.009349992 0.010478586
QP-Loss 1228000 0.009345938 0.0104812775
QP-Loss 1229000 0.009341905 0.010483958
QP-Loss 1230000 0.009337874 0.010486635
QP-Loss 1231000 0.009333857 0.010489304
QP-Loss 1232000 0.009329861 0.01049196
QP-Loss 1233000 0.009325877 0.010494607
QP-Loss 1234000 0.00932191 0.010497241
QP-Loss 1235000 0.009317957 0.010499867
QP-Loss 1236000 0.009314024 0.01050248
QP-Loss 1237000 0.009310107 0.010505082
QP-Loss 1238000 0.009306203 0.010507674
QP-Loss 1239000 0.009302316 0.010510256
QP-Loss 1240000 0.00929843 0.010512837
QP-Loss 1241000 0.009294557 0.01051541
QP-Loss 1242000 0.0092907 0.010517975
QP-Loss 1243000 0.009286852 0.010520533
QP-Loss 1244000 0.009283018 0.010523081
QP-Loss 1245000 0.0092792 0.0105256215
QP-Loss 1246000 0.009275393 0.010528151
QP-Loss 1247000 0.009271596 0.010530677
QP-Loss 1248000 0.00926781 0.010533195
QP-Loss 1249000 0.00926404 0.010535703
QP-Loss 1250000 0.009260282 0.010538203
QP-Loss 1251000 0.009256535 0.010540696
QP-Loss 1252000 0.0092528025 0.010543179
QP-Loss 1253000 0.009249077 0.01054566
QP-Loss 1254000 0.009245372 0.010548126
QP-Loss 1255000 0.009241672 0.010550589
QP-Loss 1256000 0.009237989 0.010553042
QP-Loss 1257000 0.009234318 0.010555488
QP-Loss 1258000 0.009230657 0.010557925
QP-Loss 1259000 0.00922701 0.010560354
QP-Loss 1260000 0.009223376 0.010562776
QP-Loss 1261000 0.009219754 0.010565191
QP-Loss 1262000 0.009216142 0.0105676
QP-Loss 1263000 0.009212541 0.01057
QP-Loss 1264000 0.009208954 0.010572392
QP-Loss 1265000 0.009205381 0.010574775
QP-Loss 1266000 0.009201822 0.010577148
QP-Loss 1267000 0.009198274 0.010579514
QP-Loss 1268000 0.009194738 0.010581872
QP-Loss 1269000 0.009191215 0.010584223
QP-Loss 1270000 0.009187706 0.010586565
QP-Loss 1271000 0.009184211 0.010588898
QP-Loss 1272000 0.0091807265 0.010591224
QP-Loss 1273000 0.009177256 0.010593538
QP-Loss 1274000 0.009173798 0.010595845
QP-Loss 1275000 0.009170354 0.0105981445
QP-Loss 1276000 0.009166922 0.010600435
QP-Loss 1277000 0.009163494 0.010602722
QP-Loss 1278000 0.009160081 0.010605001
QP-Loss 1279000 0.009156678 0.010607272
QP-Loss 1280000 0.009153292 0.010609533
QP-Loss 1281000 0.009149917 0.010611786
QP-Loss 1282000 0.009146555 0.01061403
QP-Loss 1283000 0.009143201 0.010616268
QP-Loss 1284000 0.009139863 0.010618497
QP-Loss 1285000 0.009136534 0.010620719
QP-Loss 1286000 0.009133219 0.010622932
QP-Loss 1287000 0.009129922 0.010625132
QP-Loss 1288000 0.009126633 0.010627327
QP-Loss 1289000 0.009123362 0.010629512
QP-Loss 1290000 0.009120095 0.010631691
QP-Loss 1291000 0.009116844 0.010633862
QP-Loss 1292000 0.009113605 0.010636022
QP-Loss 1293000 0.009110382 0.010638174
QP-Loss 1294000 0.009107168 0.0106403185
QP-Loss 1295000 0.009103968 0.010642455
QP-Loss 1296000 0.009100785 0.010644583
QP-Loss 1297000 0.009097613 0.010646701
QP-Loss 1298000 0.009094448 0.010648814
QP-Loss 1299000 0.009091296 0.01065092
QP-Loss 1300000 0.009088155 0.010653016
QP-Loss 1301000 0.009085029 0.010655101
QP-Loss 1302000 0.009081914 0.010657181
QP-Loss 1303000 0.009078809 0.010659254
QP-Loss 1304000 0.009075713 0.010661321
QP-Loss 1305000 0.009072629 0.010663378
QP-Loss 1306000 0.009069554 0.010665431
QP-Loss 1307000 0.009066492 0.010667474
QP-Loss 1308000 0.00906344 0.01066951
QP-Loss 1309000 0.009060399 0.010671538
QP-Loss 1310000 0.009057377 0.010673556
QP-Loss 1311000 0.009054363 0.010675566
QP-Loss 1312000 0.009051361 0.010677569
QP-Loss 1313000 0.009048373 0.0106795635
QP-Loss 1314000 0.009045406 0.010681543
QP-Loss 1315000 0.0090424605 0.010683513
QP-Loss 1316000 0.00903953 0.010685473
QP-Loss 1317000 0.009036614 0.010687424
QP-Loss 1318000 0.009033739 0.010689355
QP-Loss 1319000 0.009030887 0.010691276
QP-Loss 1320000 0.009028047 0.010693186
QP-Loss 1321000 0.009025215 0.0106950905
QP-Loss 1322000 0.009022401 0.010696986
QP-Loss 1323000 0.009019593 0.0106988745
QP-Loss 1324000 0.009016815 0.010700746
QP-Loss 1325000 0.009014081 0.010702598
QP-Loss 1326000 0.009011358 0.010704442
QP-Loss 1327000 0.00900865 0.010706277
QP-Loss 1328000 0.009005955 0.010708102
QP-Loss 1329000 0.0090032695 0.010709922
QP-Loss 1330000 0.009000595 0.010711734
QP-Loss 1331000 0.008997928 0.01071354
QP-Loss 1332000 0.00899527 0.01071534
QP-Loss 1333000 0.008992629 0.010717131
QP-Loss 1334000 0.008989997 0.010718915
QP-Loss 1335000 0.008987378 0.010720691
QP-Loss 1336000 0.008984771 0.0107224565
QP-Loss 1337000 0.008982177 0.010724215
QP-Loss 1338000 0.008979592 0.010725968
QP-Loss 1339000 0.008977017 0.010727712
QP-Loss 1340000 0.008974447 0.010729453
QP-Loss 1341000 0.008971894 0.010731183
QP-Loss 1342000 0.008969348 0.010732909
QP-Loss 1343000 0.008966814 0.010734626
QP-Loss 1344000 0.00896429 0.010736334
QP-Loss 1345000 0.00896178 0.010738035
QP-Loss 1346000 0.008959279 0.010739728
QP-Loss 1347000 0.008956787 0.010741416
QP-Loss 1348000 0.008954304 0.010743097
QP-Loss 1349000 0.008951829 0.010744773
QP-Loss 1350000 0.008949366 0.010746442
QP-Loss 1351000 0.0089469105 0.010748105
QP-Loss 1352000 0.008944468 0.010749758
QP-Loss 1353000 0.008942035 0.010751405
QP-Loss 1354000 0.008939612 0.010753047
QP-Loss 1355000 0.008937197 0.01075468
QP-Loss 1356000 0.008934789 0.010756307
QP-Loss 1357000 0.00893239 0.010757929
QP-Loss 1358000 0.0089300005 0.010759544
QP-Loss 1359000 0.00892762 0.010761154
QP-Loss 1360000 0.008925243 0.010762759
QP-Loss 1361000 0.008922873 0.0107643595
QP-Loss 1362000 0.008920514 0.010765953
QP-Loss 1363000 0.008918162 0.010767541
QP-Loss 1364000 0.00891582 0.010769122
QP-Loss 1365000 0.00891349 0.010770696
QP-Loss 1366000 0.008911169 0.010772263
QP-Loss 1367000 0.008908856 0.010773823
QP-Loss 1368000 0.0089065535 0.010775377
QP-Loss 1369000 0.008904263 0.010776922
QP-Loss 1370000 0.008901973 0.010778466
QP-Loss 1371000 0.00889969 0.010780007
QP-Loss 1372000 0.00889742 0.010781539
QP-Loss 1373000 0.008895154 0.010783067
QP-Loss 1374000 0.008892901 0.010784588
QP-Loss 1375000 0.008890659 0.010786099
QP-Loss 1376000 0.008888425 0.010787606
QP-Loss 1377000 0.008886197 0.010789108
QP-Loss 1378000 0.008883979 0.010790604
QP-Loss 1379000 0.008881765 0.010792096
QP-Loss 1380000 0.008879558 0.010793584
QP-Loss 1381000 0.008877361 0.010795066
QP-Loss 1382000 0.008875173 0.010796542
QP-Loss 1383000 0.008872991 0.010798014
QP-Loss 1384000 0.008870816 0.01079948
QP-Loss 1385000 0.008868654 0.010800937
QP-Loss 1386000 0.008866504 0.010802387
QP-Loss 1387000 0.008864358 0.010803834
QP-Loss 1388000 0.008862222 0.0108052725
QP-Loss 1389000 0.008860094 0.010806708
QP-Loss 1390000 0.00885797 0.010808137
QP-Loss 1391000 0.008855858 0.010809561
QP-Loss 1392000 0.008853751 0.010810981
QP-Loss 1393000 0.008851656 0.010812392
QP-Loss 1394000 0.008849566 0.010813801
QP-Loss 1395000 0.008847488 0.010815199
QP-Loss 1396000 0.008845418 0.010816595
QP-Loss 1397000 0.008843356 0.010817983
QP-Loss 1398000 0.008841302 0.010819367
QP-Loss 1399000 0.008839253 0.010820746
QP-Loss 1400000 0.00883723 0.010822113
QP-Loss 1401000 0.008835214 0.010823472
QP-Loss 1402000 0.00883321 0.010824826
QP-Loss 1403000 0.008831208 0.010826177
QP-Loss 1404000 0.008829216 0.010827522
QP-Loss 1405000 0.008827235 0.010828859
QP-Loss 1406000 0.008825261 0.010830191
QP-Loss 1407000 0.008823295 0.010831516
QP-Loss 1408000 0.008821341 0.010832835
QP-Loss 1409000 0.008819395 0.010834147
QP-Loss 1410000 0.008817455 0.010835457
QP-Loss 1411000 0.008815519 0.010836763
QP-Loss 1412000 0.008813593 0.010838062
QP-Loss 1413000 0.008811675 0.010839355
QP-Loss 1414000 0.008809765 0.010840644
QP-Loss 1415000 0.008807863 0.0108419275
QP-Loss 1416000 0.008805965 0.010843207
QP-Loss 1417000 0.00880408 0.010844479
QP-Loss 1418000 0.008802202 0.010845746
QP-Loss 1419000 0.00880033 0.010847008
QP-Loss 1420000 0.008798466 0.010848264
QP-Loss 1421000 0.008796611 0.010849515
QP-Loss 1422000 0.008794759 0.010850763
QP-Loss 1423000 0.008792919 0.010852004
QP-Loss 1424000 0.008791083 0.010853242
QP-Loss 1425000 0.008789256 0.010854473
QP-Loss 1426000 0.008787437 0.010855699
QP-Loss 1427000 0.008785624 0.010856921
QP-Loss 1428000 0.00878382 0.010858137
QP-Loss 1429000 0.008782022 0.010859349
QP-Loss 1430000 0.008780227 0.010860558
QP-Loss 1431000 0.008778445 0.010861758
QP-Loss 1432000 0.008776669 0.010862955
QP-Loss 1433000 0.008774899 0.010864147
QP-Loss 1434000 0.008773138 0.0108653335
QP-Loss 1435000 0.0087713795 0.010866517
QP-Loss 1436000 0.008769632 0.010867694
QP-Loss 1437000 0.008767892 0.010868867
QP-Loss 1438000 0.008766161 0.010870032
QP-Loss 1439000 0.008764432 0.010871195
QP-Loss 1440000 0.0087627135 0.010872352
QP-Loss 1441000 0.008761004 0.010873504
QP-Loss 1442000 0.008759297 0.010874652
QP-Loss 1443000 0.008757595 0.010875798
QP-Loss 1444000 0.0087559065 0.010876935
QP-Loss 1445000 0.008754219 0.010878071
QP-Loss 1446000 0.008752538 0.010879202
QP-Loss 1447000 0.00875087 0.010880324
QP-Loss 1448000 0.008749207 0.010881443
QP-Loss 1449000 0.008747551 0.010882556
QP-Loss 1450000 0.008745904 0.010883664
QP-Loss 1451000 0.008744265 0.0108847665
QP-Loss 1452000 0.008742631 0.010885865
QP-Loss 1453000 0.008741003 0.010886959
QP-Loss 1454000 0.008739387 0.010888046
QP-Loss 1455000 0.008737777 0.010889129
QP-Loss 1456000 0.008736176 0.010890204
QP-Loss 1457000 0.008734583 0.010891276
QP-Loss 1458000 0.008732995 0.010892343
QP-Loss 1459000 0.008731411 0.010893408
QP-Loss 1460000 0.008729838 0.010894466
QP-Loss 1461000 0.008728269 0.010895521
QP-Loss 1462000 0.0087267095 0.01089657
QP-Loss 1463000 0.008725156 0.010897615
QP-Loss 1464000 0.008723612 0.0108986525
QP-Loss 1465000 0.008722073 0.010899687
QP-Loss 1466000 0.008720543 0.010900716
QP-Loss 1467000 0.00871902 0.010901741
QP-Loss 1468000 0.0087175025 0.01090276
QP-Loss 1469000 0.008715988 0.010903778
Step 1469264: freezing conditions [6] (losses [0.0033187272492796183])
QP-Loss 1470000 0.008714689 0.010904688
QP-Loss 1471000 0.008713467 0.010905558
QP-Loss 1472000 0.008712252 0.010906424
QP-Loss 1473000 0.00871104 0.010907287
QP-Loss 1474000 0.008709836 0.010908145
QP-Loss 1475000 0.008708637 0.0109089995
QP-Loss 1476000 0.008707446 0.010909846
QP-Loss 1477000 0.00870626 0.010910692
QP-Loss 1478000 0.00870508 0.010911532
QP-Loss 1479000 0.008703905 0.010912368
QP-Loss 1480000 0.008702732 0.010913203
QP-Loss 1481000 0.008701566 0.010914032
QP-Loss 1482000 0.008700409 0.010914857
QP-Loss 1483000 0.008699256 0.010915677
QP-Loss 1484000 0.008698109 0.010916493
QP-Loss 1485000 0.0086969705 0.010917303
QP-Loss 1486000 0.008695836 0.01091811
QP-Loss 1487000 0.008694707 0.0109189125
QP-Loss 1488000 0.008693586 0.01091971
QP-Loss 1489000 0.0086924685 0.010920505
QP-Loss 1490000 0.0086913565 0.010921296
QP-Loss 1491000 0.008690247 0.010922084
QP-Loss 1492000 0.008689145 0.010922869
QP-Loss 1493000 0.008688047 0.010923648
QP-Loss 1494000 0.008686958 0.010924423
QP-Loss 1495000 0.008685874 0.010925193
QP-Loss 1496000 0.0086847935 0.010925961
QP-Loss 1497000 0.00868372 0.010926724
QP-Loss 1498000 0.008682647 0.010927486
QP-Loss 1499000 0.008681578 0.010928247
QP-Loss 1500000 0.008680514 0.010929002
QP-Loss 1501000 0.008679457 0.010929754
QP-Loss 1502000 0.008678406 0.010930501
QP-Loss 1503000 0.008677355 0.010931248
QP-Loss 1504000 0.00867631 0.01093199
QP-Loss 1505000 0.008675271 0.010932729
QP-Loss 1506000 0.008674239 0.010933462
QP-Loss 1507000 0.008673211 0.010934192
QP-Loss 1508000 0.008672188 0.010934917
QP-Loss 1509000 0.008671171 0.01093564
QP-Loss 1510000 0.00867016 0.010936357
QP-Loss 1511000 0.008669154 0.010937071
QP-Loss 1512000 0.008668154 0.010937782
QP-Loss 1513000 0.008667156 0.01093849
QP-Loss 1514000 0.008666164 0.010939194
QP-Loss 1515000 0.008665175 0.010939896
QP-Loss 1516000 0.008664186 0.010940598
QP-Loss 1517000 0.0086632 0.010941299
QP-Loss 1518000 0.008662219 0.010941993
QP-Loss 1519000 0.008661245 0.010942685
QP-Loss 1520000 0.008660276 0.010943374
QP-Loss 1521000 0.008659312 0.010944058
QP-Loss 1522000 0.008658352 0.010944739
QP-Loss 1523000 0.0086574005 0.010945416
QP-Loss 1524000 0.0086564515 0.010946089
QP-Loss 1525000 0.00865551 0.010946758
QP-Loss 1526000 0.008654568 0.010947426
QP-Loss 1527000 0.008653634 0.01094809
QP-Loss 1528000 0.0086527085 0.010948748
QP-Loss 1529000 0.008651788 0.010949403
QP-Loss 1530000 0.008650868 0.010950056
QP-Loss 1531000 0.008649952 0.010950707
QP-Loss 1532000 0.008649037 0.010951357
QP-Loss 1533000 0.008648128 0.010952002
QP-Loss 1534000 0.008647222 0.010952646
QP-Loss 1535000 0.00864632 0.010953287
QP-Loss 1536000 0.008645424 0.010953923
QP-Loss 1537000 0.008644536 0.010954555
Step 1537028: freezing conditions [7] (losses [0.002808826044201851])
QP-Loss 1538000 0.008643872 0.010955068
QP-Loss 1539000 0.008643217 0.010955577
QP-Loss 1540000 0.008642563 0.010956083
QP-Loss 1541000 0.0086419135 0.010956588
QP-Loss 1542000 0.008641265 0.01095709
QP-Loss 1543000 0.008640622 0.01095759
QP-Loss 1544000 0.008639979 0.010958088
QP-Loss 1545000 0.008639342 0.010958582
QP-Loss 1546000 0.008638708 0.010959074
QP-Loss 1547000 0.008638077 0.010959563
QP-Loss 1548000 0.008637452 0.010960049
QP-Loss 1549000 0.008636827 0.010960533
QP-Loss 1550000 0.008636207 0.010961014
QP-Loss 1551000 0.008635591 0.010961492
QP-Loss 1552000 0.008634978 0.0109619675
QP-Loss 1553000 0.008634369 0.010962441
QP-Loss 1554000 0.008633762 0.010962911
QP-Loss 1555000 0.00863316 0.0109633785
QP-Loss 1556000 0.00863256 0.010963843
QP-Loss 1557000 0.008631965 0.010964305
QP-Loss 1558000 0.008631374 0.010964764
QP-Loss 1559000 0.008630785 0.010965221
QP-Loss 1560000 0.008630201 0.010965674
QP-Loss 1561000 0.008629621 0.010966124
QP-Loss 1562000 0.0086290445 0.010966572
QP-Loss 1563000 0.008628472 0.010967017
QP-Loss 1564000 0.0086279 0.0109674595
QP-Loss 1565000 0.00862733 0.010967903
QP-Loss 1566000 0.008626764 0.0109683415
QP-Loss 1567000 0.0086262 0.010968779
QP-Loss 1568000 0.008625638 0.010969216
QP-Loss 1569000 0.00862508 0.010969649
QP-Loss 1570000 0.008624523 0.010970081
QP-Loss 1571000 0.008623969 0.010970511
QP-Loss 1572000 0.008623418 0.010970938
QP-Loss 1573000 0.008622871 0.010971363
QP-Loss 1574000 0.008622326 0.0109717855
QP-Loss 1575000 0.008621786 0.010972206
QP-Loss 1576000 0.008621248 0.010972623
QP-Loss 1577000 0.008620714 0.010973036
QP-Loss 1578000 0.008620185 0.010973448
QP-Loss 1579000 0.008619658 0.010973857
QP-Loss 1580000 0.008619133 0.010974264
QP-Loss 1581000 0.008618613 0.010974669
QP-Loss 1582000 0.008618095 0.01097507
QP-Loss 1583000 0.008617581 0.01097547
QP-Loss 1584000 0.00861707 0.010975867
QP-Loss 1585000 0.00861656 0.0109762605
QP-Loss 1586000 0.008616055 0.010976653
QP-Loss 1587000 0.008615552 0.010977044
QP-Loss 1588000 0.008615052 0.010977431
QP-Loss 1589000 0.008614556 0.010977818
QP-Loss 1590000 0.008614063 0.0109782
QP-Loss 1591000 0.008613573 0.0109785795
QP-Loss 1592000 0.008613086 0.010978958
QP-Loss 1593000 0.008612602 0.010979333
QP-Loss 1594000 0.008612121 0.010979707
QP-Loss 1595000 0.008611643 0.010980078
QP-Loss 1596000 0.008611169 0.010980447
QP-Loss 1597000 0.008610695 0.010980814
QP-Loss 1598000 0.008610224 0.01098118
QP-Loss 1599000 0.008609758 0.010981542
QP-Loss 1600000 0.008609294 0.0109819025
QP-Loss 1601000 0.008608833 0.01098226
QP-Loss 1602000 0.008608376 0.010982616
QP-Loss 1603000 0.00860792 0.010982969
QP-Loss 1604000 0.008607469 0.01098332
QP-Loss 1605000 0.00860702 0.010983668
QP-Loss 1606000 0.0086065745 0.010984014
QP-Loss 1607000 0.008606132 0.010984358
QP-Loss 1608000 0.008605692 0.010984699
QP-Loss 1609000 0.008605254 0.010985039
QP-Loss 1610000 0.008604821 0.010985375
QP-Loss 1611000 0.00860439 0.01098571
QP-Loss 1612000 0.008603963 0.010986042
QP-Loss 1613000 0.008603538 0.010986372
QP-Loss 1614000 0.008603118 0.010986698
QP-Loss 1615000 0.0086027 0.010987023
QP-Loss 1616000 0.008602285 0.010987345
QP-Loss 1617000 0.008601873 0.010987665
QP-Loss 1618000 0.008601463 0.010987982
QP-Loss 1619000 0.008601058 0.010988298
QP-Loss 1620000 0.008600656 0.010988611
QP-Loss 1621000 0.008600255 0.010988921
QP-Loss 1622000 0.008599858 0.010989229
QP-Loss 1623000 0.008599465 0.010989536
QP-Loss 1624000 0.008599074 0.01098984
QP-Loss 1625000 0.008598685 0.010990141
QP-Loss 1626000 0.008598299 0.010990441
QP-Loss 1627000 0.008597916 0.010990738
QP-Loss 1628000 0.008597536 0.010991033
QP-Loss 1629000 0.008597159 0.0109913265
QP-Loss 1630000 0.008596784 0.010991617
QP-Loss 1631000 0.008596414 0.010991905
QP-Loss 1632000 0.008596045 0.010992191
QP-Loss 1633000 0.00859568 0.010992475
QP-Loss 1634000 0.0085953185 0.010992755
QP-Loss 1635000 0.008594959 0.010993035
QP-Loss 1636000 0.008594601 0.010993312
QP-Loss 1637000 0.008594248 0.010993587
QP-Loss 1638000 0.008593897 0.01099386
QP-Loss 1639000 0.008593549 0.01099413
QP-Loss 1640000 0.008593204 0.010994398
QP-Loss 1641000 0.008592862 0.010994664
QP-Loss 1642000 0.008592522 0.010994928
QP-Loss 1643000 0.008592185 0.01099519
QP-Loss 1644000 0.00859185 0.0109954495
QP-Loss 1645000 0.008591519 0.0109957075
QP-Loss 1646000 0.00859119 0.010995963
QP-Loss 1647000 0.008590863 0.010996216
QP-Loss 1648000 0.008590541 0.0109964665
QP-Loss 1649000 0.0085902205 0.010996717
QP-Loss 1650000 0.008589902 0.010996964
QP-Loss 1651000 0.008589587 0.010997208
QP-Loss 1652000 0.008589274 0.010997451
QP-Loss 1653000 0.008588964 0.010997692
QP-Loss 1654000 0.008588658 0.010997931
QP-Loss 1655000 0.008588352 0.010998167
QP-Loss 1656000 0.008588052 0.0109984
QP-Loss 1657000 0.008587753 0.010998633
QP-Loss 1658000 0.008587457 0.010998864
QP-Loss 1659000 0.008587164 0.010999091
QP-Loss 1660000 0.008586873 0.010999317
QP-Loss 1661000 0.0085865855 0.01099954
QP-Loss 1662000 0.008586301 0.0109997615
QP-Loss 1663000 0.008586018 0.010999981
QP-Loss 1664000 0.008585739 0.011000198
QP-Loss 1665000 0.008585461 0.011000414
QP-Loss 1666000 0.008585187 0.011000627
QP-Loss 1667000 0.008584916 0.011000837
QP-Loss 1668000 0.0085846465 0.011001048
QP-Loss 1669000 0.00858438 0.0110012535
QP-Loss 1670000 0.008584117 0.011001458
QP-Loss 1671000 0.008583855 0.011001662
QP-Loss 1672000 0.008583596 0.011001863
QP-Loss 1673000 0.008583341 0.011002062
QP-Loss 1674000 0.008583087 0.011002258
QP-Loss 1675000 0.008582835 0.011002454
QP-Loss 1676000 0.008582587 0.011002647
QP-Loss 1677000 0.0085823415 0.011002838
QP-Loss 1678000 0.0085820975 0.011003027
QP-Loss 1679000 0.008581858 0.011003214
QP-Loss 1680000 0.008581619 0.011003399
QP-Loss 1681000 0.008581384 0.011003582
QP-Loss 1682000 0.008581151 0.0110037625
QP-Loss 1683000 0.00858092 0.011003942
QP-Loss 1684000 0.008580693 0.011004119
QP-Loss 1685000 0.008580468 0.011004294
QP-Loss 1686000 0.008580245 0.0110044675
QP-Loss 1687000 0.008580024 0.011004638
QP-Loss 1688000 0.008579806 0.011004807
QP-Loss 1689000 0.008579591 0.011004975
QP-Loss 1690000 0.008579378 0.011005142
QP-Loss 1691000 0.008579168 0.011005306
QP-Loss 1692000 0.008578957 0.011005467
QP-Loss 1693000 0.008578752 0.011005627
QP-Loss 1694000 0.008578548 0.011005786
QP-Loss 1695000 0.008578346 0.011005943
QP-Loss 1696000 0.008578148 0.011006096
QP-Loss 1697000 0.008577951 0.01100625
QP-Loss 1698000 0.0085777575 0.011006401
QP-Loss 1699000 0.008577566 0.01100655
QP-Loss 1700000 0.008577377 0.011006697
QP-Loss 1701000 0.008577189 0.011006842
QP-Loss 1702000 0.008577005 0.011006986
QP-Loss 1703000 0.0085768225 0.011007127
QP-Loss 1704000 0.008576642 0.011007267
QP-Loss 1705000 0.008576465 0.011007405
QP-Loss 1706000 0.00857629 0.011007542
QP-Loss 1707000 0.0085761165 0.011007676
QP-Loss 1708000 0.008575945 0.011007809
QP-Loss 1709000 0.008575777 0.011007939
QP-Loss 1710000 0.00857561 0.011008069
QP-Loss 1711000 0.008575446 0.0110081965
QP-Loss 1712000 0.008575285 0.011008323
QP-Loss 1713000 0.008575126 0.011008447
QP-Loss 1714000 0.008574968 0.011008569
QP-Loss 1715000 0.008574814 0.011008689
QP-Loss 1716000 0.00857466 0.011008807
QP-Loss 1717000 0.008574509 0.011008926
QP-Loss 1718000 0.008574361 0.011009041
QP-Loss 1719000 0.008574215 0.011009155
QP-Loss 1720000 0.00857407 0.011009267
QP-Loss 1721000 0.008573928 0.0110093765
QP-Loss 1722000 0.008573789 0.0110094845
QP-Loss 1723000 0.00857365 0.011009593
QP-Loss 1724000 0.008573515 0.011009698
QP-Loss 1725000 0.008573382 0.011009801
QP-Loss 1726000 0.00857325 0.011009904
QP-Loss 1727000 0.008573121 0.011010003
QP-Loss 1728000 0.008572995 0.011010103
QP-Loss 1729000 0.00857287 0.0110102
QP-Loss 1730000 0.008572747 0.011010295
QP-Loss 1731000 0.008572626 0.011010389
QP-Loss 1732000 0.008572507 0.011010482
QP-Loss 1733000 0.00857239 0.011010571
QP-Loss 1734000 0.008572277 0.011010662
QP-Loss 1735000 0.008572163 0.011010749
QP-Loss 1736000 0.008572053 0.011010835
QP-Loss 1737000 0.008571944 0.011010919
QP-Loss 1738000 0.008571838 0.011011003
QP-Loss 1739000 0.008571734 0.011011084
QP-Loss 1740000 0.00857163 0.011011163
QP-Loss 1741000 0.008571531 0.011011241
QP-Loss 1742000 0.008571431 0.011011317
QP-Loss 1743000 0.008571335 0.011011393
QP-Loss 1744000 0.008571241 0.011011466
QP-Loss 1745000 0.008571147 0.011011539
QP-Loss 1746000 0.008571057 0.01101161
QP-Loss 1747000 0.008570966 0.011011679
QP-Loss 1748000 0.008570879 0.011011748
QP-Loss 1749000 0.008570793 0.011011815
QP-Loss 1750000 0.008570709 0.01101188
QP-Loss 1751000 0.008570626 0.011011944
QP-Loss 1752000 0.008570545 0.011012007
QP-Loss 1753000 0.008570467 0.011012067
QP-Loss 1754000 0.008570391 0.011012128
QP-Loss 1755000 0.008570314 0.011012185
QP-Loss 1756000 0.008570242 0.011012243
QP-Loss 1757000 0.008570169 0.011012299
QP-Loss 1758000 0.0085701 0.011012353
QP-Loss 1759000 0.008570031 0.011012407
QP-Loss 1760000 0.008569964 0.011012458
QP-Loss 1761000 0.0085699 0.0110125085
QP-Loss 1762000 0.008569838 0.011012558
QP-Loss 1763000 0.008569776 0.011012605
Step 1763451: freezing conditions [18] (losses [8.50788751449727e-07])
QP-Loss 1764000 0.008569716 0.011012651
QP-Loss 1765000 0.008569658 0.011012698
QP-Loss 1766000 0.0085696 0.011012741
QP-Loss 1767000 0.008569543 0.011012785
QP-Loss 1768000 0.008569489 0.011012827
QP-Loss 1769000 0.008569437 0.011012868
QP-Loss 1770000 0.008569385 0.011012909
QP-Loss 1771000 0.008569335 0.011012948
QP-Loss 1772000 0.008569286 0.011012985
QP-Loss 1773000 0.008569239 0.011013023
QP-Loss 1774000 0.008569193 0.011013058
QP-Loss 1775000 0.008569148 0.0110130925
Step 1775312: freezing conditions [21] (losses [9.153191626865009e-07])
QP-Loss 1776000 0.0085691055 0.011013127
QP-Loss 1777000 0.008569063 0.011013159
QP-Loss 1778000 0.008569024 0.01101319
QP-Loss 1779000 0.008568983 0.011013221
QP-Loss 1780000 0.008568944 0.011013251
QP-Loss 1781000 0.008568908 0.01101328
QP-Loss 1782000 0.008568873 0.011013308
QP-Loss 1783000 0.008568837 0.011013335
QP-Loss 1784000 0.008568805 0.011013361
Step 1784576: freezing conditions [20] (losses [8.540555427316576e-07])
QP-Loss 1785000 0.008568772 0.011013386
QP-Loss 1786000 0.008568741 0.011013409
QP-Loss 1787000 0.008568711 0.011013433
QP-Loss 1788000 0.008568681 0.011013456
QP-Loss 1789000 0.008568653 0.011013478
QP-Loss 1790000 0.008568625 0.011013499
QP-Loss 1791000 0.008568599 0.011013521
QP-Loss 1792000 0.008568573 0.01101354
QP-Loss 1793000 0.008568548 0.01101356
QP-Loss 1794000 0.0085685225 0.011013579
QP-Loss 1795000 0.0085685 0.011013597
QP-Loss 1796000 0.008568478 0.011013615
QP-Loss 1797000 0.008568455 0.011013632
QP-Loss 1798000 0.008568434 0.0110136485
Step 1798208: freezing conditions [17] (losses [8.144839398482873e-07])
QP-Loss 1799000 0.008568414 0.011013664
QP-Loss 1800000 0.008568394 0.011013679
QP-Loss 1801000 0.008568375 0.011013694
QP-Loss 1802000 0.008568357 0.011013708
QP-Loss 1803000 0.008568339 0.011013722
QP-Loss 1804000 0.008568322 0.011013735
QP-Loss 1805000 0.008568306 0.011013747
QP-Loss 1806000 0.008568292 0.011013759
QP-Loss 1807000 0.008568277 0.011013771
QP-Loss 1808000 0.008568262 0.011013782
QP-Loss 1809000 0.008568249 0.011013793
Step 1809156: freezing conditions [14] (losses [8.171820127245155e-07])
QP-Loss 1810000 0.008568236 0.011013803
QP-Loss 1811000 0.008568224 0.011013812
QP-Loss 1812000 0.00856821 0.011013822
QP-Loss 1813000 0.008568198 0.011013831
QP-Loss 1814000 0.008568187 0.01101384
QP-Loss 1815000 0.008568176 0.01101385
QP-Loss 1816000 0.008568165 0.011013857
QP-Loss 1817000 0.008568155 0.0110138655
Step 1817392: freezing conditions [13] (losses [9.122092023972073e-07])
QP-Loss 1818000 0.008568144 0.011013873
QP-Loss 1819000 0.008568135 0.01101388
QP-Loss 1820000 0.008568126 0.011013888
QP-Loss 1821000 0.008568117 0.011013894
QP-Loss 1822000 0.008568109 0.011013902
QP-Loss 1823000 0.0085681 0.011013907
QP-Loss 1824000 0.008568092 0.011013914
QP-Loss 1825000 0.008568085 0.0110139195
QP-Loss 1826000 0.008568077 0.011013925
QP-Loss 1827000 0.00856807 0.011013932
QP-Loss 1828000 0.008568062 0.011013937
QP-Loss 1829000 0.008568056 0.011013943
QP-Loss 1830000 0.008568049 0.011013947
QP-Loss 1831000 0.008568044 0.011013951
QP-Loss 1832000 0.008568038 0.011013957
QP-Loss 1833000 0.008568032 0.011013961
QP-Loss 1834000 0.008568027 0.011013965
QP-Loss 1835000 0.0085680215 0.01101397
QP-Loss 1836000 0.008568018 0.011013973
QP-Loss 1837000 0.008568012 0.011013976
QP-Loss 1838000 0.008568008 0.01101398
QP-Loss 1839000 0.008568004 0.011013983
QP-Loss 1840000 0.008568 0.011013986
QP-Loss 1841000 0.008567995 0.011013989
QP-Loss 1842000 0.008567992 0.011013992
QP-Loss 1843000 0.008567988 0.011013996
QP-Loss 1844000 0.008567983 0.011013999
QP-Loss 1845000 0.0085679805 0.011014001
QP-Loss 1846000 0.008567977 0.011014004
QP-Loss 1847000 0.008567973 0.011014006
QP-Loss 1848000 0.00856797 0.011014009
QP-Loss 1849000 0.008567967 0.011014011
QP-Loss 1850000 0.008567964 0.011014014
QP-Loss 1851000 0.008567962 0.011014015
QP-Loss 1852000 0.00856796 0.011014017
QP-Loss 1853000 0.008567957 0.011014019
QP-Loss 1854000 0.008567955 0.011014021
QP-Loss 1855000 0.008567953 0.011014023
QP-Loss 1856000 0.008567951 0.011014024
QP-Loss 1857000 0.008567949 0.011014026
QP-Loss 1858000 0.008567947 0.011014027
QP-Loss 1859000 0.008567947 0.0110140275
QP-Loss 1860000 0.008567945 0.011014029
Step 1860926: freezing conditions [11] (losses [8.909613029572938e-07])
QP-Loss 1861000 0.008567943 0.01101403
QP-Loss 1862000 0.008567941 0.011014031
QP-Loss 1863000 0.008567941 0.011014032
QP-Loss 1864000 0.0085679395 0.011014032
QP-Loss 1865000 0.0085679395 0.011014033
QP-Loss 1866000 0.008567938 0.011014034
QP-Loss 1867000 0.008567937 0.011014036
QP-Loss 1868000 0.008567936 0.011014036
QP-Loss 1869000 0.008567935 0.011014037
QP-Loss 1870000 0.008567934 0.011014037
QP-Loss 1871000 0.008567933 0.011014039
QP-Loss 1872000 0.008567932 0.011014039
QP-Loss 1873000 0.008567931 0.01101404
QP-Loss 1874000 0.00856793 0.011014041
QP-Loss 1875000 0.008567928 0.0110140415
QP-Loss 1876000 0.008567928 0.0110140415
QP-Loss 1877000 0.0085679265 0.011014042
QP-Loss 1878000 0.0085679265 0.011014043
QP-Loss 1879000 0.008567926 0.011014044
QP-Loss 1880000 0.008567925 0.011014045
QP-Loss 1881000 0.008567924 0.011014045
QP-Loss 1882000 0.008567923 0.011014046
QP-Loss 1883000 0.008567922 0.011014047
QP-Loss 1884000 0.008567921 0.011014047
QP-Loss 1885000 0.008567921 0.011014048
QP-Loss 1886000 0.008567919 0.011014049
QP-Loss 1887000 0.008567919 0.011014049
QP-Loss 1888000 0.008567918 0.011014049
QP-Loss 1889000 0.008567917 0.01101405
QP-Loss 1890000 0.008567915 0.011014051
QP-Loss 1891000 0.008567915 0.011014052
QP-Loss 1892000 0.008567915 0.011014052
QP-Loss 1893000 0.008567913 0.011014053
QP-Loss 1894000 0.0085679125 0.011014054
QP-Loss 1895000 0.008567912 0.011014054
QP-Loss 1896000 0.008567912 0.0110140545
QP-Loss 1897000 0.008567912 0.011014055
QP-Loss 1898000 0.008567911 0.011014055
QP-Loss 1899000 0.00856791 0.011014056
QP-Loss 1900000 0.008567909 0.011014056
QP-Loss 1901000 0.008567908 0.011014057
QP-Loss 1902000 0.008567907 0.011014057
QP-Loss 1903000 0.008567907 0.011014058
QP-Loss 1904000 0.008567906 0.011014059
QP-Loss 1905000 0.008567906 0.011014059
QP-Loss 1906000 0.008567905 0.01101406
QP-Loss 1907000 0.008567904 0.011014061
QP-Loss 1908000 0.008567903 0.011014061
QP-Loss 1909000 0.008567903 0.011014061
QP-Loss 1910000 0.008567902 0.011014062
QP-Loss 1911000 0.008567902 0.011014062
QP-Loss 1912000 0.0085679 0.011014063
QP-Loss 1913000 0.0085679 0.011014063
QP-Loss 1914000 0.008567899 0.011014064
QP-Loss 1915000 0.0085678985 0.011014065
QP-Loss 1916000 0.0085678985 0.011014065
QP-Loss 1917000 0.0085678985 0.011014065
QP-Loss 1918000 0.0085678985 0.011014065
QP-Loss 1919000 0.008567897 0.011014067
QP-Loss 1920000 0.008567897 0.011014067
QP-Loss 1921000 0.008567896 0.011014068
QP-Loss 1922000 0.008567895 0.011014068
QP-Loss 1923000 0.008567895 0.011014068
QP-Loss 1924000 0.008567895 0.011014068
QP-Loss 1925000 0.008567894 0.0110140685
QP-Loss 1926000 0.008567893 0.0110140685
QP-Loss 1927000 0.008567892 0.011014069
QP-Loss 1928000 0.008567892 0.011014069
QP-Loss 1929000 0.008567892 0.01101407
QP-Loss 1930000 0.008567891 0.01101407
QP-Loss 1931000 0.008567891 0.01101407
QP-Loss 1932000 0.00856789 0.011014071
QP-Loss 1933000 0.008567889 0.011014071
QP-Loss 1934000 0.008567889 0.011014072
QP-Loss 1935000 0.008567889 0.011014072
QP-Loss 1936000 0.008567888 0.011014073
QP-Loss 1937000 0.008567888 0.011014073
QP-Loss 1938000 0.008567887 0.011014073
QP-Loss 1939000 0.008567886 0.011014074
QP-Loss 1940000 0.0085678855 0.011014074
QP-Loss 1941000 0.0085678855 0.011014075
QP-Loss 1942000 0.0085678855 0.011014075
QP-Loss 1943000 0.0085678855 0.011014075
QP-Loss 1944000 0.008567885 0.011014075
QP-Loss 1945000 0.008567885 0.011014076
QP-Loss 1946000 0.008567884 0.011014077
QP-Loss 1947000 0.008567884 0.011014077
QP-Loss 1948000 0.008567884 0.011014077
QP-Loss 1949000 0.008567882 0.011014078
QP-Loss 1950000 0.008567882 0.011014078
QP-Loss 1951000 0.008567882 0.011014078
QP-Loss 1952000 0.008567882 0.011014078
QP-Loss 1953000 0.008567882 0.011014079
QP-Loss 1954000 0.008567881 0.011014079
QP-Loss 1955000 0.00856788 0.011014079
QP-Loss 1956000 0.00856788 0.01101408
QP-Loss 1957000 0.008567879 0.01101408
QP-Loss 1958000 0.008567879 0.011014081
QP-Loss 1959000 0.008567878 0.011014081
QP-Loss 1960000 0.008567878 0.011014081
QP-Loss 1961000 0.008567878 0.011014082
QP-Loss 1962000 0.008567878 0.011014082
QP-Loss 1963000 0.008567877 0.011014082
QP-Loss 1964000 0.008567877 0.011014082
QP-Loss 1965000 0.008567876 0.0110140825
QP-Loss 1966000 0.008567876 0.0110140825
QP-Loss 1967000 0.008567876 0.011014083
QP-Loss 1968000 0.008567876 0.011014083
QP-Loss 1969000 0.008567875 0.011014083
QP-Loss 1970000 0.008567874 0.011014083
QP-Loss 1971000 0.008567874 0.011014083
QP-Loss 1972000 0.008567874 0.011014083
QP-Loss 1973000 0.008567874 0.011014083
QP-Loss 1974000 0.008567872 0.011014084
QP-Loss 1975000 0.008567872 0.011014084
QP-Loss 1976000 0.008567872 0.011014084
QP-Loss 1977000 0.008567872 0.011014084
QP-Loss 1978000 0.008567872 0.011014085
QP-Loss 1979000 0.008567872 0.011014085
QP-Loss 1980000 0.008567872 0.011014085
QP-Loss 1981000 0.0085678715 0.011014085
QP-Loss 1982000 0.0085678715 0.011014086
QP-Loss 1983000 0.0085678715 0.011014086
QP-Loss 1984000 0.008567871 0.011014086
QP-Loss 1985000 0.008567871 0.011014086
QP-Loss 1986000 0.008567871 0.011014087
QP-Loss 1987000 0.00856787 0.011014087
QP-Loss 1988000 0.00856787 0.011014087
QP-Loss 1989000 0.008567869 0.011014087
QP-Loss 1990000 0.008567869 0.011014088
QP-Loss 1991000 0.008567869 0.011014088
QP-Loss 1992000 0.008567869 0.011014088
QP-Loss 1993000 0.008567869 0.011014088
QP-Loss 1994000 0.008567869 0.011014088
QP-Loss 1995000 0.008567869 0.011014089
QP-Loss 1996000 0.008567868 0.011014089
QP-Loss 1997000 0.008567867 0.01101409
QP-Loss 1998000 0.008567866 0.011014089
QP-Loss 1999000 0.008567866 0.011014089
QP-Loss 2000000 0.008567866 0.01101409
QP-Loss 2001000 0.008567866 0.01101409
QP-Loss 2002000 0.008567866 0.01101409
QP-Loss 2003000 0.008567866 0.01101409
QP-Loss 2004000 0.008567866 0.011014091
QP-Loss 2005000 0.008567865 0.01101409
QP-Loss 2006000 0.008567865 0.011014091
QP-Loss 2007000 0.008567865 0.011014091
QP-Loss 2008000 0.008567865 0.011014091
QP-Loss 2009000 0.008567865 0.011014091
QP-Loss 2010000 0.008567865 0.011014091
QP-Loss 2011000 0.008567865 0.011014092
QP-Loss 2012000 0.008567863 0.011014092
QP-Loss 2013000 0.008567863 0.011014092
QP-Loss 2014000 0.008567863 0.011014093
QP-Loss 2015000 0.008567863 0.011014093
QP-Loss 2016000 0.008567863 0.011014093
QP-Loss 2017000 0.008567863 0.011014093
QP-Loss 2018000 0.008567862 0.011014093
QP-Loss 2019000 0.008567862 0.011014093
QP-Loss 2020000 0.008567862 0.011014094
QP-Loss 2021000 0.008567862 0.011014094
QP-Loss 2022000 0.008567862 0.011014094
QP-Loss 2023000 0.008567861 0.011014093
QP-Loss 2024000 0.008567861 0.011014094
QP-Loss 2025000 0.008567861 0.011014094
QP-Loss 2026000 0.008567861 0.011014094
QP-Loss 2027000 0.008567861 0.011014094
QP-Loss 2028000 0.008567861 0.011014095
QP-Loss 2029000 0.00856786 0.011014095
QP-Loss 2030000 0.008567859 0.011014095
QP-Loss 2031000 0.008567859 0.011014095
QP-Loss 2032000 0.008567859 0.011014095
QP-Loss 2033000 0.008567859 0.011014095
QP-Loss 2034000 0.008567859 0.0110140955
QP-Loss 2035000 0.008567859 0.0110140955
QP-Loss 2036000 0.008567859 0.0110140955
QP-Loss 2037000 0.008567859 0.0110140955
QP-Loss 2038000 0.008567859 0.0110140955
QP-Loss 2039000 0.0085678585 0.0110140955
QP-Loss 2040000 0.0085678585 0.0110140955
QP-Loss 2041000 0.0085678585 0.011014096
QP-Loss 2042000 0.0085678585 0.011014096
QP-Loss 2043000 0.0085678585 0.011014096
QP-Loss 2044000 0.0085678585 0.011014096
QP-Loss 2045000 0.0085678585 0.011014096
QP-Loss 2046000 0.0085678585 0.011014096
QP-Loss 2047000 0.008567858 0.011014096
QP-Loss 2048000 0.008567858 0.011014096
QP-Loss 2049000 0.008567858 0.011014097
QP-Loss 2050000 0.008567858 0.011014097
QP-Loss 2051000 0.008567858 0.011014097
QP-Loss 2052000 0.008567858 0.011014097
QP-Loss 2053000 0.008567858 0.011014097
QP-Loss 2054000 0.008567857 0.011014097
QP-Loss 2055000 0.008567857 0.011014097
QP-Loss 2056000 0.008567857 0.011014097
QP-Loss 2057000 0.008567857 0.011014097
QP-Loss 2058000 0.008567856 0.011014098
QP-Loss 2059000 0.008567856 0.011014098
QP-Loss 2060000 0.008567856 0.011014098
QP-Loss 2061000 0.008567856 0.011014098
QP-Loss 2062000 0.008567856 0.011014098
QP-Loss 2063000 0.008567856 0.011014098
QP-Loss 2064000 0.008567856 0.011014099
QP-Loss 2065000 0.008567856 0.011014099
QP-Loss 2066000 0.008567856 0.011014099
QP-Loss 2067000 0.008567856 0.011014099
QP-Loss 2068000 0.008567855 0.011014099
QP-Loss 2069000 0.008567855 0.011014099
QP-Loss 2070000 0.008567855 0.011014099
QP-Loss 2071000 0.008567854 0.011014099
QP-Loss 2072000 0.008567854 0.011014099
QP-Loss 2073000 0.008567854 0.011014099
QP-Loss 2074000 0.008567854 0.011014099
QP-Loss 2075000 0.008567854 0.011014099
QP-Loss 2076000 0.008567854 0.011014099
QP-Loss 2077000 0.008567854 0.011014099
QP-Loss 2078000 0.008567854 0.011014099
QP-Loss 2079000 0.008567853 0.011014099
QP-Loss 2080000 0.008567853 0.011014099
QP-Loss 2081000 0.008567853 0.011014099
QP-Loss 2082000 0.008567853 0.011014099
QP-Loss 2083000 0.008567853 0.011014099
QP-Loss 2084000 0.008567852 0.0110141
QP-Loss 2085000 0.008567852 0.0110141
QP-Loss 2086000 0.008567852 0.0110141
QP-Loss 2087000 0.008567852 0.0110141
QP-Loss 2088000 0.008567852 0.0110141
QP-Loss 2089000 0.008567852 0.0110141
QP-Loss 2090000 0.008567852 0.0110141
QP-Loss 2091000 0.008567852 0.0110141
QP-Loss 2092000 0.008567852 0.0110141
QP-Loss 2093000 0.008567852 0.0110141
QP-Loss 2094000 0.008567852 0.0110141
QP-Loss 2095000 0.008567852 0.011014102
QP-Loss 2096000 0.008567852 0.011014102
QP-Loss 2097000 0.008567852 0.011014102
QP-Loss 2098000 0.008567852 0.011014102
QP-Loss 2099000 0.008567852 0.011014102
QP-Loss 2100000 0.008567852 0.011014102
QP-Loss 2101000 0.008567852 0.011014102
QP-Loss 2102000 0.008567852 0.011014102
QP-Loss 2103000 0.008567852 0.011014102
QP-Loss 2104000 0.008567852 0.011014102
QP-Loss 2105000 0.008567852 0.011014102
QP-Loss 2106000 0.008567852 0.011014102
QP-Loss 2107000 0.008567851 0.011014102
QP-Loss 2108000 0.008567851 0.011014102
QP-Loss 2109000 0.008567851 0.011014102
QP-Loss 2110000 0.008567851 0.011014102
QP-Loss 2111000 0.008567851 0.011014102
QP-Loss 2112000 0.008567851 0.011014102
QP-Loss 2113000 0.00856785 0.011014102
QP-Loss 2114000 0.00856785 0.011014102
QP-Loss 2115000 0.00856785 0.011014102
QP-Loss 2116000 0.00856785 0.011014102
QP-Loss 2117000 0.00856785 0.011014102
QP-Loss 2118000 0.00856785 0.011014102
QP-Loss 2119000 0.00856785 0.011014102
QP-Loss 2120000 0.00856785 0.011014102
QP-Loss 2121000 0.00856785 0.011014102
QP-Loss 2122000 0.00856785 0.011014103
QP-Loss 2123000 0.00856785 0.011014103
QP-Loss 2124000 0.00856785 0.011014103
QP-Loss 2125000 0.008567849 0.011014103
QP-Loss 2126000 0.008567849 0.011014103
QP-Loss 2127000 0.008567849 0.011014103
QP-Loss 2128000 0.008567849 0.011014103
QP-Loss 2129000 0.008567849 0.011014103
QP-Loss 2130000 0.008567849 0.011014103
QP-Loss 2131000 0.008567849 0.011014103
QP-Loss 2132000 0.008567849 0.011014103
QP-Loss 2133000 0.008567849 0.011014103
QP-Loss 2134000 0.008567849 0.011014103
QP-Loss 2135000 0.008567849 0.011014103
QP-Loss 2136000 0.008567849 0.011014103
QP-Loss 2137000 0.008567849 0.011014103
QP-Loss 2138000 0.008567848 0.011014103
QP-Loss 2139000 0.008567848 0.011014104
QP-Loss 2140000 0.008567848 0.011014104
QP-Loss 2141000 0.008567848 0.011014104
QP-Loss 2142000 0.008567848 0.011014104
QP-Loss 2143000 0.008567848 0.011014104
QP-Loss 2144000 0.008567848 0.011014104
QP-Loss 2145000 0.008567848 0.011014104
QP-Loss 2146000 0.008567848 0.011014104
QP-Loss 2147000 0.008567848 0.011014104
QP-Loss 2148000 0.008567848 0.011014104
QP-Loss 2149000 0.008567848 0.011014104
QP-Loss 2150000 0.008567848 0.011014104
QP-Loss 2151000 0.008567848 0.011014104
QP-Loss 2152000 0.008567848 0.011014104
QP-Loss 2153000 0.008567848 0.011014104
QP-Loss 2154000 0.008567847 0.011014104
QP-Loss 2155000 0.008567847 0.011014104
QP-Loss 2156000 0.008567847 0.011014104
QP-Loss 2157000 0.008567847 0.011014104
QP-Loss 2158000 0.008567847 0.011014104
QP-Loss 2159000 0.008567847 0.011014104
QP-Loss 2160000 0.008567847 0.011014104
QP-Loss 2161000 0.008567847 0.011014104
QP-Loss 2162000 0.008567847 0.011014105
QP-Loss 2163000 0.008567847 0.011014105
QP-Loss 2164000 0.008567847 0.011014105
QP-Loss 2165000 0.008567847 0.011014105
QP-Loss 2166000 0.008567847 0.011014105
QP-Loss 2167000 0.008567847 0.011014105
QP-Loss 2168000 0.008567847 0.011014105
QP-Loss 2169000 0.008567847 0.011014105
QP-Loss 2170000 0.008567847 0.011014105
QP-Loss 2171000 0.008567847 0.011014105
QP-Loss 2172000 0.008567847 0.011014105
QP-Loss 2173000 0.008567847 0.011014105
QP-Loss 2174000 0.008567847 0.011014105
QP-Loss 2175000 0.008567847 0.011014105
QP-Loss 2176000 0.008567847 0.011014105
QP-Loss 2177000 0.008567847 0.011014105
QP-Loss 2178000 0.008567847 0.011014105
QP-Loss 2179000 0.008567847 0.011014105
QP-Loss 2180000 0.008567847 0.011014105
QP-Loss 2181000 0.008567846 0.011014105
QP-Loss 2182000 0.008567846 0.011014105
QP-Loss 2183000 0.008567846 0.011014105
QP-Loss 2184000 0.008567846 0.011014105
QP-Loss 2185000 0.008567846 0.011014105
QP-Loss 2186000 0.008567846 0.011014105
QP-Loss 2187000 0.008567846 0.011014105
QP-Loss 2188000 0.008567846 0.011014105
QP-Loss 2189000 0.008567846 0.011014105
QP-Loss 2190000 0.008567846 0.011014105
QP-Loss 2191000 0.008567846 0.011014105
QP-Loss 2192000 0.008567846 0.011014105
QP-Loss 2193000 0.008567846 0.011014105
QP-Loss 2194000 0.008567846 0.011014105
QP-Loss 2195000 0.008567846 0.011014105
QP-Loss 2196000 0.008567846 0.011014105
QP-Loss 2197000 0.008567846 0.011014105
QP-Loss 2198000 0.008567846 0.011014105
QP-Loss 2199000 0.008567846 0.011014105
QP-Loss 2200000 0.008567846 0.011014105
QP-Loss 2201000 0.008567846 0.011014105
QP-Loss 2202000 0.008567846 0.011014105
QP-Loss 2203000 0.008567846 0.011014105
QP-Loss 2204000 0.008567846 0.011014106
QP-Loss 2205000 0.008567846 0.011014106
QP-Loss 2206000 0.008567846 0.011014106
QP-Loss 2207000 0.008567846 0.011014106
QP-Loss 2208000 0.008567846 0.011014106
QP-Loss 2209000 0.008567846 0.011014106
QP-Loss 2210000 0.008567846 0.011014106
QP-Loss 2211000 0.008567846 0.011014106
QP-Loss 2212000 0.008567846 0.011014106
QP-Loss 2213000 0.008567846 0.011014106
QP-Loss 2214000 0.008567846 0.011014106
QP-Loss 2215000 0.008567846 0.011014106
QP-Loss 2216000 0.008567845 0.011014106
QP-Loss 2217000 0.008567845 0.011014106
QP-Loss 2218000 0.008567845 0.011014106
QP-Loss 2219000 0.008567845 0.011014106
QP-Loss 2220000 0.008567845 0.011014106
QP-Loss 2221000 0.008567845 0.011014106
QP-Loss 2222000 0.008567845 0.011014106
QP-Loss 2223000 0.008567845 0.011014106
QP-Loss 2224000 0.008567845 0.011014106
QP-Loss 2225000 0.008567845 0.011014106
QP-Loss 2226000 0.008567845 0.011014106
QP-Loss 2227000 0.008567845 0.011014106
QP-Loss 2228000 0.008567845 0.011014106
QP-Loss 2229000 0.008567845 0.011014106
QP-Loss 2230000 0.008567845 0.011014106
QP-Loss 2231000 0.008567845 0.011014106
QP-Loss 2232000 0.008567845 0.011014106
QP-Loss 2233000 0.008567845 0.011014106
QP-Loss 2234000 0.008567845 0.011014106
QP-Loss 2235000 0.008567845 0.011014106
QP-Loss 2236000 0.008567845 0.011014106
QP-Loss 2237000 0.008567845 0.011014106
QP-Loss 2238000 0.008567845 0.011014106
QP-Loss 2239000 0.008567845 0.011014106
QP-Loss 2240000 0.008567845 0.011014106
QP-Loss 2241000 0.008567845 0.011014106
QP-Loss 2242000 0.008567845 0.011014106
QP-Loss 2243000 0.008567845 0.011014106
QP-Loss 2244000 0.0085678445 0.011014107
QP-Loss 2245000 0.0085678445 0.011014107
QP-Loss 2246000 0.0085678445 0.011014107
QP-Loss 2247000 0.0085678445 0.011014107
QP-Loss 2248000 0.0085678445 0.011014107
QP-Loss 2249000 0.0085678445 0.011014107
QP-Loss 2250000 0.0085678445 0.011014107
QP-Loss 2251000 0.0085678445 0.011014107
QP-Loss 2252000 0.0085678445 0.011014107
QP-Loss 2253000 0.0085678445 0.011014107
QP-Loss 2254000 0.0085678445 0.011014107
QP-Loss 2255000 0.0085678445 0.011014107
QP-Loss 2256000 0.0085678445 0.011014107
QP-Loss 2257000 0.0085678445 0.011014107
QP-Loss 2258000 0.0085678445 0.011014107
QP-Loss 2259000 0.0085678445 0.011014107
QP-Loss 2260000 0.0085678445 0.011014107
QP-Loss 2261000 0.0085678445 0.011014107
QP-Loss 2262000 0.0085678445 0.011014107
QP-Loss 2263000 0.0085678445 0.011014107
QP-Loss 2264000 0.0085678445 0.011014107
QP-Loss 2265000 0.0085678445 0.011014107
QP-Loss 2266000 0.0085678445 0.011014107
QP-Loss 2267000 0.0085678445 0.011014107
QP-Loss 2268000 0.0085678445 0.011014107
QP-Loss 2269000 0.0085678445 0.011014107
QP-Loss 2270000 0.0085678445 0.011014107
QP-Loss 2271000 0.0085678445 0.011014107
QP-Loss 2272000 0.0085678445 0.011014107
QP-Loss 2273000 0.0085678445 0.011014107
QP-Loss 2274000 0.0085678445 0.011014107
QP-Loss 2275000 0.0085678445 0.011014108
QP-Loss 2276000 0.0085678445 0.011014108
QP-Loss 2277000 0.0085678445 0.011014108
QP-Loss 2278000 0.0085678445 0.011014108
QP-Loss 2279000 0.0085678445 0.011014108
QP-Loss 2280000 0.0085678445 0.011014108
QP-Loss 2281000 0.0085678445 0.011014108
QP-Loss 2282000 0.0085678445 0.011014108
QP-Loss 2283000 0.0085678445 0.011014108
QP-Loss 2284000 0.0085678445 0.011014108
QP-Loss 2285000 0.0085678445 0.011014108
QP-Loss 2286000 0.0085678445 0.011014108
QP-Loss 2287000 0.0085678445 0.011014108
QP-Loss 2288000 0.0085678445 0.011014108
QP-Loss 2289000 0.0085678445 0.011014108
QP-Loss 2290000 0.0085678445 0.011014108
QP-Loss 2291000 0.0085678445 0.011014108
QP-Loss 2292000 0.0085678445 0.011014108
QP-Loss 2293000 0.0085678445 0.011014108
QP-Loss 2294000 0.0085678445 0.011014108
QP-Loss 2295000 0.0085678445 0.011014108
QP-Loss 2296000 0.0085678445 0.011014108
QP-Loss 2297000 0.0085678445 0.011014108
QP-Loss 2298000 0.0085678445 0.011014108
QP-Loss 2299000 0.0085678445 0.011014108
QP-Loss 2300000 0.0085678445 0.011014108
QP-Loss 2301000 0.0085678445 0.011014108
QP-Loss 2302000 0.0085678445 0.011014108
QP-Loss 2303000 0.0085678445 0.011014108
QP-Loss 2304000 0.0085678445 0.011014108
QP-Loss 2305000 0.0085678445 0.011014108
QP-Loss 2306000 0.0085678445 0.011014108
QP-Loss 2307000 0.0085678445 0.011014108
QP-Loss 2308000 0.0085678445 0.011014108
QP-Loss 2309000 0.0085678445 0.011014108
QP-Loss 2310000 0.0085678445 0.011014108
QP-Loss 2311000 0.0085678445 0.011014108
QP-Loss 2312000 0.0085678445 0.011014108
QP-Loss 2313000 0.0085678445 0.011014108
QP-Loss 2314000 0.0085678445 0.011014108
QP-Loss 2315000 0.008567844 0.011014108
QP-Loss 2316000 0.008567844 0.011014108
QP-Loss 2317000 0.008567844 0.011014108
QP-Loss 2318000 0.008567844 0.011014108
QP-Loss 2319000 0.008567844 0.011014108
QP-Loss 2320000 0.008567844 0.011014108
QP-Loss 2321000 0.008567844 0.011014108
QP-Loss 2322000 0.008567844 0.011014108
QP-Loss 2323000 0.008567844 0.011014108
QP-Loss 2324000 0.008567844 0.011014108
QP-Loss 2325000 0.008567844 0.011014108
QP-Loss 2326000 0.008567844 0.011014108
QP-Loss 2327000 0.008567844 0.011014108
QP-Loss 2328000 0.008567844 0.011014108
QP-Loss 2329000 0.008567844 0.011014108
QP-Loss 2330000 0.008567844 0.011014108
QP-Loss 2331000 0.008567844 0.011014108
QP-Loss 2332000 0.008567844 0.011014108
QP-Loss 2333000 0.008567844 0.011014108
QP-Loss 2334000 0.008567844 0.011014108
QP-Loss 2335000 0.008567844 0.011014108
QP-Loss 2336000 0.008567844 0.011014108
QP-Loss 2337000 0.008567844 0.011014108
QP-Loss 2338000 0.008567844 0.011014108
QP-Loss 2339000 0.008567844 0.011014108
QP-Loss 2340000 0.008567844 0.011014108
QP-Loss 2341000 0.008567844 0.011014108
QP-Loss 2342000 0.008567844 0.011014108
QP-Loss 2343000 0.008567844 0.011014108
QP-Loss 2344000 0.008567844 0.011014108
QP-Loss 2345000 0.008567844 0.011014108
QP-Loss 2346000 0.008567844 0.011014108
QP-Loss 2347000 0.008567844 0.011014108
QP-Loss 2348000 0.008567844 0.011014108
QP-Loss 2349000 0.008567844 0.011014108
QP-Loss 2350000 0.008567844 0.011014108
QP-Loss 2351000 0.008567844 0.011014108
QP-Loss 2352000 0.008567844 0.011014108
QP-Loss 2353000 0.008567844 0.011014108
QP-Loss 2354000 0.008567844 0.011014108
QP-Loss 2355000 0.008567844 0.011014108
QP-Loss 2356000 0.008567844 0.011014108
QP-Loss 2357000 0.008567844 0.011014108
QP-Loss 2358000 0.008567844 0.011014108
QP-Loss 2359000 0.008567844 0.011014108
QP-Loss 2360000 0.008567844 0.011014108
QP-Loss 2361000 0.008567844 0.011014108
QP-Loss 2362000 0.008567844 0.011014108
QP-Loss 2363000 0.008567844 0.011014108
QP-Loss 2364000 0.008567844 0.011014108
QP-Loss 2365000 0.008567844 0.011014108
QP-Loss 2366000 0.008567844 0.011014108
QP-Loss 2367000 0.008567844 0.011014108
QP-Loss 2368000 0.008567844 0.011014108
QP-Loss 2369000 0.008567844 0.011014108
QP-Loss 2370000 0.008567844 0.011014108
QP-Loss 2371000 0.008567844 0.011014108
QP-Loss 2372000 0.008567844 0.011014108
QP-Loss 2373000 0.008567844 0.011014108
QP-Loss 2374000 0.008567844 0.011014108
QP-Loss 2375000 0.008567844 0.011014108
QP-Loss 2376000 0.008567844 0.011014108
QP-Loss 2377000 0.008567844 0.011014108
QP-Loss 2378000 0.008567844 0.011014108
QP-Loss 2379000 0.008567844 0.011014108
QP-Loss 2380000 0.008567844 0.011014108
QP-Loss 2381000 0.008567844 0.011014108
QP-Loss 2382000 0.008567844 0.011014108
QP-Loss 2383000 0.008567844 0.011014108
QP-Loss 2384000 0.008567844 0.011014108
QP-Loss 2385000 0.008567844 0.011014108
QP-Loss 2386000 0.008567844 0.011014108
QP-Loss 2387000 0.008567844 0.011014108
QP-Loss 2388000 0.008567844 0.011014108
QP-Loss 2389000 0.008567844 0.011014108
QP-Loss 2390000 0.008567844 0.011014108
QP-Loss 2391000 0.008567843 0.011014108
QP-Loss 2392000 0.008567843 0.011014108
QP-Loss 2393000 0.008567843 0.011014108
QP-Loss 2394000 0.008567843 0.011014108
QP-Loss 2395000 0.008567843 0.011014108
QP-Loss 2396000 0.008567843 0.011014108
QP-Loss 2397000 0.008567843 0.011014108
QP-Loss 2398000 0.008567843 0.011014108
QP-Loss 2399000 0.008567843 0.011014108
QP-Loss 2400000 0.008567843 0.011014108
QP-Loss 2401000 0.008567843 0.011014108
QP-Loss 2402000 0.008567843 0.011014108
QP-Loss 2403000 0.008567843 0.011014108
QP-Loss 2404000 0.008567843 0.011014108
QP-Loss 2405000 0.008567843 0.011014108
QP-Loss 2406000 0.008567843 0.011014108
QP-Loss 2407000 0.008567843 0.011014108
QP-Loss 2408000 0.008567843 0.011014108
QP-Loss 2409000 0.008567843 0.011014108
QP-Loss 2410000 0.008567843 0.011014108
QP-Loss 2411000 0.008567843 0.011014108
QP-Loss 2412000 0.008567843 0.011014108
QP-Loss 2413000 0.008567843 0.011014108
QP-Loss 2414000 0.008567843 0.011014108
QP-Loss 2415000 0.008567843 0.011014108
QP-Loss 2416000 0.008567843 0.011014108
QP-Loss 2417000 0.008567843 0.011014108
QP-Loss 2418000 0.008567843 0.011014108
QP-Loss 2419000 0.008567843 0.011014108
QP-Loss 2420000 0.008567843 0.011014108
QP-Loss 2421000 0.008567843 0.011014108
QP-Loss 2422000 0.008567843 0.011014108
QP-Loss 2423000 0.008567843 0.011014108
QP-Loss 2424000 0.008567843 0.011014108
QP-Loss 2425000 0.008567843 0.011014108
QP-Loss 2426000 0.008567843 0.011014108
QP-Loss 2427000 0.008567843 0.011014108
QP-Loss 2428000 0.008567843 0.011014108
QP-Loss 2429000 0.008567843 0.011014108
QP-Loss 2430000 0.008567843 0.011014108
QP-Loss 2431000 0.008567843 0.011014108
QP-Loss 2432000 0.008567843 0.011014108
QP-Loss 2433000 0.008567843 0.011014108
QP-Loss 2434000 0.008567843 0.011014108
QP-Loss 2435000 0.008567843 0.011014108
QP-Loss 2436000 0.008567843 0.011014108
QP-Loss 2437000 0.008567843 0.011014108
QP-Loss 2438000 0.008567843 0.011014108
QP-Loss 2439000 0.008567843 0.011014108
QP-Loss 2440000 0.008567843 0.011014108
QP-Loss 2441000 0.008567843 0.011014108
QP-Loss 2442000 0.008567843 0.011014108
QP-Loss 2443000 0.008567843 0.011014108
QP-Loss 2444000 0.008567843 0.011014108
QP-Loss 2445000 0.008567843 0.011014108
QP-Loss 2446000 0.008567843 0.011014108
QP-Loss 2447000 0.008567843 0.011014108
QP-Loss 2448000 0.008567843 0.011014108
QP-Loss 2449000 0.008567843 0.011014108
QP-Loss 2450000 0.008567843 0.011014108
QP-Loss 2451000 0.008567843 0.011014108
QP-Loss 2452000 0.008567843 0.011014108
QP-Loss 2453000 0.008567843 0.011014108
QP-Loss 2454000 0.008567843 0.011014109
QP-Loss 2455000 0.008567843 0.011014109
QP-Loss 2456000 0.008567843 0.011014109
QP-Loss 2457000 0.008567843 0.011014109
QP-Loss 2458000 0.008567843 0.011014109
QP-Loss 2459000 0.008567843 0.011014109
QP-Loss 2460000 0.008567843 0.011014109
QP-Loss 2461000 0.008567843 0.011014109
QP-Loss 2462000 0.008567843 0.011014109
QP-Loss 2463000 0.008567843 0.011014109
QP-Loss 2464000 0.008567843 0.011014109
QP-Loss 2465000 0.008567843 0.011014109
QP-Loss 2466000 0.008567843 0.011014109
QP-Loss 2467000 0.008567843 0.011014109
QP-Loss 2468000 0.008567843 0.011014109
QP-Loss 2469000 0.008567843 0.011014109
QP-Loss 2470000 0.008567843 0.011014109
QP-Loss 2471000 0.008567843 0.011014109
QP-Loss 2472000 0.008567843 0.011014109
QP-Loss 2473000 0.008567843 0.011014109
QP-Loss 2474000 0.008567843 0.011014109
QP-Loss 2475000 0.008567843 0.011014109
QP-Loss 2476000 0.008567843 0.011014109
QP-Loss 2477000 0.008567843 0.011014109
QP-Loss 2478000 0.008567843 0.011014109
QP-Loss 2479000 0.008567843 0.011014109
QP-Loss 2480000 0.008567843 0.011014109
QP-Loss 2481000 0.008567843 0.011014109
QP-Loss 2482000 0.008567843 0.011014109
QP-Loss 2483000 0.008567843 0.011014109
QP-Loss 2484000 0.008567843 0.011014109
QP-Loss 2485000 0.008567843 0.011014109
QP-Loss 2486000 0.008567843 0.011014109
QP-Loss 2487000 0.008567843 0.011014109
QP-Loss 2488000 0.008567843 0.011014109
QP-Loss 2489000 0.008567843 0.011014109
QP-Loss 2490000 0.008567843 0.011014109
QP-Loss 2491000 0.008567843 0.011014109
QP-Loss 2492000 0.008567843 0.011014109
QP-Loss 2493000 0.008567843 0.011014109
QP-Loss 2494000 0.008567843 0.011014109
QP-Loss 2495000 0.008567843 0.011014109
QP-Loss 2496000 0.008567843 0.011014109
QP-Loss 2497000 0.008567843 0.011014109
QP-Loss 2498000 0.008567843 0.011014109
QP-Loss 2499000 0.008567843 0.011014109
QP-Loss 2500000 0.008567843 0.011014109
AMN output shapes for PoutV, SV, PinV, Vpos, V, outputs (24, 624) (24, 1) (24, 1) (24, 1) (24, 624) (24, 1875)
R2 = -0.46 (+/- 0.00) Constraint = 0.01 (+/- 0.01)
Loss Constrained Targets 0.0008861751
Loss SV 0.015361682
Loss Vin bound 8.2625564e-07
Loss V positive 0.0
Time elapsed:  14:10:13.509167
