Exchanges:  {'EX_cpd00067_e0_o': 21.753473, 'EX_cpd00007_e0_o': 111.932184, 'EX_cpd00048_e0_i': 0.351318, 'EX_cpd00001_e0_i': 95.59228, 'EX_cpd00013_e0_i': 15.547783, 'EX_cpd11632_e0_i': 909.497991, 'EX_cpd00011_e0_i': 109.265404, 'EX_cpd00009_e0_i': 5.520706, 'EX_cpd00099_e0_i': 0.0}
[Init] V0_init=-2: unscored reactions left at 0 (no mean/2 imputation)

[Init] Injecting 9 exchange flux ceilings into V0...
-> Successfully replaced 9 matrix columns.

[Init] media chain: set 39 columns from media_chain_init.tsv
-> [Init] Successfully forced 'bio1' initialization to 0.0
[EarlyStop] patience_limit=500  min_delta=0.001
QP-Loss 1000 2269.5566 1145.5123
QP-Loss 2000 942.5036 331.8047
QP-Loss 3000 611.1833 222.60074
QP-Loss 4000 450.02292 163.88617
QP-Loss 5000 342.96976 123.015236
QP-Loss 6000 265.79257 93.71736
QP-Loss 7000 208.26514 72.74686
QP-Loss 8000 164.7568 57.87972
QP-Loss 9000 131.52708 47.51301
QP-Loss 10000 105.94761 40.280067
QP-Loss 11000 86.086426 35.158997
QP-Loss 12000 70.58279 31.419888
QP-Loss 13000 58.395233 28.551245
QP-Loss 14000 48.759045 26.22714
QP-Loss 15000 41.072475 24.214958
QP-Loss 16000 34.888393 22.395517
QP-Loss 17000 29.889648 20.715395
QP-Loss 18000 25.805574 19.133406
QP-Loss 19000 22.453985 17.642815
QP-Loss 20000 19.67969 16.243374
QP-Loss 21000 17.360422 14.934088
QP-Loss 22000 15.404378 13.713309
QP-Loss 23000 13.742958 12.582074
QP-Loss 24000 12.325375 11.546741
QP-Loss 25000 11.104591 10.594138
QP-Loss 26000 10.045808 9.718033
QP-Loss 27000 9.121718 8.913272
QP-Loss 28000 8.310788 8.175172
QP-Loss 29000 7.596264 7.499151
QP-Loss 30000 6.9626083 6.8804536
QP-Loss 31000 6.4001617 6.3148417
QP-Loss 32000 5.898548 5.797991
QP-Loss 33000 5.448944 5.3258414
QP-Loss 34000 5.044474 4.8945932
QP-Loss 35000 4.67977 4.5003123
QP-Loss 36000 4.34981 4.140082
QP-Loss 37000 4.0503736 3.8107886
QP-Loss 38000 3.7780216 3.5097616
QP-Loss 39000 3.529752 3.2345316
QP-Loss 40000 3.3029506 2.9828477
QP-Loss 41000 3.0953972 2.7526717
QP-Loss 42000 2.905125 2.542152
QP-Loss 43000 2.730429 2.3495748
QP-Loss 44000 2.5698051 2.173331
QP-Loss 45000 2.4218998 2.0120292
QP-Loss 46000 2.2855475 1.8643494
QP-Loss 47000 2.1597052 1.7291191
QP-Loss 48000 2.0434039 1.6052219
QP-Loss 49000 1.9358358 1.491705
QP-Loss 50000 1.8362207 1.3876921
QP-Loss 51000 1.7438625 1.2923287
QP-Loss 52000 1.6581525 1.2049106
QP-Loss 53000 1.5785036 1.1247258
QP-Loss 54000 1.504425 1.0511969
QP-Loss 55000 1.435453 0.98373926
QP-Loss 56000 1.3711834 0.92185587
QP-Loss 57000 1.3112229 0.8650631
QP-Loss 58000 1.2552153 0.8129189
QP-Loss 59000 1.202839 0.7650257
QP-Loss 60000 1.1538296 0.72102135
QP-Loss 61000 1.10792 0.68057966
QP-Loss 62000 1.0648694 0.64337724
QP-Loss 63000 1.0244902 0.60914516
QP-Loss 64000 0.9865567 0.5776455
QP-Loss 65000 0.9508693 0.54863864
QP-Loss 66000 0.91733867 0.52185285
QP-Loss 67000 0.8857841 0.49712402
QP-Loss 68000 0.85606164 0.4742759
QP-Loss 69000 0.82803804 0.453154
QP-Loss 70000 0.8015874 0.43361107
QP-Loss 71000 0.7766025 0.41549873
QP-Loss 72000 0.752984 0.39871222
QP-Loss 73000 0.7306164 0.38311774
QP-Loss 74000 0.709434 0.3686312
QP-Loss 75000 0.68932575 0.35514805
QP-Loss 76000 0.6702223 0.34258634
QP-Loss 77000 0.65208787 0.33089146
QP-Loss 78000 0.63481706 0.31996977
QP-Loss 79000 0.61834806 0.30976835
QP-Loss 80000 0.60266465 0.3002293
QP-Loss 81000 0.587676 0.29129782
QP-Loss 82000 0.573358 0.2829206
QP-Loss 83000 0.55968237 0.27507788
QP-Loss 84000 0.546611 0.26770964
QP-Loss 85000 0.53407407 0.2607757
QP-Loss 86000 0.5220537 0.2542355
QP-Loss 87000 0.51051897 0.24806738
QP-Loss 88000 0.4994388 0.24222343
QP-Loss 89000 0.48878372 0.23668751
QP-Loss 90000 0.478532 0.23143286
QP-Loss 91000 0.46868074 0.22645774
QP-Loss 92000 0.45918813 0.22171305
QP-Loss 93000 0.4500308 0.21719661
QP-Loss 94000 0.44121233 0.21291658
QP-Loss 95000 0.43270484 0.2087959
QP-Loss 96000 0.4244748 0.20487078
QP-Loss 97000 0.41651344 0.20111401
QP-Loss 98000 0.40882063 0.19750176
QP-Loss 99000 0.40138206 0.19402412
QP-Loss 100000 0.3941801 0.19067839
QP-Loss 101000 0.3872129 0.18745771
QP-Loss 102000 0.3804452 0.18434547
QP-Loss 103000 0.37388608 0.18136421
QP-Loss 104000 0.36751685 0.17846198
QP-Loss 105000 0.36135006 0.17565827
QP-Loss 106000 0.35536662 0.17294085
QP-Loss 107000 0.34954318 0.1702988
QP-Loss 108000 0.34389296 0.16775395
QP-Loss 109000 0.3384007 0.1652775
QP-Loss 110000 0.3330556 0.16286059
QP-Loss 111000 0.32786372 0.16053371
QP-Loss 112000 0.32281092 0.15825494
QP-Loss 113000 0.31788978 0.15602864
QP-Loss 114000 0.31310263 0.15386923
QP-Loss 115000 0.308441 0.15177324
QP-Loss 116000 0.3038924 0.14971961
QP-Loss 117000 0.2994674 0.14770652
QP-Loss 118000 0.2951566 0.14574388
QP-Loss 119000 0.29095373 0.14381678
QP-Loss 120000 0.28685442 0.14193371
QP-Loss 121000 0.28285572 0.14008981
QP-Loss 122000 0.2789532 0.13828452
QP-Loss 123000 0.2751437 0.1365214
QP-Loss 124000 0.27141887 0.1347926
QP-Loss 125000 0.26778185 0.13309869
QP-Loss 126000 0.2642276 0.13144393
QP-Loss 127000 0.2607544 0.12980893
QP-Loss 128000 0.25736374 0.12820947
QP-Loss 129000 0.25404918 0.12663886
QP-Loss 130000 0.25080374 0.12509163
QP-Loss 131000 0.24762933 0.12357443
QP-Loss 132000 0.2445247 0.122085564
QP-Loss 133000 0.24149008 0.1206292
QP-Loss 134000 0.23852189 0.11920086
QP-Loss 135000 0.23561363 0.1177948
QP-Loss 136000 0.23277046 0.11641854
QP-Loss 137000 0.2299818 0.115062736
QP-Loss 138000 0.2272454 0.113731
QP-Loss 139000 0.22456414 0.11242147
QP-Loss 140000 0.2219352 0.11113222
QP-Loss 141000 0.21935995 0.10987551
QP-Loss 142000 0.21683337 0.10863504
QP-Loss 143000 0.21435177 0.107410625
QP-Loss 144000 0.21191724 0.106209055
QP-Loss 145000 0.20952652 0.10502227
QP-Loss 146000 0.20719415 0.10387578
QP-Loss 147000 0.20491122 0.1027568
QP-Loss 148000 0.20266776 0.1016495
QP-Loss 149000 0.20046365 0.10055941
QP-Loss 150000 0.19829953 0.09948618
QP-Loss 151000 0.19617234 0.09843023
QP-Loss 152000 0.19408101 0.097388595
QP-Loss 153000 0.19202317 0.09636042
QP-Loss 154000 0.19000135 0.09534763
QP-Loss 155000 0.18801343 0.09435013
QP-Loss 156000 0.1860574 0.09336361
QP-Loss 157000 0.18413663 0.09238828
QP-Loss 158000 0.18224497 0.09142088
QP-Loss 159000 0.18038411 0.090466835
QP-Loss 160000 0.17855372 0.08952651
QP-Loss 161000 0.17675115 0.08859809
QP-Loss 162000 0.17497736 0.08768415
QP-Loss 163000 0.17323035 0.08677821
QP-Loss 164000 0.1715122 0.08588532
QP-Loss 165000 0.16981964 0.08500283
QP-Loss 166000 0.16815186 0.08412948
QP-Loss 167000 0.16650885 0.08326806
QP-Loss 168000 0.1648902 0.08241646
QP-Loss 169000 0.16329478 0.081574686
QP-Loss 170000 0.16172396 0.0807436
QP-Loss 171000 0.16017465 0.07992203
QP-Loss 172000 0.15864728 0.07910822
QP-Loss 173000 0.15714252 0.078307405
QP-Loss 174000 0.15565868 0.07751596
QP-Loss 175000 0.1541946 0.076733075
QP-Loss 176000 0.15275036 0.07595976
QP-Loss 177000 0.15132396 0.07519212
QP-Loss 178000 0.14991672 0.07443199
QP-Loss 179000 0.14853056 0.07368428
QP-Loss 180000 0.14716351 0.07294758
QP-Loss 181000 0.14581518 0.072220065
QP-Loss 182000 0.14448503 0.07150085
QP-Loss 183000 0.14317235 0.070787854
QP-Loss 184000 0.14187561 0.07007958
QP-Loss 185000 0.14059551 0.06937832
QP-Loss 186000 0.13933273 0.06868762
QP-Loss 187000 0.13808519 0.0680037
QP-Loss 188000 0.1368541 0.067327216
QP-Loss 189000 0.13563852 0.06665833
QP-Loss 190000 0.13443737 0.065993704
QP-Loss 191000 0.13325064 0.06533401
QP-Loss 192000 0.13207982 0.06468005
QP-Loss 193000 0.13092421 0.06403532
QP-Loss 194000 0.1297832 0.063397884
QP-Loss 195000 0.12865616 0.06276556
QP-Loss 196000 0.1275432 0.062139995
QP-Loss 197000 0.12644307 0.061520156
QP-Loss 198000 0.12535451 0.060904752
QP-Loss 199000 0.12427896 0.060295515
QP-Loss 200000 0.12321601 0.05969374
QP-Loss 201000 0.12216621 0.059099134
QP-Loss 202000 0.121129 0.058510583
QP-Loss 203000 0.12011843 0.05795145
QP-Loss 204000 0.11911988 0.05739728
QP-Loss 205000 0.11813273 0.056847733
QP-Loss 206000 0.1171566 0.056302547
QP-Loss 207000 0.1161926 0.055764582
QP-Loss 208000 0.115239404 0.055231478
QP-Loss 209000 0.11429673 0.05470199
QP-Loss 210000 0.113365926 0.054178674
QP-Loss 211000 0.11244593 0.05366152
QP-Loss 212000 0.111535065 0.05314851
QP-Loss 213000 0.11063447 0.052639395
QP-Loss 214000 0.109743655 0.0521352
QP-Loss 215000 0.108862735 0.05163642
QP-Loss 216000 0.107991196 0.051143967
QP-Loss 217000 0.10712873 0.050656043
QP-Loss 218000 0.1062754 0.050172873
QP-Loss 219000 0.10543028 0.04969353
QP-Loss 220000 0.10459421 0.049219325
QP-Loss 221000 0.10376686 0.048748683
QP-Loss 222000 0.102947555 0.048282426
QP-Loss 223000 0.1021365 0.0478194
QP-Loss 224000 0.101333916 0.04736132
QP-Loss 225000 0.100539096 0.046906695
QP-Loss 226000 0.099752784 0.046456013
QP-Loss 227000 0.09897465 0.046010364
QP-Loss 228000 0.09820404 0.045568153
QP-Loss 229000 0.09744177 0.04512991
QP-Loss 230000 0.09668677 0.044695556
QP-Loss 231000 0.09594041 0.04426624
QP-Loss 232000 0.09520147 0.043839928
QP-Loss 233000 0.09446982 0.04341772
QP-Loss 234000 0.093745135 0.042998295
QP-Loss 235000 0.09302773 0.042582132
QP-Loss 236000 0.09231747 0.042169888
QP-Loss 237000 0.091614686 0.04176219
QP-Loss 238000 0.0909201 0.041360553
QP-Loss 239000 0.09023321 0.04096465
QP-Loss 240000 0.08955372 0.040573247
QP-Loss 241000 0.08888111 0.040186185
QP-Loss 242000 0.088218994 0.03981164
QP-Loss 243000 0.0875671 0.03944855
QP-Loss 244000 0.0869219 0.039088912
QP-Loss 245000 0.08628303 0.03873263
QP-Loss 246000 0.085651 0.03838077
QP-Loss 247000 0.085025154 0.038031757
QP-Loss 248000 0.08440542 0.03768537
QP-Loss 249000 0.083792 0.037342053
QP-Loss 250000 0.08318455 0.037000913
QP-Loss 251000 0.082582586 0.036662504
QP-Loss 252000 0.08198621 0.036327064
QP-Loss 253000 0.08139657 0.035995305
QP-Loss 254000 0.08081267 0.035666343
QP-Loss 255000 0.08023384 0.035340063
QP-Loss 256000 0.079660386 0.035017297
QP-Loss 257000 0.07909223 0.034697473
QP-Loss 258000 0.07852929 0.03438061
QP-Loss 259000 0.07797176 0.034067675
QP-Loss 260000 0.077419534 0.03375841
QP-Loss 261000 0.07687228 0.033450887
QP-Loss 262000 0.07633013 0.033145472
QP-Loss 263000 0.07579321 0.03284321
QP-Loss 264000 0.07526154 0.032545235
QP-Loss 265000 0.07473493 0.032249823
QP-Loss 266000 0.07421347 0.03195641
QP-Loss 267000 0.07369646 0.03166493
QP-Loss 268000 0.07318602 0.031378586
QP-Loss 269000 0.072681285 0.031097142
QP-Loss 270000 0.07218138 0.030818423
QP-Loss 271000 0.071685635 0.030541807
QP-Loss 272000 0.07119457 0.030267585
QP-Loss 273000 0.07070804 0.029996878
Step 273620: freezing conditions [0] (losses [0.04035445675253868])
QP-Loss 274000 0.07023344 0.0297387
QP-Loss 275000 0.06976512 0.029480679
QP-Loss 276000 0.0693018 0.02922617
QP-Loss 277000 0.068842836 0.028975219
QP-Loss 278000 0.068387695 0.0287261
QP-Loss 279000 0.06793607 0.028478803
QP-Loss 280000 0.06748813 0.028233105
QP-Loss 281000 0.06704443 0.027990405
QP-Loss 282000 0.06660443 0.027749969
QP-Loss 283000 0.06616751 0.027511215
QP-Loss 284000 0.06573458 0.02727492
QP-Loss 285000 0.06530591 0.027042076
QP-Loss 286000 0.064880855 0.026810994
QP-Loss 287000 0.06445915 0.026581446
QP-Loss 288000 0.064040475 0.026353255
QP-Loss 289000 0.063625656 0.026127564
QP-Loss 290000 0.06321595 0.025907269
QP-Loss 291000 0.06281036 0.025690397
QP-Loss 292000 0.062408056 0.025475701
QP-Loss 293000 0.062008742 0.02526277
QP-Loss 294000 0.061612427 0.025051324
QP-Loss 295000 0.061219554 0.024841899
QP-Loss 296000 0.060830604 0.024635717
QP-Loss 297000 0.06044445 0.024431078
QP-Loss 298000 0.060061116 0.024227854
QP-Loss 299000 0.059680637 0.024025984
QP-Loss 300000 0.059303265 0.02382516
QP-Loss 301000 0.05892877 0.023625545
QP-Loss 302000 0.058557585 0.023428403
QP-Loss 303000 0.058189113 0.023233017
QP-Loss 304000 0.05782293 0.023038464
QP-Loss 305000 0.05746003 0.022845533
QP-Loss 306000 0.057100207 0.022654667
QP-Loss 307000 0.056743037 0.02246512
QP-Loss 308000 0.056388665 0.022277046
QP-Loss 309000 0.05603673 0.022090906
Step 309332: freezing conditions [1] (losses [0.032345399260520935])
QP-Loss 310000 0.055689167 0.02190435
QP-Loss 311000 0.05534552 0.021717828
QP-Loss 312000 0.055005282 0.021533946
QP-Loss 313000 0.05466816 0.021352125
QP-Loss 314000 0.0543336 0.021172073
QP-Loss 315000 0.05400135 0.020993635
QP-Loss 316000 0.053671952 0.020817442
QP-Loss 317000 0.05334507 0.02064228
QP-Loss 318000 0.053021014 0.020468954
QP-Loss 319000 0.052699517 0.020297289
QP-Loss 320000 0.052380502 0.020127397
QP-Loss 321000 0.052063633 0.019959347
QP-Loss 322000 0.05174916 0.019792631
QP-Loss 323000 0.05143726 0.019627208
QP-Loss 324000 0.051127654 0.01946318
QP-Loss 325000 0.050820634 0.019300599
QP-Loss 326000 0.05051622 0.019140525
QP-Loss 327000 0.05021378 0.018981697
QP-Loss 328000 0.049913775 0.018824127
QP-Loss 329000 0.049616292 0.018668234
QP-Loss 330000 0.049321014 0.018513791
QP-Loss 331000 0.049028035 0.018360872
QP-Loss 332000 0.04873695 0.0182092
QP-Loss 333000 0.048447847 0.018058877
QP-Loss 334000 0.04816101 0.017910255
QP-Loss 335000 0.04787652 0.017763305
QP-Loss 336000 0.047594305 0.017618224
QP-Loss 337000 0.047314305 0.01747435
QP-Loss 338000 0.047036376 0.01733147
QP-Loss 339000 0.046760518 0.017190337
QP-Loss 340000 0.046486747 0.017050656
QP-Loss 341000 0.046215046 0.016912011
QP-Loss 342000 0.045945063 0.01677448
QP-Loss 343000 0.045677114 0.01663801
QP-Loss 344000 0.0454112 0.01650303
QP-Loss 345000 0.045146987 0.016369335
QP-Loss 346000 0.04488449 0.016236894
QP-Loss 347000 0.044624303 0.016106665
QP-Loss 348000 0.04436609 0.015977865
QP-Loss 349000 0.044109732 0.015850248
QP-Loss 350000 0.043855343 0.015723806
QP-Loss 351000 0.043602914 0.0155985765
QP-Loss 352000 0.04335247 0.015474916
QP-Loss 353000 0.043104004 0.015353254
QP-Loss 354000 0.04285753 0.015233018
QP-Loss 355000 0.04261266 0.01511383
QP-Loss 356000 0.042369533 0.01499562
QP-Loss 357000 0.042128038 0.014878563
QP-Loss 358000 0.041888405 0.014763133
Step 358442: freezing conditions [4] (losses [0.035972874611616135])
QP-Loss 359000 0.041652787 0.0146500245
QP-Loss 360000 0.041422673 0.014543893
Step 360253: freezing conditions [5] (losses [0.034901026636362076])
QP-Loss 361000 0.041197535 0.014440551
Step 361022: freezing conditions [3] (losses [0.03486211225390434])
QP-Loss 362000 0.040977586 0.014337055
QP-Loss 363000 0.040759552 0.01423479
QP-Loss 364000 0.040543143 0.014133982
QP-Loss 365000 0.040328458 0.014034909
QP-Loss 366000 0.04011534 0.013936839
QP-Loss 367000 0.039904296 0.013841574
QP-Loss 368000 0.03969598 0.013750959
QP-Loss 369000 0.039489154 0.013661852
QP-Loss 370000 0.039284106 0.013574325
QP-Loss 371000 0.03908436 0.013494335
QP-Loss 372000 0.03888643 0.013416189
QP-Loss 373000 0.038689878 0.013339223
QP-Loss 374000 0.03849484 0.013263686
QP-Loss 375000 0.038301248 0.013189272
QP-Loss 376000 0.038109247 0.013116194
QP-Loss 377000 0.037918597 0.013044416
QP-Loss 378000 0.037729304 0.012973564
QP-Loss 379000 0.037541274 0.012903531
QP-Loss 380000 0.037354544 0.012834642
QP-Loss 381000 0.037169065 0.012766805
QP-Loss 382000 0.036984954 0.012700533
QP-Loss 383000 0.03680213 0.012635672
QP-Loss 384000 0.036622018 0.012573927
QP-Loss 385000 0.036444142 0.012514598
QP-Loss 386000 0.03626752 0.0124563025
QP-Loss 387000 0.036092058 0.012399052
QP-Loss 388000 0.035918176 0.012343195
QP-Loss 389000 0.035745542 0.012288584
QP-Loss 390000 0.035574164 0.012235023
QP-Loss 391000 0.035404038 0.012182502
QP-Loss 392000 0.035234965 0.012130843
QP-Loss 393000 0.035067137 0.012080047
QP-Loss 394000 0.034900393 0.012030176
QP-Loss 395000 0.03473487 0.011981524
QP-Loss 396000 0.034570478 0.0119339535
QP-Loss 397000 0.034407202 0.011887202
QP-Loss 398000 0.034245085 0.011841431
QP-Loss 399000 0.034084413 0.01179739
QP-Loss 400000 0.033924952 0.011754056
Step 400011: freezing conditions [9] (losses [0.03248553350567818])
QP-Loss 401000 0.03376933 0.011711285
QP-Loss 402000 0.03361486 0.01166953
QP-Loss 403000 0.03346144 0.011628887
QP-Loss 404000 0.03330904 0.011589217
QP-Loss 405000 0.033157654 0.01155041
QP-Loss 406000 0.033007305 0.011512305
QP-Loss 407000 0.032857846 0.011475068
QP-Loss 408000 0.032709334 0.01143866
QP-Loss 409000 0.032562003 0.011403384
QP-Loss 410000 0.032415867 0.011369352
QP-Loss 411000 0.0322708 0.01133601
QP-Loss 412000 0.03212666 0.011303372
QP-Loss 413000 0.03198341 0.011271495
QP-Loss 414000 0.0318411 0.011240396
QP-Loss 415000 0.031699806 0.011210173
QP-Loss 416000 0.031559646 0.011180921
QP-Loss 417000 0.031420466 0.011152382
QP-Loss 418000 0.031282257 0.011124651
QP-Loss 419000 0.031145021 0.011098121
QP-Loss 420000 0.031008607 0.011072286
QP-Loss 421000 0.030873148 0.0110471165
QP-Loss 422000 0.030738557 0.011022832
QP-Loss 423000 0.030604945 0.010999558
QP-Loss 424000 0.030472627 0.010977844
QP-Loss 425000 0.03034168 0.010957404
QP-Loss 426000 0.030211763 0.010937635
QP-Loss 427000 0.03008265 0.010918476
QP-Loss 428000 0.029954368 0.010899827
Step 428986: freezing conditions [8] (losses [0.035554565489292145])
QP-Loss 429000 0.029826889 0.010881765
QP-Loss 430000 0.029703096 0.010866037
QP-Loss 431000 0.029580126 0.010851189
QP-Loss 432000 0.02945821 0.010836877
QP-Loss 433000 0.029337158 0.010823121
QP-Loss 434000 0.029216945 0.010810267
QP-Loss 435000 0.02909775 0.010798611
QP-Loss 436000 0.02897931 0.010787609
QP-Loss 437000 0.028861793 0.010777587
QP-Loss 438000 0.028745532 0.010768744
QP-Loss 439000 0.028630367 0.010761049
QP-Loss 440000 0.028515935 0.01075397
QP-Loss 441000 0.028402299 0.010747333
QP-Loss 442000 0.02828949 0.0107411165
QP-Loss 443000 0.028177565 0.010735594
QP-Loss 444000 0.028066466 0.010730699
QP-Loss 445000 0.027956054 0.010726415
QP-Loss 446000 0.027846305 0.010722618
QP-Loss 447000 0.027737701 0.010720049
QP-Loss 448000 0.027629891 0.010717872
QP-Loss 449000 0.027522871 0.010716103
QP-Loss 450000 0.027416646 0.010714794
QP-Loss 451000 0.02731111 0.010714102
QP-Loss 452000 0.027206311 0.010713962
QP-Loss 453000 0.02710219 0.01071436
QP-Loss 454000 0.026998756 0.010715237
QP-Loss 455000 0.026896143 0.010716819
QP-Loss 456000 0.02679436 0.010719077
QP-Loss 457000 0.02669321 0.010721697
QP-Loss 458000 0.026592808 0.010724544
QP-Loss 459000 0.026493244 0.0107277455
QP-Loss 460000 0.026394352 0.010731542
QP-Loss 461000 0.02629602 0.010735716
QP-Loss 462000 0.026198262 0.01074019
QP-Loss 463000 0.026101073 0.010744956
QP-Loss 464000 0.026004463 0.010750004
QP-Loss 465000 0.025908662 0.010755449
QP-Loss 466000 0.025813425 0.010761174
QP-Loss 467000 0.025718883 0.01076711
QP-Loss 468000 0.02562491 0.01077336
QP-Loss 469000 0.025531434 0.010779923
QP-Loss 470000 0.025438553 0.010786757
QP-Loss 471000 0.025346244 0.010793853
QP-Loss 472000 0.025254594 0.010801258
QP-Loss 473000 0.02516362 0.01080901
QP-Loss 474000 0.025073295 0.010817123
QP-Loss 475000 0.024983637 0.010825613
QP-Loss 476000 0.02489449 0.010834357
QP-Loss 477000 0.024805957 0.010843322
QP-Loss 478000 0.024717959 0.010852552
QP-Loss 479000 0.024630522 0.010862009
QP-Loss 480000 0.024543732 0.010871649
QP-Loss 481000 0.024457693 0.010881621
QP-Loss 482000 0.02437224 0.010891884
QP-Loss 483000 0.024287364 0.010902506
QP-Loss 484000 0.024203053 0.010913316
QP-Loss 485000 0.024119288 0.010924293
QP-Loss 486000 0.024036 0.010935522
QP-Loss 487000 0.023953259 0.01094701
QP-Loss 488000 0.02387108 0.010958596
QP-Loss 489000 0.02378942 0.010970313
QP-Loss 490000 0.023708245 0.010982187
QP-Loss 491000 0.023627566 0.010994214
QP-Loss 492000 0.023547405 0.011006372
QP-Loss 493000 0.023467695 0.011018695
QP-Loss 494000 0.023388425 0.011031197
QP-Loss 495000 0.023309847 0.011043909
QP-Loss 496000 0.023231754 0.011056727
QP-Loss 497000 0.023154112 0.011069702
QP-Loss 498000 0.023076937 0.011082816
QP-Loss 499000 0.0230003 0.011096049
QP-Loss 500000 0.02292418 0.011109402
QP-Loss 501000 0.022848561 0.011122902
QP-Loss 502000 0.022773398 0.011136518
QP-Loss 503000 0.022698745 0.011150226
QP-Loss 504000 0.022624552 0.011164076
QP-Loss 505000 0.022550775 0.011178059
QP-Loss 506000 0.022477394 0.011192169
QP-Loss 507000 0.022404483 0.011206326
QP-Loss 508000 0.022331985 0.0112205995
QP-Loss 509000 0.022259988 0.011235079
QP-Loss 510000 0.022188522 0.01124963
QP-Loss 511000 0.022117615 0.011264246
QP-Loss 512000 0.022047097 0.011278957
QP-Loss 513000 0.021976978 0.011293752
QP-Loss 514000 0.021907246 0.011308629
QP-Loss 515000 0.021837907 0.011323571
QP-Loss 516000 0.021768974 0.011338594
QP-Loss 517000 0.02170041 0.011353695
QP-Loss 518000 0.021632308 0.011368899
QP-Loss 519000 0.021564657 0.011384169
QP-Loss 520000 0.02149754 0.011399546
QP-Loss 521000 0.021430925 0.011414959
QP-Loss 522000 0.021364719 0.01143046
QP-Loss 523000 0.02129888 0.011446075
QP-Loss 524000 0.021233423 0.011461757
QP-Loss 525000 0.02116854 0.011477653
QP-Loss 526000 0.021104207 0.011493718
QP-Loss 527000 0.02104021 0.01150986
QP-Loss 528000 0.020976594 0.011526028
QP-Loss 529000 0.020913377 0.011542209
QP-Loss 530000 0.020850578 0.011558441
QP-Loss 531000 0.020788206 0.011574675
QP-Loss 532000 0.02072619 0.011590932
QP-Loss 533000 0.020664552 0.011607206
QP-Loss 534000 0.020603258 0.011623497
QP-Loss 535000 0.020542335 0.011639818
QP-Loss 536000 0.020481745 0.011656137
QP-Loss 537000 0.020421498 0.011672494
QP-Loss 538000 0.020361595 0.011688874
QP-Loss 539000 0.020302089 0.011705266
QP-Loss 540000 0.020242905 0.0117217
QP-Loss 541000 0.020184038 0.01173816
QP-Loss 542000 0.020125715 0.011754634
QP-Loss 543000 0.020067777 0.011771171
QP-Loss 544000 0.020010212 0.0117876865
QP-Loss 545000 0.019952975 0.011804217
QP-Loss 546000 0.019896064 0.011820767
QP-Loss 547000 0.019839501 0.011837323
QP-Loss 548000 0.019783288 0.011853884
QP-Loss 549000 0.019727409 0.011870469
QP-Loss 550000 0.019671997 0.011887141
QP-Loss 551000 0.019616937 0.0119038
QP-Loss 552000 0.019562175 0.011920471
QP-Loss 553000 0.019507794 0.0119371135
QP-Loss 554000 0.019453749 0.011953726
QP-Loss 555000 0.019400021 0.011970342
QP-Loss 556000 0.019346626 0.011986942
QP-Loss 557000 0.019293552 0.012003527
QP-Loss 558000 0.019240787 0.012020114
QP-Loss 559000 0.019188317 0.012036698
QP-Loss 560000 0.019136174 0.012053267
QP-Loss 561000 0.019084342 0.012069811
QP-Loss 562000 0.019032812 0.012086345
QP-Loss 563000 0.018981585 0.012102855
QP-Loss 564000 0.018930694 0.01211936
QP-Loss 565000 0.018880108 0.012135854
QP-Loss 566000 0.018829843 0.012152307
QP-Loss 567000 0.018779894 0.012168721
QP-Loss 568000 0.018730257 0.012185139
QP-Loss 569000 0.018680945 0.012201562
QP-Loss 570000 0.0186319 0.0122179715
QP-Loss 571000 0.018583171 0.012234344
QP-Loss 572000 0.01853473 0.012250697
QP-Loss 573000 0.018486606 0.012267016
QP-Loss 574000 0.018438766 0.012283323
QP-Loss 575000 0.018391324 0.0122996615
QP-Loss 576000 0.018344374 0.012316033
QP-Loss 577000 0.018298063 0.012332519
QP-Loss 578000 0.018252015 0.012348975
QP-Loss 579000 0.01820629 0.01236535
QP-Loss 580000 0.018160837 0.012381706
QP-Loss 581000 0.018115746 0.012398106
QP-Loss 582000 0.018070929 0.012414463
QP-Loss 583000 0.018026419 0.012430751
QP-Loss 584000 0.01798217 0.012446994
QP-Loss 585000 0.017938873 0.012463445
QP-Loss 586000 0.017896235 0.012479994
QP-Loss 587000 0.017854089 0.012496563
QP-Loss 588000 0.017812317 0.012513113
QP-Loss 589000 0.017770862 0.0125296125
QP-Loss 590000 0.017729657 0.012546071
QP-Loss 591000 0.017688865 0.012562536
QP-Loss 592000 0.017648555 0.012578988
QP-Loss 593000 0.017608568 0.012595424
QP-Loss 594000 0.017568886 0.01261185
QP-Loss 595000 0.017529452 0.012628199
QP-Loss 596000 0.01749031 0.0126444725
QP-Loss 597000 0.017451445 0.0126606915
QP-Loss 598000 0.017412808 0.012676867
QP-Loss 599000 0.017374469 0.01269301
QP-Loss 600000 0.017336424 0.012709089
QP-Loss 601000 0.017298767 0.012725154
QP-Loss 602000 0.017261436 0.012741162
QP-Loss 603000 0.017224362 0.012757122
QP-Loss 604000 0.017187515 0.012773018
QP-Loss 605000 0.017150903 0.012788859
QP-Loss 606000 0.01711451 0.012804638
QP-Loss 607000 0.017078325 0.012820361
QP-Loss 608000 0.017042361 0.012836008
QP-Loss 609000 0.017006656 0.012851573
QP-Loss 610000 0.016971203 0.012867061
QP-Loss 611000 0.016935935 0.012882514
Step 611850: freezing conditions [2] (losses [0.020950641483068466])
QP-Loss 612000 0.016901096 0.012897977
QP-Loss 613000 0.016867965 0.012913822
QP-Loss 614000 0.016835017 0.012929608
QP-Loss 615000 0.01680229 0.01294531
QP-Loss 616000 0.016769797 0.012960953
QP-Loss 617000 0.016737575 0.012976549
QP-Loss 618000 0.016705548 0.012992075
QP-Loss 619000 0.016673712 0.013007547
QP-Loss 620000 0.01664205 0.013022963
QP-Loss 621000 0.01661057 0.013038309
QP-Loss 622000 0.016579514 0.013053604
QP-Loss 623000 0.016548658 0.013068844
QP-Loss 624000 0.016517997 0.013084007
QP-Loss 625000 0.01648757 0.01309912
QP-Loss 626000 0.016457401 0.013114177
QP-Loss 627000 0.016427442 0.013129177
QP-Loss 628000 0.016397653 0.013144108
QP-Loss 629000 0.01636801 0.013158973
QP-Loss 630000 0.016338563 0.013173778
QP-Loss 631000 0.016309405 0.013188514
QP-Loss 632000 0.016280448 0.013203192
QP-Loss 633000 0.016251668 0.013217794
QP-Loss 634000 0.01622303 0.01323234
QP-Loss 635000 0.016194543 0.013246822
QP-Loss 636000 0.016166247 0.013261224
QP-Loss 637000 0.016138107 0.01327555
QP-Loss 638000 0.016110118 0.013289797
QP-Loss 639000 0.016082335 0.013303969
QP-Loss 640000 0.016054677 0.013318072
QP-Loss 641000 0.016027175 0.013332112
QP-Loss 642000 0.015999831 0.013346088
QP-Loss 643000 0.01597262 0.013360004
QP-Loss 644000 0.015945572 0.013373861
QP-Loss 645000 0.015918704 0.013387645
QP-Loss 646000 0.015892 0.013401355
QP-Loss 647000 0.015865482 0.013414986
QP-Loss 648000 0.01583911 0.013428557
QP-Loss 649000 0.015812924 0.013442089
QP-Loss 650000 0.015786918 0.013455545
QP-Loss 651000 0.015761087 0.013468935
QP-Loss 652000 0.015735408 0.013482258
QP-Loss 653000 0.01570989 0.013495512
QP-Loss 654000 0.015684491 0.013508693
QP-Loss 655000 0.015659278 0.013521805
QP-Loss 656000 0.01563419 0.013534851
QP-Loss 657000 0.01560923 0.013547853
QP-Loss 658000 0.015584414 0.013560806
QP-Loss 659000 0.015559755 0.013573691
QP-Loss 660000 0.015535216 0.01358652
QP-Loss 661000 0.015510835 0.013599304
QP-Loss 662000 0.015486624 0.013612005
QP-Loss 663000 0.015462574 0.01362463
QP-Loss 664000 0.015438643 0.013637211
QP-Loss 665000 0.01541485 0.013649708
QP-Loss 666000 0.015391222 0.013662141
QP-Loss 667000 0.015367724 0.013674506
QP-Loss 668000 0.015344369 0.013686814
QP-Loss 669000 0.015321157 0.013699053
QP-Loss 670000 0.015298101 0.013711222
QP-Loss 671000 0.015275188 0.013723317
QP-Loss 672000 0.015252394 0.013735368
QP-Loss 673000 0.01522969 0.013747373
QP-Loss 674000 0.015207113 0.013759327
QP-Loss 675000 0.01518469 0.013771236
QP-Loss 676000 0.015162473 0.013783094
QP-Loss 677000 0.015140389 0.013794882
QP-Loss 678000 0.015118468 0.013806599
QP-Loss 679000 0.015096701 0.013818244
QP-Loss 680000 0.01507511 0.013829816
QP-Loss 681000 0.015053679 0.013841335
QP-Loss 682000 0.015032415 0.013852777
QP-Loss 683000 0.015011375 0.013864168
QP-Loss 684000 0.014990449 0.013875513
QP-Loss 685000 0.014969694 0.0138867805
QP-Loss 686000 0.014949116 0.013897977
QP-Loss 687000 0.014928654 0.013909116
QP-Loss 688000 0.014908302 0.013920199
QP-Loss 689000 0.0148880435 0.013931225
QP-Loss 690000 0.014867895 0.013942204
QP-Loss 691000 0.01484786 0.013953126
QP-Loss 692000 0.014827967 0.013963995
QP-Loss 693000 0.01480816 0.01397481
QP-Loss 694000 0.01478848 0.013985569
QP-Loss 695000 0.014768918 0.0139962565
QP-Loss 696000 0.014749517 0.014006885
QP-Loss 697000 0.014730286 0.0140174525
QP-Loss 698000 0.014711185 0.014027965
QP-Loss 699000 0.014692222 0.014038423
QP-Loss 700000 0.014673377 0.014048825
QP-Loss 701000 0.014654686 0.014059157
QP-Loss 702000 0.014636132 0.014069429
QP-Loss 703000 0.014617735 0.014079653
QP-Loss 704000 0.014599402 0.0140898265
QP-Loss 705000 0.014581216 0.014099941
QP-Loss 706000 0.014563136 0.014109995
QP-Loss 707000 0.014545185 0.014119996
QP-Loss 708000 0.014527376 0.014129932
QP-Loss 709000 0.014509682 0.014139812
QP-Loss 710000 0.014492124 0.014149627
QP-Loss 711000 0.014474701 0.014159392
QP-Loss 712000 0.014457387 0.014169098
QP-Loss 713000 0.0144401705 0.014178753
QP-Loss 714000 0.014423075 0.014188361
QP-Loss 715000 0.014406039 0.0141979195
QP-Loss 716000 0.01438915 0.014207409
QP-Loss 717000 0.014372352 0.0142168375
QP-Loss 718000 0.014355618 0.014226219
QP-Loss 719000 0.014339 0.014235549
QP-Loss 720000 0.0143224625 0.014244833
QP-Loss 721000 0.014306019 0.014254071
QP-Loss 722000 0.014289665 0.014263261
QP-Loss 723000 0.014273398 0.014272406
QP-Loss 724000 0.014257242 0.0142814955
QP-Loss 725000 0.014241154 0.014290533
QP-Loss 726000 0.01422519 0.01429951
QP-Loss 727000 0.0142093 0.014308428
QP-Loss 728000 0.014193527 0.0143173
QP-Loss 729000 0.014177863 0.014326128
QP-Loss 730000 0.014162365 0.014334898
QP-Loss 731000 0.014146977 0.014343618
QP-Loss 732000 0.0141317025 0.014352292
QP-Loss 733000 0.014116481 0.014360914
QP-Loss 734000 0.014101353 0.014369491
QP-Loss 735000 0.014086336 0.014378015
QP-Loss 736000 0.01407142 0.014386496
QP-Loss 737000 0.014056583 0.014394935
QP-Loss 738000 0.014041834 0.0144033255
QP-Loss 739000 0.014027362 0.014411657
Step 739250: freezing conditions [10] (losses [0.014204160310328007])
QP-Loss 740000 0.014013912 0.014419955
QP-Loss 741000 0.014000823 0.014428213
QP-Loss 742000 0.013987806 0.014436426
QP-Loss 743000 0.013974864 0.0144445915
QP-Loss 744000 0.013961998 0.014452704
QP-Loss 745000 0.013949207 0.014460769
QP-Loss 746000 0.013936486 0.014468788
QP-Loss 747000 0.01392384 0.014476766
QP-Loss 748000 0.0139112575 0.014484703
QP-Loss 749000 0.013898755 0.014492586
QP-Loss 750000 0.013886322 0.014500426
QP-Loss 751000 0.013873965 0.014508223
QP-Loss 752000 0.013861682 0.014515974
QP-Loss 753000 0.013849478 0.014523677
QP-Loss 754000 0.013837353 0.01453133
QP-Loss 755000 0.013825327 0.014538929
QP-Loss 756000 0.013813379 0.014546484
QP-Loss 757000 0.0138015 0.014554001
QP-Loss 758000 0.013789675 0.014561481
QP-Loss 759000 0.013777931 0.014568914
QP-Loss 760000 0.013766264 0.014576299
QP-Loss 761000 0.013754666 0.014583636
QP-Loss 762000 0.013743125 0.014590938
QP-Loss 763000 0.013731646 0.0145982
QP-Loss 764000 0.013720247 0.014605413
QP-Loss 765000 0.013708926 0.014612577
QP-Loss 766000 0.013697672 0.014619701
QP-Loss 767000 0.0136864735 0.014626789
QP-Loss 768000 0.013675329 0.014633845
QP-Loss 769000 0.0136642605 0.014640859
QP-Loss 770000 0.013653267 0.0146478275
QP-Loss 771000 0.013642349 0.014654746
QP-Loss 772000 0.013631488 0.014661631
QP-Loss 773000 0.013620687 0.01466848
QP-Loss 774000 0.013609939 0.014675293
QP-Loss 775000 0.013599266 0.014682061
QP-Loss 776000 0.013588647 0.01468879
QP-Loss 777000 0.0135780955 0.014695481
QP-Loss 778000 0.013567603 0.014702134
QP-Loss 779000 0.013557161 0.014708758
QP-Loss 780000 0.013546805 0.014715334
QP-Loss 781000 0.013536535 0.014721867
QP-Loss 782000 0.013526335 0.014728354
QP-Loss 783000 0.013516185 0.014734808
QP-Loss 784000 0.0135060875 0.014741226
QP-Loss 785000 0.013496056 0.014747604
QP-Loss 786000 0.0134860715 0.014753943
QP-Loss 787000 0.013476147 0.014760248
QP-Loss 788000 0.013466283 0.014766515
QP-Loss 789000 0.013456468 0.014772751
QP-Loss 790000 0.01344679 0.014778931
QP-Loss 791000 0.0134371715 0.014785074
QP-Loss 792000 0.013427612 0.01479118
QP-Loss 793000 0.013418113 0.014797245
QP-Loss 794000 0.013408675 0.014803273
QP-Loss 795000 0.013399284 0.014809269
QP-Loss 796000 0.013389948 0.014815231
QP-Loss 797000 0.013380672 0.014821152
QP-Loss 798000 0.0133714555 0.014827035
QP-Loss 799000 0.013362293 0.014832885
QP-Loss 800000 0.0133532835 0.014838664
QP-Loss 801000 0.013344343 0.014844401
QP-Loss 802000 0.013335462 0.014850102
QP-Loss 803000 0.013326627 0.014855771
QP-Loss 804000 0.013317853 0.0148614
QP-Loss 805000 0.013309136 0.014866991
QP-Loss 806000 0.013300474 0.014872548
QP-Loss 807000 0.013291868 0.014878069
QP-Loss 808000 0.013283297 0.014883567
QP-Loss 809000 0.013274777 0.01488903
QP-Loss 810000 0.0132663 0.014894467
QP-Loss 811000 0.013257869 0.014899872
QP-Loss 812000 0.013249499 0.014905238
QP-Loss 813000 0.013241171 0.014910574
QP-Loss 814000 0.013232884 0.0149158845
QP-Loss 815000 0.0132246455 0.014921162
QP-Loss 816000 0.013216472 0.014926396
QP-Loss 817000 0.013208347 0.014931598
QP-Loss 818000 0.013200268 0.0149367675
QP-Loss 819000 0.013192232 0.014941909
QP-Loss 820000 0.013184241 0.014947023
QP-Loss 821000 0.0131763 0.014952105
QP-Loss 822000 0.013168397 0.01495716
QP-Loss 823000 0.013160559 0.014962177
QP-Loss 824000 0.013152781 0.014967158
QP-Loss 825000 0.01314504 0.014972117
QP-Loss 826000 0.013137343 0.014977048
QP-Loss 827000 0.013129688 0.014981952
QP-Loss 828000 0.013122079 0.014986827
QP-Loss 829000 0.013114516 0.014991669
QP-Loss 830000 0.013107016 0.01499647
QP-Loss 831000 0.01309956 0.01500124
QP-Loss 832000 0.013092149 0.0150059825
QP-Loss 833000 0.013084774 0.015010699
QP-Loss 834000 0.0130774425 0.015015389
QP-Loss 835000 0.013070159 0.015020046
QP-Loss 836000 0.013062912 0.01502468
QP-Loss 837000 0.013055702 0.015029289
QP-Loss 838000 0.013048537 0.015033873
QP-Loss 839000 0.013041399 0.015038436
QP-Loss 840000 0.0130343065 0.015042972
QP-Loss 841000 0.013027258 0.015047477
QP-Loss 842000 0.013020258 0.015051951
QP-Loss 843000 0.013013291 0.015056402
QP-Loss 844000 0.013006363 0.015060832
QP-Loss 845000 0.012999465 0.015065242
QP-Loss 846000 0.012992606 0.015069627
QP-Loss 847000 0.012985788 0.015073985
QP-Loss 848000 0.012979011 0.015078316
QP-Loss 849000 0.012972278 0.015082621
QP-Loss 850000 0.012965579 0.015086901
QP-Loss 851000 0.01295891 0.015091163
QP-Loss 852000 0.012952287 0.015095398
QP-Loss 853000 0.012945697 0.015099609
QP-Loss 854000 0.01293915 0.015103792
QP-Loss 855000 0.012932644 0.015107947
QP-Loss 856000 0.0129261715 0.015112082
QP-Loss 857000 0.0129197305 0.015116195
QP-Loss 858000 0.012913321 0.015120291
QP-Loss 859000 0.012906936 0.015124368
QP-Loss 860000 0.012900613 0.01512841
QP-Loss 861000 0.012894329 0.01513243
QP-Loss 862000 0.012888086 0.015136423
QP-Loss 863000 0.0128818825 0.015140389
QP-Loss 864000 0.012875714 0.01514433
QP-Loss 865000 0.012869579 0.015148253
QP-Loss 866000 0.012863491 0.015152146
QP-Loss 867000 0.012857457 0.015156009
QP-Loss 868000 0.012851466 0.015159844
QP-Loss 869000 0.012845506 0.015163661
QP-Loss 870000 0.012839577 0.015167455
QP-Loss 871000 0.012833671 0.015171236
QP-Loss 872000 0.012827865 0.015174971
QP-Loss 873000 0.012822092 0.015178686
QP-Loss 874000 0.01281635 0.015182379
QP-Loss 875000 0.0128106475 0.015186049
QP-Loss 876000 0.012804982 0.0151896905
QP-Loss 877000 0.012799357 0.015193311
QP-Loss 878000 0.012793831 0.015196882
QP-Loss 879000 0.012788343 0.015200429
QP-Loss 880000 0.012782886 0.0152039565
QP-Loss 881000 0.012777456 0.015207466
QP-Loss 882000 0.012772058 0.015210954
QP-Loss 883000 0.012766696 0.015214421
QP-Loss 884000 0.012761354 0.015217872
QP-Loss 885000 0.012756042 0.015221305
QP-Loss 886000 0.012750759 0.015224721
QP-Loss 887000 0.012745497 0.015228122
QP-Loss 888000 0.012740265 0.015231503
QP-Loss 889000 0.012735061 0.015234867
QP-Loss 890000 0.012729886 0.015238211
QP-Loss 891000 0.01272475 0.015241529
QP-Loss 892000 0.012719639 0.01524483
QP-Loss 893000 0.01271456 0.015248108
QP-Loss 894000 0.012709513 0.015251367
QP-Loss 895000 0.0127045 0.0152546065
QP-Loss 896000 0.012699515 0.015257825
QP-Loss 897000 0.01269456 0.015261026
QP-Loss 898000 0.0126896305 0.015264208
QP-Loss 899000 0.012684717 0.015267381
QP-Loss 900000 0.012679831 0.015270537
QP-Loss 901000 0.0126749715 0.015273676
QP-Loss 902000 0.01267013 0.015276803
QP-Loss 903000 0.012665313 0.015279915
QP-Loss 904000 0.012660534 0.015283008
QP-Loss 905000 0.0126557825 0.015286084
QP-Loss 906000 0.012651046 0.01528915
QP-Loss 907000 0.012646335 0.015292199
QP-Loss 908000 0.012641654 0.015295231
QP-Loss 909000 0.01263699 0.015298251
QP-Loss 910000 0.012632351 0.015301256
QP-Loss 911000 0.012627732 0.015304249
QP-Loss 912000 0.012623139 0.0153072225
QP-Loss 913000 0.012618572 0.01531018
QP-Loss 914000 0.01261403 0.015313122
QP-Loss 915000 0.0126094995 0.015316055
QP-Loss 916000 0.012604997 0.015318975
QP-Loss 917000 0.012600511 0.015321878
QP-Loss 918000 0.012596046 0.01532477
QP-Loss 919000 0.012591608 0.0153276455
QP-Loss 920000 0.012587194 0.015330506
QP-Loss 921000 0.012582797 0.015333354
QP-Loss 922000 0.012578419 0.015336191
QP-Loss 923000 0.012574066 0.015339012
QP-Loss 924000 0.012569737 0.015341819
QP-Loss 925000 0.0125654265 0.015344613
QP-Loss 926000 0.012561128 0.015347402
QP-Loss 927000 0.012556852 0.015350175
QP-Loss 928000 0.012552596 0.0153529355
QP-Loss 929000 0.012548362 0.015355681
QP-Loss 930000 0.012544144 0.015358416
QP-Loss 931000 0.012539941 0.015361142
QP-Loss 932000 0.012535758 0.015363858
QP-Loss 933000 0.0125315925 0.015366561
QP-Loss 934000 0.012527444 0.015369253
QP-Loss 935000 0.0125233205 0.015371929
QP-Loss 936000 0.012519217 0.015374592
QP-Loss 937000 0.012515135 0.015377242
QP-Loss 938000 0.012511064 0.015379885
QP-Loss 939000 0.012507014 0.015382515
QP-Loss 940000 0.012502982 0.015385133
QP-Loss 941000 0.012498972 0.015387737
QP-Loss 942000 0.012494984 0.015390327
QP-Loss 943000 0.012491017 0.015392902
QP-Loss 944000 0.012487068 0.015395468
QP-Loss 945000 0.012483142 0.015398018
QP-Loss 946000 0.012479223 0.015400564
QP-Loss 947000 0.012475329 0.015403097
QP-Loss 948000 0.012471452 0.015405618
QP-Loss 949000 0.012467598 0.015408125
QP-Loss 950000 0.012463763 0.015410618
QP-Loss 951000 0.012459951 0.015413098
QP-Loss 952000 0.012456155 0.015415565
QP-Loss 953000 0.012452376 0.015418024
QP-Loss 954000 0.0124486135 0.015420472
QP-Loss 955000 0.012444869 0.015422908
QP-Loss 956000 0.012441148 0.01542533
QP-Loss 957000 0.012437438 0.015427744
QP-Loss 958000 0.01243375 0.015430144
QP-Loss 959000 0.012430082 0.015432529
QP-Loss 960000 0.012426436 0.015434903
QP-Loss 961000 0.012422807 0.015437262
QP-Loss 962000 0.0124192005 0.015439608
QP-Loss 963000 0.0124156205 0.015441938
QP-Loss 964000 0.012412041 0.015444265
QP-Loss 965000 0.01240849 0.015446575
QP-Loss 966000 0.012404955 0.015448874
QP-Loss 967000 0.012401442 0.015451159
QP-Loss 968000 0.012397948 0.015453434
QP-Loss 969000 0.012394478 0.015455692
QP-Loss 970000 0.012391045 0.015457927
QP-Loss 971000 0.012387638 0.015460149
QP-Loss 972000 0.01238425 0.0154623585
QP-Loss 973000 0.012380877 0.015464556
QP-Loss 974000 0.012377524 0.01546674
QP-Loss 975000 0.012374196 0.015468908
QP-Loss 976000 0.012370892 0.015471063
QP-Loss 977000 0.012367609 0.015473202
QP-Loss 978000 0.012364336 0.015475334
QP-Loss 979000 0.012361179 0.015477406
QP-Loss 980000 0.0123580545 0.01547946
QP-Loss 981000 0.012354947 0.015481504
QP-Loss 982000 0.012351858 0.015483534
QP-Loss 983000 0.012348789 0.015485551
QP-Loss 984000 0.012345745 0.015487553
QP-Loss 985000 0.012342713 0.015489545
QP-Loss 986000 0.0123397065 0.015491521
QP-Loss 987000 0.0123367235 0.015493482
QP-Loss 988000 0.012333765 0.01549543
QP-Loss 989000 0.012330825 0.015497363
QP-Loss 990000 0.012327901 0.015499287
QP-Loss 991000 0.012324996 0.015501198
QP-Loss 992000 0.012322114 0.0155030945
QP-Loss 993000 0.012319247 0.01550498
QP-Loss 994000 0.012316403 0.0155068515
QP-Loss 995000 0.012313579 0.01550871
QP-Loss 996000 0.012310777 0.0155105535
QP-Loss 997000 0.012307986 0.015512388
QP-Loss 998000 0.012305216 0.015514211
QP-Loss 999000 0.012302463 0.015516021
QP-Loss 1000000 0.012299725 0.0155178225
QP-Loss 1001000 0.012297002 0.015519612
QP-Loss 1002000 0.012294297 0.015521389
QP-Loss 1003000 0.012291606 0.015523158
QP-Loss 1004000 0.012288925 0.015524916
QP-Loss 1005000 0.012286265 0.0155266635
QP-Loss 1006000 0.012283619 0.0155284
QP-Loss 1007000 0.012280983 0.015530129
QP-Loss 1008000 0.012278373 0.015531842
QP-Loss 1009000 0.01227577 0.015533549
QP-Loss 1010000 0.012273184 0.015535246
QP-Loss 1011000 0.01227061 0.015536932
QP-Loss 1012000 0.012268059 0.015538605
QP-Loss 1013000 0.012265521 0.015540267
QP-Loss 1014000 0.01226299 0.015541924
QP-Loss 1015000 0.012260464 0.015543576
QP-Loss 1016000 0.012257959 0.015545215
QP-Loss 1017000 0.012255461 0.015546848
QP-Loss 1018000 0.012252984 0.015548469
QP-Loss 1019000 0.012250524 0.015550078
QP-Loss 1020000 0.012248077 0.015551677
QP-Loss 1021000 0.012245649 0.015553264
QP-Loss 1022000 0.012243238 0.01555484
QP-Loss 1023000 0.012240843 0.015556406
QP-Loss 1024000 0.012238462 0.015557962
QP-Loss 1025000 0.012236091 0.015559511
QP-Loss 1026000 0.012233739 0.015561049
QP-Loss 1027000 0.012231399 0.015562577
QP-Loss 1028000 0.012229073 0.015564097
QP-Loss 1029000 0.012226758 0.015565609
QP-Loss 1030000 0.012224461 0.01556711
QP-Loss 1031000 0.012222171 0.015568604
QP-Loss 1032000 0.0122198975 0.015570088
QP-Loss 1033000 0.012217633 0.015571566
QP-Loss 1034000 0.012215382 0.015573037
QP-Loss 1035000 0.012213155 0.01557449
QP-Loss 1036000 0.012210935 0.015575941
QP-Loss 1037000 0.012208725 0.015577383
QP-Loss 1038000 0.012206532 0.015578815
QP-Loss 1039000 0.01220435 0.015580242
QP-Loss 1040000 0.012202184 0.015581654
QP-Loss 1041000 0.012200032 0.01558306
QP-Loss 1042000 0.012197889 0.015584459
QP-Loss 1043000 0.0121957585 0.015585849
QP-Loss 1044000 0.012193638 0.015587232
QP-Loss 1045000 0.012191531 0.015588608
QP-Loss 1046000 0.012189434 0.015589975
QP-Loss 1047000 0.012187355 0.015591332
QP-Loss 1048000 0.012185286 0.015592679
QP-Loss 1049000 0.012183231 0.01559402
QP-Loss 1050000 0.012181188 0.01559535
QP-Loss 1051000 0.012179148 0.01559668
QP-Loss 1052000 0.01217712 0.015598
QP-Loss 1053000 0.012175103 0.015599315
QP-Loss 1054000 0.0121730985 0.01560062
QP-Loss 1055000 0.012171107 0.015601916
QP-Loss 1056000 0.012169127 0.015603205
QP-Loss 1057000 0.012167168 0.015604481
QP-Loss 1058000 0.012165219 0.0156057505
QP-Loss 1059000 0.012163279 0.015607014
QP-Loss 1060000 0.012161351 0.015608269
QP-Loss 1061000 0.01215943 0.01560952
QP-Loss 1062000 0.012157519 0.015610766
QP-Loss 1063000 0.012155614 0.015612005
QP-Loss 1064000 0.012153725 0.015613235
QP-Loss 1065000 0.012151844 0.01561446
QP-Loss 1066000 0.012149972 0.015615679
QP-Loss 1067000 0.012148108 0.015616892
QP-Loss 1068000 0.0121462485 0.015618104
QP-Loss 1069000 0.012144399 0.015619309
QP-Loss 1070000 0.012142557 0.015620506
QP-Loss 1071000 0.012140725 0.015621699
QP-Loss 1072000 0.012138903 0.015622885
QP-Loss 1073000 0.012137092 0.015624064
QP-Loss 1074000 0.012135289 0.015625237
QP-Loss 1075000 0.012133495 0.015626403
QP-Loss 1076000 0.012131716 0.01562756
QP-Loss 1077000 0.0121299485 0.01562871
QP-Loss 1078000 0.012128186 0.015629854
QP-Loss 1079000 0.012126434 0.015630992
QP-Loss 1080000 0.012124699 0.01563212
QP-Loss 1081000 0.012122971 0.015633242
QP-Loss 1082000 0.012121253 0.015634356
QP-Loss 1083000 0.012119551 0.015635462
QP-Loss 1084000 0.012117852 0.015636565
QP-Loss 1085000 0.012116159 0.015637664
QP-Loss 1086000 0.0121144755 0.015638757
QP-Loss 1087000 0.012112808 0.015639842
QP-Loss 1088000 0.01211115 0.015640918
QP-Loss 1089000 0.0121094985 0.01564199
QP-Loss 1090000 0.01210786 0.01564305
QP-Loss 1091000 0.01210623 0.015644109
QP-Loss 1092000 0.012104616 0.015645158
QP-Loss 1093000 0.012103005 0.015646199
QP-Loss 1094000 0.012101409 0.015647234
QP-Loss 1095000 0.012099817 0.015648264
QP-Loss 1096000 0.012098242 0.015649285
QP-Loss 1097000 0.012096677 0.0156503
QP-Loss 1098000 0.01209512 0.015651308
QP-Loss 1099000 0.012093566 0.015652312
QP-Loss 1100000 0.012092027 0.015653308
QP-Loss 1101000 0.012090493 0.015654301
QP-Loss 1102000 0.012088972 0.015655285
QP-Loss 1103000 0.012087457 0.015656264
QP-Loss 1104000 0.012085952 0.015657237
QP-Loss 1105000 0.012084459 0.015658204
QP-Loss 1106000 0.012082974 0.01565916
QP-Loss 1107000 0.012081496 0.015660115
QP-Loss 1108000 0.012080032 0.01566106
QP-Loss 1109000 0.0120785795 0.015662
QP-Loss 1110000 0.012077141 0.015662929
QP-Loss 1111000 0.01207571 0.015663853
QP-Loss 1112000 0.012074287 0.015664771
QP-Loss 1113000 0.012072871 0.015665686
QP-Loss 1114000 0.012071465 0.015666593
QP-Loss 1115000 0.012070078 0.015667487
QP-Loss 1116000 0.012068697 0.015668381
QP-Loss 1117000 0.012067323 0.015669266
QP-Loss 1118000 0.012065963 0.015670145
QP-Loss 1119000 0.012064616 0.015671015
QP-Loss 1120000 0.012063273 0.01567188
QP-Loss 1121000 0.012061941 0.01567274
QP-Loss 1122000 0.012060635 0.015673583
QP-Loss 1123000 0.0120593505 0.015674416
QP-Loss 1124000 0.01205808 0.015675237
QP-Loss 1125000 0.012056819 0.015676053
QP-Loss 1126000 0.012055564 0.015676865
QP-Loss 1127000 0.012054318 0.015677672
QP-Loss 1128000 0.01205308 0.015678471
QP-Loss 1129000 0.012051847 0.015679268
QP-Loss 1130000 0.01205062 0.01568006
QP-Loss 1131000 0.012049408 0.015680844
QP-Loss 1132000 0.012048197 0.015681624
QP-Loss 1133000 0.0120469965 0.015682397
QP-Loss 1134000 0.012045801 0.01568317
QP-Loss 1135000 0.012044613 0.015683934
QP-Loss 1136000 0.012043438 0.015684692
QP-Loss 1137000 0.012042264 0.015685447
QP-Loss 1138000 0.0120411 0.015686197
QP-Loss 1139000 0.0120399445 0.01568694
QP-Loss 1140000 0.012038798 0.015687678
QP-Loss 1141000 0.012037682 0.015688397
QP-Loss 1142000 0.01203658 0.015689109
QP-Loss 1143000 0.012035484 0.015689813
QP-Loss 1144000 0.012034394 0.015690517
QP-Loss 1145000 0.012033311 0.015691213
QP-Loss 1146000 0.012032236 0.015691904
QP-Loss 1147000 0.012031167 0.015692592
QP-Loss 1148000 0.012030102 0.015693277
QP-Loss 1149000 0.012029045 0.015693955
QP-Loss 1150000 0.012027998 0.015694628
QP-Loss 1151000 0.012026957 0.015695298
QP-Loss 1152000 0.01202592 0.015695961
QP-Loss 1153000 0.012024892 0.01569662
QP-Loss 1154000 0.01202387 0.015697276
QP-Loss 1155000 0.012022858 0.015697924
QP-Loss 1156000 0.0120218545 0.015698567
QP-Loss 1157000 0.012020856 0.015699206
QP-Loss 1158000 0.012019868 0.015699837
QP-Loss 1159000 0.012018879 0.01570047
QP-Loss 1160000 0.0120179085 0.01570109
QP-Loss 1161000 0.012016933 0.015701711
QP-Loss 1162000 0.0120159695 0.015702328
QP-Loss 1163000 0.012015012 0.015702937
QP-Loss 1164000 0.012014064 0.01570354
QP-Loss 1165000 0.01201312 0.015704142
QP-Loss 1166000 0.012012184 0.015704738
QP-Loss 1167000 0.012011257 0.015705328
QP-Loss 1168000 0.012010332 0.015705915
QP-Loss 1169000 0.012009416 0.015706496
QP-Loss 1170000 0.012008508 0.015707074
QP-Loss 1171000 0.012007605 0.015707647
QP-Loss 1172000 0.01200671 0.015708214
QP-Loss 1173000 0.012005828 0.015708774
QP-Loss 1174000 0.012004956 0.015709328
QP-Loss 1175000 0.012004084 0.015709879
QP-Loss 1176000 0.012003223 0.015710423
QP-Loss 1177000 0.012002367 0.015710967
QP-Loss 1178000 0.012001517 0.015711503
QP-Loss 1179000 0.012000672 0.015712036
QP-Loss 1180000 0.011999834 0.015712567
QP-Loss 1181000 0.011999004 0.015713088
QP-Loss 1182000 0.011998187 0.015713604
QP-Loss 1183000 0.011997375 0.015714116
QP-Loss 1184000 0.01199657 0.015714625
QP-Loss 1185000 0.01199577 0.015715128
QP-Loss 1186000 0.011994974 0.015715629
QP-Loss 1187000 0.011994188 0.015716122
QP-Loss 1188000 0.011993402 0.015716616
QP-Loss 1189000 0.011992629 0.0157171
QP-Loss 1190000 0.011991861 0.015717583
QP-Loss 1191000 0.011991096 0.015718063
QP-Loss 1192000 0.011990341 0.015718535
QP-Loss 1193000 0.011989589 0.015719008
QP-Loss 1194000 0.011988846 0.015719471
QP-Loss 1195000 0.011988104 0.015719935
QP-Loss 1196000 0.011987372 0.015720392
QP-Loss 1197000 0.011986646 0.015720846
QP-Loss 1198000 0.011985925 0.015721295
QP-Loss 1199000 0.01198521 0.01572174
QP-Loss 1200000 0.011984501 0.015722182
QP-Loss 1201000 0.011983797 0.01572262
QP-Loss 1202000 0.011983101 0.015723052
QP-Loss 1203000 0.011982411 0.01572348
QP-Loss 1204000 0.011981726 0.015723905
QP-Loss 1205000 0.011981049 0.015724326
QP-Loss 1206000 0.011980373 0.015724745
QP-Loss 1207000 0.011979704 0.015725158
QP-Loss 1208000 0.011979041 0.01572557
QP-Loss 1209000 0.011978381 0.015725976
QP-Loss 1210000 0.011977729 0.015726378
QP-Loss 1211000 0.011977085 0.015726777
QP-Loss 1212000 0.01197644 0.015727174
QP-Loss 1213000 0.011975805 0.015727565
QP-Loss 1214000 0.011975174 0.015727952
Step 1214924: freezing conditions [16] (losses [5.474033741847961e-07])
QP-Loss 1215000 0.011974543 0.01572834
QP-Loss 1216000 0.011973922 0.015728721
QP-Loss 1217000 0.011973307 0.0157291
QP-Loss 1218000 0.011972691 0.015729476
QP-Loss 1219000 0.011972085 0.01572985
QP-Loss 1220000 0.011971482 0.015730217
QP-Loss 1221000 0.011970885 0.015730582
QP-Loss 1222000 0.01197029 0.015730947
QP-Loss 1223000 0.0119697 0.015731307
QP-Loss 1224000 0.011969116 0.015731663
QP-Loss 1225000 0.011968534 0.015732016
QP-Loss 1226000 0.011967961 0.015732367
QP-Loss 1227000 0.011967388 0.015732715
QP-Loss 1228000 0.011966821 0.01573306
QP-Loss 1229000 0.0119662555 0.015733402
Step 1229094: freezing conditions [18] (losses [5.73886950405722e-07])
QP-Loss 1230000 0.0119656995 0.015733741
QP-Loss 1231000 0.011965142 0.015734078
QP-Loss 1232000 0.011964587 0.015734416
QP-Loss 1233000 0.011964041 0.015734745
QP-Loss 1234000 0.011963494 0.015735075
Step 1234603: freezing conditions [21] (losses [8.070077228694572e-07])
QP-Loss 1235000 0.011962958 0.0157354
QP-Loss 1236000 0.01196242 0.015735725
QP-Loss 1237000 0.011961889 0.015736047
QP-Loss 1238000 0.011961368 0.015736362
QP-Loss 1239000 0.01196085 0.015736673
QP-Loss 1240000 0.011960338 0.015736982
Step 1240531: freezing conditions [6] (losses [0.002845362527295947])
QP-Loss 1241000 0.011959943 0.015737224
QP-Loss 1242000 0.011959675 0.01573739
QP-Loss 1243000 0.01195941 0.015737554
Step 1243701: freezing conditions [20] (losses [6.05930608799099e-07])
QP-Loss 1244000 0.011959147 0.015737718
QP-Loss 1245000 0.011958887 0.01573788
QP-Loss 1246000 0.011958629 0.015738038
QP-Loss 1247000 0.0119583765 0.015738197
QP-Loss 1248000 0.011958123 0.015738353
QP-Loss 1249000 0.011957872 0.015738508
QP-Loss 1250000 0.011957624 0.015738662
QP-Loss 1251000 0.011957374 0.015738815
QP-Loss 1252000 0.01195713 0.015738966
Step 1252686: freezing conditions [17] (losses [5.595718448603293e-07])
QP-Loss 1253000 0.011956886 0.015739117
QP-Loss 1254000 0.011956646 0.015739264
QP-Loss 1255000 0.011956408 0.015739411
QP-Loss 1256000 0.01195617 0.015739558
QP-Loss 1257000 0.011955935 0.015739702
QP-Loss 1258000 0.011955702 0.015739845
QP-Loss 1259000 0.011955467 0.015739989
Step 1259184: freezing conditions [14] (losses [5.482219194163918e-07])
QP-Loss 1260000 0.011955238 0.01574013
QP-Loss 1261000 0.011955008 0.015740272
QP-Loss 1262000 0.01195478 0.015740411
QP-Loss 1263000 0.011954554 0.01574055
Step 1263662: freezing conditions [13] (losses [6.178636908771296e-07])
QP-Loss 1264000 0.01195433 0.015740687
QP-Loss 1265000 0.011954107 0.015740823
QP-Loss 1266000 0.011953884 0.015740959
QP-Loss 1267000 0.011953663 0.015741095
QP-Loss 1268000 0.011953443 0.015741229
QP-Loss 1269000 0.011953226 0.015741363
QP-Loss 1270000 0.0119530065 0.015741497
QP-Loss 1271000 0.011952789 0.015741631
QP-Loss 1272000 0.011952572 0.015741764
QP-Loss 1273000 0.011952358 0.015741894
QP-Loss 1274000 0.011952144 0.015742026
QP-Loss 1275000 0.011951931 0.015742157
QP-Loss 1276000 0.011951718 0.015742287
QP-Loss 1277000 0.011951507 0.015742417
QP-Loss 1278000 0.011951295 0.015742546
QP-Loss 1279000 0.011951086 0.015742676
QP-Loss 1280000 0.011950877 0.015742803
QP-Loss 1281000 0.011950668 0.015742932
QP-Loss 1282000 0.011950463 0.015743056
QP-Loss 1283000 0.011950254 0.015743185
QP-Loss 1284000 0.011950046 0.015743313
QP-Loss 1285000 0.011949842 0.015743438
QP-Loss 1286000 0.011949637 0.015743563
QP-Loss 1287000 0.011949435 0.015743688
QP-Loss 1288000 0.011949235 0.01574381
QP-Loss 1289000 0.0119490335 0.015743934
QP-Loss 1290000 0.011948834 0.015744057
Step 1290917: freezing conditions [11] (losses [6.04497188305686e-07])
QP-Loss 1291000 0.011948635 0.01574418
QP-Loss 1292000 0.011948436 0.0157443
QP-Loss 1293000 0.011948238 0.015744423
QP-Loss 1294000 0.011948039 0.015744546
QP-Loss 1295000 0.011947843 0.015744666
QP-Loss 1296000 0.011947643 0.015744789
QP-Loss 1297000 0.0119474465 0.01574491
QP-Loss 1298000 0.011947252 0.01574503
QP-Loss 1299000 0.011947054 0.015745152
QP-Loss 1300000 0.011946858 0.015745273
QP-Loss 1301000 0.011946666 0.01574539
QP-Loss 1302000 0.011946472 0.015745511
QP-Loss 1303000 0.011946277 0.01574563
QP-Loss 1304000 0.011946085 0.015745752
QP-Loss 1305000 0.011945892 0.01574587
QP-Loss 1306000 0.011945699 0.01574599
QP-Loss 1307000 0.011945508 0.015746107
QP-Loss 1308000 0.0119453175 0.015746225
QP-Loss 1309000 0.011945128 0.015746342
QP-Loss 1310000 0.011944938 0.01574646
Step 1310790: freezing conditions [7] (losses [0.0021940963342785835])
QP-Loss 1311000 0.011944794 0.015746549
QP-Loss 1312000 0.011944794 0.01574655
QP-Loss 1313000 0.011944793 0.01574655
QP-Loss 1314000 0.011944793 0.01574655
QP-Loss 1315000 0.011944792 0.01574655
QP-Loss 1316000 0.01194479 0.015746552
QP-Loss 1317000 0.01194479 0.015746552
QP-Loss 1318000 0.01194479 0.015746552
QP-Loss 1319000 0.011944789 0.015746552
QP-Loss 1320000 0.0119447885 0.015746552
QP-Loss 1321000 0.0119447885 0.015746554
QP-Loss 1322000 0.0119447885 0.015746554
QP-Loss 1323000 0.011944787 0.015746556
QP-Loss 1324000 0.011944786 0.015746556
QP-Loss 1325000 0.011944786 0.015746556
QP-Loss 1326000 0.011944786 0.015746556
QP-Loss 1327000 0.011944785 0.015746556
QP-Loss 1328000 0.011944785 0.015746556
QP-Loss 1329000 0.011944783 0.015746558
QP-Loss 1330000 0.011944783 0.015746558
QP-Loss 1331000 0.011944782 0.015746558
QP-Loss 1332000 0.011944782 0.01574656
QP-Loss 1333000 0.011944782 0.01574656
QP-Loss 1334000 0.011944782 0.01574656
QP-Loss 1335000 0.011944781 0.01574656
QP-Loss 1336000 0.011944781 0.01574656
QP-Loss 1337000 0.011944779 0.015746562
QP-Loss 1338000 0.011944778 0.015746562
QP-Loss 1339000 0.011944778 0.015746562
QP-Loss 1340000 0.011944778 0.015746562
QP-Loss 1341000 0.011944778 0.015746562
QP-Loss 1342000 0.011944778 0.015746564
QP-Loss 1343000 0.011944777 0.015746562
QP-Loss 1344000 0.0119447755 0.015746564
QP-Loss 1345000 0.0119447755 0.015746564
QP-Loss 1346000 0.0119447755 0.015746564
QP-Loss 1347000 0.0119447755 0.015746564
QP-Loss 1348000 0.011944775 0.015746564
QP-Loss 1349000 0.011944775 0.015746566
QP-Loss 1350000 0.011944775 0.015746566
QP-Loss 1351000 0.011944774 0.015746564
QP-Loss 1352000 0.011944774 0.015746566
QP-Loss 1353000 0.011944774 0.015746566
QP-Loss 1354000 0.011944774 0.015746566
QP-Loss 1355000 0.011944772 0.015746567
QP-Loss 1356000 0.011944772 0.015746567
QP-Loss 1357000 0.011944772 0.015746567
QP-Loss 1358000 0.011944771 0.015746567
QP-Loss 1359000 0.011944771 0.015746567
QP-Loss 1360000 0.011944771 0.015746567
QP-Loss 1361000 0.011944771 0.015746567
QP-Loss 1362000 0.011944771 0.015746567
QP-Loss 1363000 0.01194477 0.015746567
QP-Loss 1364000 0.01194477 0.015746567
QP-Loss 1365000 0.01194477 0.015746567
QP-Loss 1366000 0.01194477 0.01574657
QP-Loss 1367000 0.011944768 0.01574657
QP-Loss 1368000 0.011944768 0.01574657
QP-Loss 1369000 0.011944768 0.01574657
QP-Loss 1370000 0.011944768 0.015746571
QP-Loss 1371000 0.011944767 0.01574657
QP-Loss 1372000 0.011944767 0.015746571
QP-Loss 1373000 0.011944767 0.015746571
QP-Loss 1374000 0.011944766 0.015746571
QP-Loss 1375000 0.011944766 0.015746571
QP-Loss 1376000 0.011944766 0.015746571
QP-Loss 1377000 0.011944766 0.015746571
QP-Loss 1378000 0.011944766 0.015746571
QP-Loss 1379000 0.011944766 0.015746571
QP-Loss 1380000 0.011944766 0.015746571
QP-Loss 1381000 0.011944766 0.015746571
QP-Loss 1382000 0.011944764 0.015746573
QP-Loss 1383000 0.011944764 0.015746573
QP-Loss 1384000 0.011944764 0.015746573
QP-Loss 1385000 0.011944763 0.015746573
QP-Loss 1386000 0.011944763 0.015746573
QP-Loss 1387000 0.011944763 0.015746573
QP-Loss 1388000 0.011944763 0.015746573
QP-Loss 1389000 0.011944763 0.015746573
QP-Loss 1390000 0.011944763 0.015746573
QP-Loss 1391000 0.011944763 0.015746573
QP-Loss 1392000 0.011944763 0.015746573
QP-Loss 1393000 0.011944762 0.015746573
QP-Loss 1394000 0.011944762 0.015746573
QP-Loss 1395000 0.011944762 0.015746573
QP-Loss 1396000 0.011944762 0.015746573
QP-Loss 1397000 0.011944761 0.015746575
QP-Loss 1398000 0.011944761 0.015746575
QP-Loss 1399000 0.011944761 0.015746575
QP-Loss 1400000 0.011944761 0.015746575
QP-Loss 1401000 0.011944761 0.015746575
QP-Loss 1402000 0.011944761 0.015746575
QP-Loss 1403000 0.011944761 0.015746575
QP-Loss 1404000 0.011944761 0.015746575
QP-Loss 1405000 0.011944761 0.015746577
QP-Loss 1406000 0.011944761 0.015746577
QP-Loss 1407000 0.011944761 0.015746577
QP-Loss 1408000 0.011944761 0.015746577
QP-Loss 1409000 0.01194476 0.015746577
QP-Loss 1410000 0.01194476 0.015746577
QP-Loss 1411000 0.01194476 0.015746577
QP-Loss 1412000 0.01194476 0.015746577
QP-Loss 1413000 0.01194476 0.015746577
QP-Loss 1414000 0.01194476 0.015746577
QP-Loss 1415000 0.01194476 0.015746577
QP-Loss 1416000 0.011944759 0.015746577
QP-Loss 1417000 0.011944759 0.015746577
QP-Loss 1418000 0.011944759 0.015746577
QP-Loss 1419000 0.011944759 0.015746577
QP-Loss 1420000 0.011944759 0.015746577
QP-Loss 1421000 0.011944759 0.015746577
QP-Loss 1422000 0.011944759 0.015746577
QP-Loss 1423000 0.011944759 0.015746577
QP-Loss 1424000 0.011944759 0.015746577
QP-Loss 1425000 0.011944759 0.015746577
QP-Loss 1426000 0.011944759 0.015746577
QP-Loss 1427000 0.011944759 0.015746577
QP-Loss 1428000 0.011944759 0.015746577
QP-Loss 1429000 0.011944757 0.015746577
QP-Loss 1430000 0.011944757 0.015746577
QP-Loss 1431000 0.011944757 0.015746579
QP-Loss 1432000 0.011944757 0.015746579
QP-Loss 1433000 0.011944757 0.015746579
QP-Loss 1434000 0.011944757 0.015746579
QP-Loss 1435000 0.011944757 0.015746579
QP-Loss 1436000 0.011944757 0.015746579
QP-Loss 1437000 0.011944757 0.015746579
QP-Loss 1438000 0.011944757 0.015746579
QP-Loss 1439000 0.011944757 0.015746579
QP-Loss 1440000 0.011944757 0.015746579
QP-Loss 1441000 0.011944756 0.015746579
QP-Loss 1442000 0.011944756 0.015746579
QP-Loss 1443000 0.011944756 0.015746579
QP-Loss 1444000 0.011944756 0.015746579
QP-Loss 1445000 0.011944756 0.015746579
QP-Loss 1446000 0.011944756 0.015746579
QP-Loss 1447000 0.011944756 0.015746579
QP-Loss 1448000 0.011944756 0.015746579
QP-Loss 1449000 0.011944756 0.015746579
QP-Loss 1450000 0.011944756 0.015746579
QP-Loss 1451000 0.011944756 0.015746579
QP-Loss 1452000 0.011944756 0.015746579
QP-Loss 1453000 0.011944756 0.015746579
QP-Loss 1454000 0.011944756 0.015746579
QP-Loss 1455000 0.011944756 0.015746579
QP-Loss 1456000 0.011944756 0.015746579
QP-Loss 1457000 0.011944756 0.015746579
QP-Loss 1458000 0.011944755 0.015746579
QP-Loss 1459000 0.011944755 0.015746579
QP-Loss 1460000 0.011944755 0.015746579
QP-Loss 1461000 0.011944755 0.015746579
QP-Loss 1462000 0.011944755 0.015746579
QP-Loss 1463000 0.011944755 0.015746579
QP-Loss 1464000 0.011944755 0.015746579
QP-Loss 1465000 0.011944755 0.015746579
QP-Loss 1466000 0.011944755 0.015746579
QP-Loss 1467000 0.011944755 0.015746579
QP-Loss 1468000 0.011944755 0.015746579
QP-Loss 1469000 0.011944755 0.015746579
QP-Loss 1470000 0.011944753 0.01574658
QP-Loss 1471000 0.011944753 0.01574658
QP-Loss 1472000 0.011944753 0.01574658
QP-Loss 1473000 0.011944753 0.01574658
QP-Loss 1474000 0.011944753 0.01574658
QP-Loss 1475000 0.011944753 0.01574658
QP-Loss 1476000 0.011944753 0.01574658
QP-Loss 1477000 0.011944753 0.01574658
QP-Loss 1478000 0.011944753 0.01574658
QP-Loss 1479000 0.011944753 0.01574658
QP-Loss 1480000 0.011944753 0.01574658
QP-Loss 1481000 0.011944753 0.01574658
QP-Loss 1482000 0.011944753 0.01574658
QP-Loss 1483000 0.011944753 0.01574658
QP-Loss 1484000 0.011944753 0.01574658
QP-Loss 1485000 0.011944753 0.01574658
QP-Loss 1486000 0.011944753 0.01574658
QP-Loss 1487000 0.011944753 0.01574658
QP-Loss 1488000 0.011944753 0.01574658
QP-Loss 1489000 0.011944753 0.01574658
QP-Loss 1490000 0.011944753 0.01574658
QP-Loss 1491000 0.011944753 0.01574658
QP-Loss 1492000 0.011944753 0.01574658
QP-Loss 1493000 0.011944753 0.01574658
QP-Loss 1494000 0.011944753 0.01574658
QP-Loss 1495000 0.011944753 0.01574658
QP-Loss 1496000 0.011944753 0.01574658
QP-Loss 1497000 0.011944753 0.01574658
QP-Loss 1498000 0.011944753 0.01574658
QP-Loss 1499000 0.011944753 0.01574658
QP-Loss 1500000 0.011944753 0.01574658
QP-Loss 1501000 0.011944753 0.01574658
QP-Loss 1502000 0.011944753 0.015746582
QP-Loss 1503000 0.011944753 0.015746582
QP-Loss 1504000 0.011944753 0.015746582
QP-Loss 1505000 0.011944753 0.015746582
QP-Loss 1506000 0.011944753 0.015746582
QP-Loss 1507000 0.011944753 0.015746582
QP-Loss 1508000 0.011944753 0.015746582
QP-Loss 1509000 0.011944753 0.015746582
QP-Loss 1510000 0.011944753 0.015746582
QP-Loss 1511000 0.011944752 0.01574658
QP-Loss 1512000 0.011944752 0.01574658
QP-Loss 1513000 0.011944752 0.015746582
QP-Loss 1514000 0.011944752 0.015746582
QP-Loss 1515000 0.011944752 0.015746582
QP-Loss 1516000 0.011944752 0.015746582
QP-Loss 1517000 0.011944752 0.015746582
QP-Loss 1518000 0.011944752 0.015746582
QP-Loss 1519000 0.011944752 0.015746582
QP-Loss 1520000 0.011944752 0.015746582
QP-Loss 1521000 0.011944752 0.015746582
QP-Loss 1522000 0.011944752 0.015746582
QP-Loss 1523000 0.011944752 0.015746582
QP-Loss 1524000 0.011944752 0.015746582
QP-Loss 1525000 0.011944752 0.015746582
QP-Loss 1526000 0.011944752 0.015746582
QP-Loss 1527000 0.011944752 0.015746582
QP-Loss 1528000 0.011944752 0.015746582
QP-Loss 1529000 0.011944752 0.015746582
QP-Loss 1530000 0.011944752 0.015746582
QP-Loss 1531000 0.011944752 0.015746582
QP-Loss 1532000 0.011944752 0.015746582
QP-Loss 1533000 0.011944752 0.015746582
QP-Loss 1534000 0.011944752 0.015746582
QP-Loss 1535000 0.011944752 0.015746582
QP-Loss 1536000 0.011944752 0.015746582
QP-Loss 1537000 0.011944752 0.015746582
QP-Loss 1538000 0.011944752 0.015746582
QP-Loss 1539000 0.011944752 0.015746582
QP-Loss 1540000 0.011944752 0.015746582
QP-Loss 1541000 0.011944752 0.015746582
QP-Loss 1542000 0.011944752 0.015746582
QP-Loss 1543000 0.011944752 0.015746582
QP-Loss 1544000 0.011944752 0.015746582
QP-Loss 1545000 0.011944752 0.015746582
QP-Loss 1546000 0.011944752 0.015746582
QP-Loss 1547000 0.011944752 0.015746582
QP-Loss 1548000 0.011944752 0.015746582
QP-Loss 1549000 0.011944752 0.015746582
QP-Loss 1550000 0.011944752 0.015746582
QP-Loss 1551000 0.011944752 0.015746582
QP-Loss 1552000 0.011944751 0.01574658
QP-Loss 1553000 0.011944751 0.015746582
QP-Loss 1554000 0.011944751 0.015746582
QP-Loss 1555000 0.011944751 0.015746582
QP-Loss 1556000 0.011944751 0.015746582
QP-Loss 1557000 0.011944751 0.015746582
QP-Loss 1558000 0.011944751 0.015746582
QP-Loss 1559000 0.011944751 0.015746582
QP-Loss 1560000 0.011944751 0.015746582
QP-Loss 1561000 0.011944751 0.015746582
QP-Loss 1562000 0.011944751 0.015746582
QP-Loss 1563000 0.011944751 0.015746582
QP-Loss 1564000 0.011944751 0.015746582
QP-Loss 1565000 0.011944751 0.015746582
QP-Loss 1566000 0.011944751 0.015746582
QP-Loss 1567000 0.011944751 0.015746582
QP-Loss 1568000 0.011944751 0.015746582
QP-Loss 1569000 0.011944751 0.015746582
QP-Loss 1570000 0.011944751 0.015746582
QP-Loss 1571000 0.011944751 0.015746582
QP-Loss 1572000 0.011944751 0.015746582
QP-Loss 1573000 0.011944751 0.015746582
QP-Loss 1574000 0.011944751 0.015746582
QP-Loss 1575000 0.011944751 0.015746582
QP-Loss 1576000 0.011944751 0.015746582
QP-Loss 1577000 0.011944751 0.015746582
QP-Loss 1578000 0.011944751 0.015746582
QP-Loss 1579000 0.011944751 0.015746582
QP-Loss 1580000 0.011944751 0.015746582
QP-Loss 1581000 0.011944751 0.015746582
QP-Loss 1582000 0.011944751 0.015746582
QP-Loss 1583000 0.011944751 0.015746582
QP-Loss 1584000 0.011944751 0.015746582
QP-Loss 1585000 0.011944751 0.015746582
QP-Loss 1586000 0.011944751 0.015746582
QP-Loss 1587000 0.011944751 0.015746582
QP-Loss 1588000 0.011944751 0.015746582
QP-Loss 1589000 0.011944751 0.015746582
QP-Loss 1590000 0.011944751 0.015746582
QP-Loss 1591000 0.011944751 0.015746582
QP-Loss 1592000 0.011944751 0.015746582
QP-Loss 1593000 0.011944751 0.015746582
QP-Loss 1594000 0.011944751 0.015746582
QP-Loss 1595000 0.011944751 0.015746582
QP-Loss 1596000 0.011944751 0.015746582
QP-Loss 1597000 0.011944751 0.015746582
QP-Loss 1598000 0.011944751 0.015746582
QP-Loss 1599000 0.011944751 0.015746582
QP-Loss 1600000 0.011944751 0.015746582
QP-Loss 1601000 0.011944751 0.015746582
QP-Loss 1602000 0.011944751 0.015746582
QP-Loss 1603000 0.011944751 0.015746582
QP-Loss 1604000 0.011944751 0.015746582
QP-Loss 1605000 0.011944751 0.015746582
QP-Loss 1606000 0.011944751 0.015746582
QP-Loss 1607000 0.011944751 0.015746582
QP-Loss 1608000 0.011944751 0.015746582
QP-Loss 1609000 0.011944751 0.015746582
QP-Loss 1610000 0.011944751 0.015746582
QP-Loss 1611000 0.011944751 0.015746582
QP-Loss 1612000 0.011944751 0.015746582
QP-Loss 1613000 0.011944751 0.015746582
QP-Loss 1614000 0.011944751 0.015746582
QP-Loss 1615000 0.011944751 0.015746582
QP-Loss 1616000 0.011944751 0.015746582
QP-Loss 1617000 0.011944751 0.015746582
QP-Loss 1618000 0.011944751 0.015746582
QP-Loss 1619000 0.011944751 0.015746582
QP-Loss 1620000 0.011944751 0.015746582
QP-Loss 1621000 0.011944751 0.015746582
QP-Loss 1622000 0.011944751 0.015746582
QP-Loss 1623000 0.011944751 0.015746582
QP-Loss 1624000 0.011944751 0.015746582
QP-Loss 1625000 0.011944751 0.015746582
QP-Loss 1626000 0.011944751 0.015746582
QP-Loss 1627000 0.011944751 0.015746582
QP-Loss 1628000 0.011944751 0.015746582
QP-Loss 1629000 0.011944751 0.015746582
QP-Loss 1630000 0.011944751 0.015746582
QP-Loss 1631000 0.011944751 0.015746582
QP-Loss 1632000 0.011944751 0.015746582
QP-Loss 1633000 0.011944751 0.015746582
QP-Loss 1634000 0.011944751 0.015746582
QP-Loss 1635000 0.011944751 0.015746582
QP-Loss 1636000 0.011944751 0.015746582
QP-Loss 1637000 0.011944751 0.015746582
QP-Loss 1638000 0.011944751 0.015746582
QP-Loss 1639000 0.011944751 0.015746582
QP-Loss 1640000 0.011944751 0.015746582
QP-Loss 1641000 0.011944751 0.015746582
QP-Loss 1642000 0.011944751 0.015746582
QP-Loss 1643000 0.011944751 0.015746582
QP-Loss 1644000 0.011944751 0.015746582
QP-Loss 1645000 0.011944751 0.015746582
QP-Loss 1646000 0.011944751 0.015746582
QP-Loss 1647000 0.011944751 0.015746582
QP-Loss 1648000 0.011944751 0.015746582
QP-Loss 1649000 0.011944751 0.015746582
QP-Loss 1650000 0.011944751 0.015746582
QP-Loss 1651000 0.011944751 0.015746582
QP-Loss 1652000 0.011944751 0.015746582
QP-Loss 1653000 0.011944751 0.015746582
QP-Loss 1654000 0.011944751 0.015746582
QP-Loss 1655000 0.011944751 0.015746582
QP-Loss 1656000 0.011944751 0.015746582
QP-Loss 1657000 0.011944751 0.015746582
QP-Loss 1658000 0.011944751 0.015746582
QP-Loss 1659000 0.011944751 0.015746582
QP-Loss 1660000 0.011944751 0.015746582
QP-Loss 1661000 0.011944751 0.015746582
QP-Loss 1662000 0.011944751 0.015746582
QP-Loss 1663000 0.011944751 0.015746582
QP-Loss 1664000 0.011944751 0.015746582
QP-Loss 1665000 0.011944751 0.015746582
QP-Loss 1666000 0.011944751 0.015746582
QP-Loss 1667000 0.011944751 0.015746582
QP-Loss 1668000 0.011944751 0.015746582
QP-Loss 1669000 0.011944751 0.015746582
QP-Loss 1670000 0.011944751 0.015746582
QP-Loss 1671000 0.011944751 0.015746582
QP-Loss 1672000 0.011944751 0.015746582
QP-Loss 1673000 0.011944751 0.015746582
QP-Loss 1674000 0.011944751 0.015746582
QP-Loss 1675000 0.011944751 0.015746582
QP-Loss 1676000 0.011944751 0.015746582
QP-Loss 1677000 0.011944751 0.015746582
QP-Loss 1678000 0.011944751 0.015746582
QP-Loss 1679000 0.011944751 0.015746582
QP-Loss 1680000 0.011944751 0.015746582
QP-Loss 1681000 0.011944751 0.015746582
QP-Loss 1682000 0.011944751 0.015746582
QP-Loss 1683000 0.011944751 0.015746582
QP-Loss 1684000 0.011944751 0.015746582
QP-Loss 1685000 0.011944751 0.015746582
QP-Loss 1686000 0.011944751 0.015746582
QP-Loss 1687000 0.011944751 0.015746582
QP-Loss 1688000 0.011944751 0.015746582
QP-Loss 1689000 0.011944751 0.015746582
QP-Loss 1690000 0.011944751 0.015746582
QP-Loss 1691000 0.011944751 0.015746582
QP-Loss 1692000 0.011944751 0.015746582
QP-Loss 1693000 0.011944751 0.015746582
QP-Loss 1694000 0.011944751 0.015746582
QP-Loss 1695000 0.011944751 0.015746582
QP-Loss 1696000 0.011944751 0.015746582
QP-Loss 1697000 0.011944751 0.015746582
QP-Loss 1698000 0.011944751 0.015746582
QP-Loss 1699000 0.011944751 0.015746582
QP-Loss 1700000 0.011944751 0.015746582
QP-Loss 1701000 0.011944751 0.015746582
QP-Loss 1702000 0.011944751 0.015746582
QP-Loss 1703000 0.011944751 0.015746582
QP-Loss 1704000 0.011944751 0.015746582
QP-Loss 1705000 0.011944751 0.015746582
QP-Loss 1706000 0.011944751 0.015746582
QP-Loss 1707000 0.011944751 0.015746582
QP-Loss 1708000 0.011944751 0.015746582
QP-Loss 1709000 0.011944751 0.015746582
QP-Loss 1710000 0.011944751 0.015746582
QP-Loss 1711000 0.011944751 0.015746582
QP-Loss 1712000 0.011944751 0.015746582
QP-Loss 1713000 0.011944751 0.015746582
QP-Loss 1714000 0.011944751 0.015746582
QP-Loss 1715000 0.011944751 0.015746582
QP-Loss 1716000 0.011944751 0.015746582
QP-Loss 1717000 0.011944751 0.015746582
QP-Loss 1718000 0.011944751 0.015746582
QP-Loss 1719000 0.011944751 0.015746582
QP-Loss 1720000 0.011944751 0.015746582
QP-Loss 1721000 0.011944751 0.015746582
QP-Loss 1722000 0.011944751 0.015746582
QP-Loss 1723000 0.011944751 0.015746582
QP-Loss 1724000 0.011944751 0.015746582
QP-Loss 1725000 0.011944751 0.015746582
QP-Loss 1726000 0.011944751 0.015746582
QP-Loss 1727000 0.011944751 0.015746582
QP-Loss 1728000 0.011944751 0.015746582
QP-Loss 1729000 0.011944751 0.015746582
QP-Loss 1730000 0.011944751 0.015746582
QP-Loss 1731000 0.011944751 0.015746582
QP-Loss 1732000 0.011944751 0.015746582
QP-Loss 1733000 0.011944751 0.015746582
QP-Loss 1734000 0.011944751 0.015746582
QP-Loss 1735000 0.011944751 0.015746582
QP-Loss 1736000 0.011944751 0.015746582
QP-Loss 1737000 0.011944751 0.015746582
QP-Loss 1738000 0.011944751 0.015746582
QP-Loss 1739000 0.011944751 0.015746582
QP-Loss 1740000 0.011944751 0.015746582
QP-Loss 1741000 0.011944751 0.015746582
QP-Loss 1742000 0.011944751 0.015746582
QP-Loss 1743000 0.011944751 0.015746582
QP-Loss 1744000 0.011944751 0.015746582
QP-Loss 1745000 0.011944751 0.015746582
QP-Loss 1746000 0.011944751 0.015746582
QP-Loss 1747000 0.011944751 0.015746582
QP-Loss 1748000 0.011944751 0.015746582
QP-Loss 1749000 0.011944751 0.015746582
QP-Loss 1750000 0.011944751 0.015746582
QP-Loss 1751000 0.011944751 0.015746582
QP-Loss 1752000 0.011944751 0.015746582
QP-Loss 1753000 0.011944751 0.015746582
QP-Loss 1754000 0.011944751 0.015746582
QP-Loss 1755000 0.011944751 0.015746582
QP-Loss 1756000 0.011944751 0.015746582
QP-Loss 1757000 0.011944751 0.015746582
QP-Loss 1758000 0.011944751 0.015746582
QP-Loss 1759000 0.011944751 0.015746582
QP-Loss 1760000 0.011944751 0.015746582
QP-Loss 1761000 0.011944751 0.015746582
QP-Loss 1762000 0.011944751 0.015746582
QP-Loss 1763000 0.011944751 0.015746582
QP-Loss 1764000 0.011944751 0.015746582
QP-Loss 1765000 0.011944751 0.015746582
QP-Loss 1766000 0.011944751 0.015746582
QP-Loss 1767000 0.011944751 0.015746582
QP-Loss 1768000 0.011944751 0.015746582
QP-Loss 1769000 0.011944751 0.015746582
QP-Loss 1770000 0.011944751 0.015746582
QP-Loss 1771000 0.011944751 0.015746582
QP-Loss 1772000 0.011944751 0.015746582
QP-Loss 1773000 0.011944751 0.015746582
QP-Loss 1774000 0.011944751 0.015746582
QP-Loss 1775000 0.011944751 0.015746582
QP-Loss 1776000 0.011944751 0.015746582
QP-Loss 1777000 0.011944751 0.015746582
QP-Loss 1778000 0.011944751 0.015746582
QP-Loss 1779000 0.011944751 0.015746582
QP-Loss 1780000 0.011944751 0.015746582
QP-Loss 1781000 0.011944751 0.015746582
QP-Loss 1782000 0.011944751 0.015746582
QP-Loss 1783000 0.011944751 0.015746582
QP-Loss 1784000 0.011944751 0.015746582
QP-Loss 1785000 0.011944751 0.015746582
QP-Loss 1786000 0.011944751 0.015746582
QP-Loss 1787000 0.011944751 0.015746582
QP-Loss 1788000 0.011944751 0.015746582
QP-Loss 1789000 0.011944751 0.015746582
QP-Loss 1790000 0.011944751 0.015746582
QP-Loss 1791000 0.011944751 0.015746582
QP-Loss 1792000 0.011944751 0.015746582
QP-Loss 1793000 0.011944751 0.015746582
QP-Loss 1794000 0.011944751 0.015746582
QP-Loss 1795000 0.011944751 0.015746582
QP-Loss 1796000 0.011944751 0.015746582
QP-Loss 1797000 0.011944751 0.015746582
QP-Loss 1798000 0.011944751 0.015746582
QP-Loss 1799000 0.011944751 0.015746582
QP-Loss 1800000 0.011944751 0.015746582
QP-Loss 1801000 0.011944751 0.015746582
QP-Loss 1802000 0.011944751 0.015746582
QP-Loss 1803000 0.011944751 0.015746582
QP-Loss 1804000 0.011944751 0.015746582
QP-Loss 1805000 0.011944751 0.015746582
QP-Loss 1806000 0.011944751 0.015746582
QP-Loss 1807000 0.011944751 0.015746582
QP-Loss 1808000 0.011944751 0.015746582
QP-Loss 1809000 0.011944751 0.015746582
QP-Loss 1810000 0.011944751 0.015746582
QP-Loss 1811000 0.011944751 0.015746582
QP-Loss 1812000 0.011944751 0.015746582
QP-Loss 1813000 0.011944751 0.015746582
QP-Loss 1814000 0.011944751 0.015746582
QP-Loss 1815000 0.011944751 0.015746582
QP-Loss 1816000 0.011944751 0.015746582
QP-Loss 1817000 0.011944751 0.015746582
QP-Loss 1818000 0.011944751 0.015746582
QP-Loss 1819000 0.011944751 0.015746582
QP-Loss 1820000 0.011944751 0.015746582
QP-Loss 1821000 0.011944751 0.015746582
QP-Loss 1822000 0.011944751 0.015746582
QP-Loss 1823000 0.011944751 0.015746582
QP-Loss 1824000 0.011944751 0.015746582
QP-Loss 1825000 0.011944751 0.015746582
QP-Loss 1826000 0.011944751 0.015746582
QP-Loss 1827000 0.011944751 0.015746582
QP-Loss 1828000 0.011944751 0.015746582
QP-Loss 1829000 0.011944751 0.015746582
QP-Loss 1830000 0.011944751 0.015746582
QP-Loss 1831000 0.011944751 0.015746582
QP-Loss 1832000 0.011944751 0.015746582
QP-Loss 1833000 0.011944751 0.015746582
QP-Loss 1834000 0.011944751 0.015746582
QP-Loss 1835000 0.011944751 0.015746582
QP-Loss 1836000 0.011944751 0.015746582
QP-Loss 1837000 0.011944751 0.015746582
QP-Loss 1838000 0.011944751 0.015746582
QP-Loss 1839000 0.011944751 0.015746582
QP-Loss 1840000 0.011944751 0.015746582
QP-Loss 1841000 0.011944751 0.015746582
QP-Loss 1842000 0.011944751 0.015746582
QP-Loss 1843000 0.011944751 0.015746582
QP-Loss 1844000 0.011944751 0.015746582
QP-Loss 1845000 0.011944751 0.015746582
QP-Loss 1846000 0.011944751 0.015746582
QP-Loss 1847000 0.011944751 0.015746582
QP-Loss 1848000 0.011944751 0.015746582
QP-Loss 1849000 0.011944751 0.015746582
QP-Loss 1850000 0.011944751 0.015746582
QP-Loss 1851000 0.011944751 0.015746582
QP-Loss 1852000 0.011944751 0.015746582
QP-Loss 1853000 0.011944751 0.015746582
QP-Loss 1854000 0.011944751 0.015746582
QP-Loss 1855000 0.011944751 0.015746582
QP-Loss 1856000 0.011944751 0.015746582
QP-Loss 1857000 0.011944751 0.015746582
QP-Loss 1858000 0.011944751 0.015746582
QP-Loss 1859000 0.011944751 0.015746582
QP-Loss 1860000 0.011944751 0.015746582
QP-Loss 1861000 0.011944751 0.015746582
QP-Loss 1862000 0.011944751 0.015746582
QP-Loss 1863000 0.011944751 0.015746582
QP-Loss 1864000 0.011944751 0.015746582
QP-Loss 1865000 0.011944751 0.015746582
QP-Loss 1866000 0.011944751 0.015746582
QP-Loss 1867000 0.011944751 0.015746582
QP-Loss 1868000 0.011944751 0.015746582
QP-Loss 1869000 0.011944751 0.015746582
QP-Loss 1870000 0.011944751 0.015746582
QP-Loss 1871000 0.011944751 0.015746582
QP-Loss 1872000 0.011944751 0.015746582
QP-Loss 1873000 0.011944751 0.015746582
QP-Loss 1874000 0.011944751 0.015746582
QP-Loss 1875000 0.011944751 0.015746582
QP-Loss 1876000 0.011944751 0.015746582
QP-Loss 1877000 0.011944751 0.015746582
QP-Loss 1878000 0.011944751 0.015746582
QP-Loss 1879000 0.011944751 0.015746582
QP-Loss 1880000 0.011944751 0.015746582
QP-Loss 1881000 0.011944751 0.015746582
QP-Loss 1882000 0.011944751 0.015746582
QP-Loss 1883000 0.011944751 0.015746582
QP-Loss 1884000 0.011944751 0.015746582
QP-Loss 1885000 0.011944751 0.015746582
QP-Loss 1886000 0.011944751 0.015746582
QP-Loss 1887000 0.011944751 0.015746582
QP-Loss 1888000 0.011944751 0.015746582
QP-Loss 1889000 0.011944751 0.015746582
QP-Loss 1890000 0.011944751 0.015746582
QP-Loss 1891000 0.011944751 0.015746582
QP-Loss 1892000 0.011944751 0.015746582
QP-Loss 1893000 0.011944751 0.015746582
QP-Loss 1894000 0.011944751 0.015746582
QP-Loss 1895000 0.011944751 0.015746582
QP-Loss 1896000 0.011944751 0.015746582
QP-Loss 1897000 0.011944751 0.015746582
QP-Loss 1898000 0.011944751 0.015746582
QP-Loss 1899000 0.011944751 0.015746582
QP-Loss 1900000 0.011944751 0.015746582
QP-Loss 1901000 0.011944751 0.015746582
QP-Loss 1902000 0.011944751 0.015746582
QP-Loss 1903000 0.011944751 0.015746582
QP-Loss 1904000 0.011944751 0.015746582
QP-Loss 1905000 0.011944751 0.015746582
QP-Loss 1906000 0.011944751 0.015746582
QP-Loss 1907000 0.011944751 0.015746582
QP-Loss 1908000 0.011944751 0.015746582
QP-Loss 1909000 0.011944751 0.015746582
QP-Loss 1910000 0.011944751 0.015746582
QP-Loss 1911000 0.011944751 0.015746582
QP-Loss 1912000 0.011944751 0.015746582
QP-Loss 1913000 0.011944751 0.015746582
QP-Loss 1914000 0.011944751 0.015746582
QP-Loss 1915000 0.011944751 0.015746582
QP-Loss 1916000 0.011944751 0.015746582
QP-Loss 1917000 0.011944751 0.015746582
QP-Loss 1918000 0.011944751 0.015746582
QP-Loss 1919000 0.011944751 0.015746582
QP-Loss 1920000 0.011944751 0.015746582
QP-Loss 1921000 0.011944751 0.015746582
QP-Loss 1922000 0.011944751 0.015746582
QP-Loss 1923000 0.011944751 0.015746582
QP-Loss 1924000 0.011944751 0.015746582
QP-Loss 1925000 0.011944751 0.015746582
QP-Loss 1926000 0.011944751 0.015746582
QP-Loss 1927000 0.011944751 0.015746582
QP-Loss 1928000 0.011944751 0.015746582
QP-Loss 1929000 0.011944751 0.015746582
QP-Loss 1930000 0.011944751 0.015746582
QP-Loss 1931000 0.011944751 0.015746582
QP-Loss 1932000 0.011944751 0.015746582
QP-Loss 1933000 0.011944751 0.015746582
QP-Loss 1934000 0.011944751 0.015746582
QP-Loss 1935000 0.011944751 0.015746582
QP-Loss 1936000 0.011944751 0.015746582
QP-Loss 1937000 0.011944751 0.015746582
QP-Loss 1938000 0.011944751 0.015746582
QP-Loss 1939000 0.011944751 0.015746582
QP-Loss 1940000 0.011944751 0.015746582
QP-Loss 1941000 0.011944751 0.015746582
QP-Loss 1942000 0.011944751 0.015746582
QP-Loss 1943000 0.011944751 0.015746582
QP-Loss 1944000 0.011944751 0.015746582
QP-Loss 1945000 0.011944751 0.015746582
QP-Loss 1946000 0.011944751 0.015746582
QP-Loss 1947000 0.011944751 0.015746582
QP-Loss 1948000 0.011944751 0.015746582
QP-Loss 1949000 0.011944751 0.015746582
QP-Loss 1950000 0.011944751 0.015746582
QP-Loss 1951000 0.011944751 0.015746582
QP-Loss 1952000 0.011944751 0.015746582
QP-Loss 1953000 0.011944751 0.015746582
QP-Loss 1954000 0.011944751 0.015746582
QP-Loss 1955000 0.011944751 0.015746582
QP-Loss 1956000 0.011944751 0.015746582
QP-Loss 1957000 0.011944751 0.015746582
QP-Loss 1958000 0.011944751 0.015746582
QP-Loss 1959000 0.011944751 0.015746582
QP-Loss 1960000 0.011944751 0.015746582
QP-Loss 1961000 0.011944751 0.015746582
QP-Loss 1962000 0.011944751 0.015746582
QP-Loss 1963000 0.011944751 0.015746582
QP-Loss 1964000 0.011944751 0.015746582
QP-Loss 1965000 0.011944751 0.015746582
QP-Loss 1966000 0.011944751 0.015746582
QP-Loss 1967000 0.011944751 0.015746582
QP-Loss 1968000 0.011944751 0.015746582
QP-Loss 1969000 0.011944751 0.015746582
QP-Loss 1970000 0.011944751 0.015746582
QP-Loss 1971000 0.011944751 0.015746582
QP-Loss 1972000 0.011944751 0.015746582
QP-Loss 1973000 0.011944751 0.015746582
QP-Loss 1974000 0.011944751 0.015746582
QP-Loss 1975000 0.011944751 0.015746582
QP-Loss 1976000 0.011944751 0.015746582
QP-Loss 1977000 0.011944751 0.015746582
QP-Loss 1978000 0.011944751 0.015746582
QP-Loss 1979000 0.011944751 0.015746582
QP-Loss 1980000 0.011944751 0.015746582
QP-Loss 1981000 0.011944751 0.015746582
QP-Loss 1982000 0.011944751 0.015746582
QP-Loss 1983000 0.011944751 0.015746582
QP-Loss 1984000 0.011944751 0.015746582
QP-Loss 1985000 0.011944751 0.015746582
QP-Loss 1986000 0.011944751 0.015746582
QP-Loss 1987000 0.011944751 0.015746582
QP-Loss 1988000 0.011944751 0.015746582
QP-Loss 1989000 0.011944751 0.015746582
QP-Loss 1990000 0.011944751 0.015746582
QP-Loss 1991000 0.011944751 0.015746582
QP-Loss 1992000 0.011944751 0.015746582
QP-Loss 1993000 0.011944751 0.015746582
QP-Loss 1994000 0.011944751 0.015746582
QP-Loss 1995000 0.011944751 0.015746582
QP-Loss 1996000 0.011944751 0.015746582
QP-Loss 1997000 0.011944751 0.015746582
QP-Loss 1998000 0.011944751 0.015746582
QP-Loss 1999000 0.011944751 0.015746582
QP-Loss 2000000 0.011944751 0.015746582
QP-Loss 2001000 0.011944751 0.015746582
QP-Loss 2002000 0.011944751 0.015746582
QP-Loss 2003000 0.011944751 0.015746582
QP-Loss 2004000 0.011944751 0.015746582
QP-Loss 2005000 0.011944751 0.015746582
QP-Loss 2006000 0.011944751 0.015746582
QP-Loss 2007000 0.011944751 0.015746582
QP-Loss 2008000 0.011944751 0.015746582
QP-Loss 2009000 0.011944751 0.015746582
QP-Loss 2010000 0.011944751 0.015746582
QP-Loss 2011000 0.011944751 0.015746582
QP-Loss 2012000 0.011944751 0.015746582
QP-Loss 2013000 0.011944751 0.015746582
QP-Loss 2014000 0.011944751 0.015746582
QP-Loss 2015000 0.011944751 0.015746582
QP-Loss 2016000 0.011944751 0.015746582
QP-Loss 2017000 0.011944751 0.015746582
QP-Loss 2018000 0.011944751 0.015746582
QP-Loss 2019000 0.011944751 0.015746582
QP-Loss 2020000 0.011944751 0.015746582
QP-Loss 2021000 0.011944751 0.015746582
QP-Loss 2022000 0.011944751 0.015746582
QP-Loss 2023000 0.011944751 0.015746582
QP-Loss 2024000 0.011944751 0.015746582
QP-Loss 2025000 0.011944751 0.015746582
QP-Loss 2026000 0.011944751 0.015746582
QP-Loss 2027000 0.011944751 0.015746582
QP-Loss 2028000 0.011944751 0.015746582
QP-Loss 2029000 0.011944751 0.015746582
QP-Loss 2030000 0.011944751 0.015746582
QP-Loss 2031000 0.011944751 0.015746582
QP-Loss 2032000 0.011944751 0.015746582
QP-Loss 2033000 0.011944751 0.015746582
QP-Loss 2034000 0.011944751 0.015746582
QP-Loss 2035000 0.011944751 0.015746582
QP-Loss 2036000 0.011944751 0.015746582
QP-Loss 2037000 0.011944751 0.015746582
QP-Loss 2038000 0.011944751 0.015746582
QP-Loss 2039000 0.011944751 0.015746582
QP-Loss 2040000 0.011944751 0.015746582
QP-Loss 2041000 0.011944751 0.015746582
QP-Loss 2042000 0.011944751 0.015746582
QP-Loss 2043000 0.011944751 0.015746582
QP-Loss 2044000 0.011944751 0.015746582
QP-Loss 2045000 0.011944751 0.015746582
QP-Loss 2046000 0.011944751 0.015746582
QP-Loss 2047000 0.011944751 0.015746582
QP-Loss 2048000 0.011944751 0.015746582
QP-Loss 2049000 0.011944751 0.015746582
QP-Loss 2050000 0.011944751 0.015746582
QP-Loss 2051000 0.011944751 0.015746582
QP-Loss 2052000 0.011944751 0.015746582
QP-Loss 2053000 0.011944751 0.015746582
QP-Loss 2054000 0.011944751 0.015746582
QP-Loss 2055000 0.011944751 0.015746582
QP-Loss 2056000 0.011944751 0.015746582
QP-Loss 2057000 0.011944751 0.015746582
QP-Loss 2058000 0.011944751 0.015746582
QP-Loss 2059000 0.011944751 0.015746582
QP-Loss 2060000 0.011944751 0.015746582
QP-Loss 2061000 0.011944751 0.015746582
QP-Loss 2062000 0.011944751 0.015746582
QP-Loss 2063000 0.011944751 0.015746582
QP-Loss 2064000 0.011944751 0.015746582
QP-Loss 2065000 0.011944751 0.015746582
QP-Loss 2066000 0.011944751 0.015746582
QP-Loss 2067000 0.011944751 0.015746582
QP-Loss 2068000 0.011944751 0.015746582
QP-Loss 2069000 0.011944751 0.015746582
QP-Loss 2070000 0.011944751 0.015746582
QP-Loss 2071000 0.011944751 0.015746582
QP-Loss 2072000 0.011944751 0.015746582
QP-Loss 2073000 0.011944751 0.015746582
QP-Loss 2074000 0.011944751 0.015746582
QP-Loss 2075000 0.011944751 0.015746582
QP-Loss 2076000 0.011944751 0.015746582
QP-Loss 2077000 0.011944751 0.015746582
QP-Loss 2078000 0.011944751 0.015746582
QP-Loss 2079000 0.011944751 0.015746582
QP-Loss 2080000 0.011944751 0.015746582
QP-Loss 2081000 0.011944751 0.015746582
QP-Loss 2082000 0.011944751 0.015746582
QP-Loss 2083000 0.011944751 0.015746582
QP-Loss 2084000 0.011944751 0.015746582
QP-Loss 2085000 0.011944751 0.015746582
QP-Loss 2086000 0.011944751 0.015746582
QP-Loss 2087000 0.011944751 0.015746582
QP-Loss 2088000 0.011944751 0.015746582
QP-Loss 2089000 0.011944751 0.015746582
QP-Loss 2090000 0.011944751 0.015746582
QP-Loss 2091000 0.011944751 0.015746582
QP-Loss 2092000 0.011944751 0.015746582
QP-Loss 2093000 0.011944751 0.015746582
QP-Loss 2094000 0.011944751 0.015746582
QP-Loss 2095000 0.011944751 0.015746582
QP-Loss 2096000 0.011944751 0.015746582
QP-Loss 2097000 0.011944751 0.015746582
QP-Loss 2098000 0.011944751 0.015746582
QP-Loss 2099000 0.011944751 0.015746582
QP-Loss 2100000 0.011944751 0.015746582
QP-Loss 2101000 0.011944751 0.015746582
QP-Loss 2102000 0.011944751 0.015746582
QP-Loss 2103000 0.011944751 0.015746582
QP-Loss 2104000 0.011944751 0.015746582
QP-Loss 2105000 0.011944751 0.015746582
QP-Loss 2106000 0.011944751 0.015746582
QP-Loss 2107000 0.011944751 0.015746582
QP-Loss 2108000 0.011944751 0.015746582
QP-Loss 2109000 0.011944751 0.015746582
QP-Loss 2110000 0.011944751 0.015746582
QP-Loss 2111000 0.011944751 0.015746582
QP-Loss 2112000 0.011944751 0.015746582
QP-Loss 2113000 0.011944751 0.015746582
QP-Loss 2114000 0.011944751 0.015746582
QP-Loss 2115000 0.011944751 0.015746582
QP-Loss 2116000 0.011944751 0.015746582
QP-Loss 2117000 0.011944751 0.015746582
QP-Loss 2118000 0.011944751 0.015746582
QP-Loss 2119000 0.011944751 0.015746582
QP-Loss 2120000 0.011944751 0.015746582
QP-Loss 2121000 0.011944751 0.015746582
QP-Loss 2122000 0.011944751 0.015746582
QP-Loss 2123000 0.011944751 0.015746582
QP-Loss 2124000 0.011944751 0.015746582
QP-Loss 2125000 0.011944751 0.015746582
QP-Loss 2126000 0.011944751 0.015746582
QP-Loss 2127000 0.011944751 0.015746582
QP-Loss 2128000 0.011944751 0.015746582
QP-Loss 2129000 0.011944751 0.015746582
QP-Loss 2130000 0.011944751 0.015746582
QP-Loss 2131000 0.011944751 0.015746582
QP-Loss 2132000 0.011944751 0.015746582
QP-Loss 2133000 0.011944751 0.015746582
QP-Loss 2134000 0.011944751 0.015746582
QP-Loss 2135000 0.011944751 0.015746582
QP-Loss 2136000 0.011944751 0.015746582
QP-Loss 2137000 0.011944751 0.015746582
QP-Loss 2138000 0.011944751 0.015746582
QP-Loss 2139000 0.011944751 0.015746582
QP-Loss 2140000 0.011944751 0.015746582
QP-Loss 2141000 0.011944751 0.015746582
QP-Loss 2142000 0.011944751 0.015746582
QP-Loss 2143000 0.011944751 0.015746582
QP-Loss 2144000 0.011944751 0.015746582
QP-Loss 2145000 0.011944751 0.015746582
QP-Loss 2146000 0.011944751 0.015746582
QP-Loss 2147000 0.011944751 0.015746582
QP-Loss 2148000 0.011944751 0.015746582
QP-Loss 2149000 0.011944751 0.015746582
QP-Loss 2150000 0.011944751 0.015746582
QP-Loss 2151000 0.011944751 0.015746582
QP-Loss 2152000 0.011944751 0.015746582
QP-Loss 2153000 0.011944751 0.015746582
QP-Loss 2154000 0.011944751 0.015746582
QP-Loss 2155000 0.011944751 0.015746582
QP-Loss 2156000 0.011944751 0.015746582
QP-Loss 2157000 0.011944751 0.015746582
QP-Loss 2158000 0.011944751 0.015746582
QP-Loss 2159000 0.011944751 0.015746582
QP-Loss 2160000 0.011944751 0.015746582
QP-Loss 2161000 0.011944751 0.015746582
QP-Loss 2162000 0.011944751 0.015746582
QP-Loss 2163000 0.011944751 0.015746582
QP-Loss 2164000 0.011944751 0.015746582
QP-Loss 2165000 0.011944751 0.015746582
QP-Loss 2166000 0.011944751 0.015746582
QP-Loss 2167000 0.011944751 0.015746582
QP-Loss 2168000 0.011944751 0.015746582
QP-Loss 2169000 0.011944751 0.015746582
QP-Loss 2170000 0.011944751 0.015746582
QP-Loss 2171000 0.011944751 0.015746582
QP-Loss 2172000 0.011944751 0.015746582
QP-Loss 2173000 0.011944751 0.015746582
QP-Loss 2174000 0.011944751 0.015746582
QP-Loss 2175000 0.011944751 0.015746582
QP-Loss 2176000 0.011944751 0.015746582
QP-Loss 2177000 0.011944751 0.015746582
QP-Loss 2178000 0.011944751 0.015746582
QP-Loss 2179000 0.011944751 0.015746582
QP-Loss 2180000 0.011944751 0.015746582
QP-Loss 2181000 0.011944751 0.015746582
QP-Loss 2182000 0.011944751 0.015746582
QP-Loss 2183000 0.011944751 0.015746582
QP-Loss 2184000 0.011944751 0.015746582
QP-Loss 2185000 0.011944751 0.015746582
QP-Loss 2186000 0.011944751 0.015746582
QP-Loss 2187000 0.011944751 0.015746582
QP-Loss 2188000 0.011944751 0.015746582
QP-Loss 2189000 0.011944751 0.015746582
QP-Loss 2190000 0.011944751 0.015746582
QP-Loss 2191000 0.011944751 0.015746582
QP-Loss 2192000 0.011944751 0.015746582
QP-Loss 2193000 0.011944751 0.015746582
QP-Loss 2194000 0.011944751 0.015746582
QP-Loss 2195000 0.011944751 0.015746582
QP-Loss 2196000 0.011944751 0.015746582
QP-Loss 2197000 0.011944751 0.015746582
QP-Loss 2198000 0.011944751 0.015746582
QP-Loss 2199000 0.011944751 0.015746582
QP-Loss 2200000 0.011944751 0.015746582
QP-Loss 2201000 0.011944751 0.015746582
QP-Loss 2202000 0.011944751 0.015746582
QP-Loss 2203000 0.011944751 0.015746582
QP-Loss 2204000 0.011944751 0.015746582
QP-Loss 2205000 0.011944751 0.015746582
QP-Loss 2206000 0.011944751 0.015746582
QP-Loss 2207000 0.011944751 0.015746582
QP-Loss 2208000 0.011944751 0.015746582
QP-Loss 2209000 0.011944751 0.015746582
QP-Loss 2210000 0.011944751 0.015746582
QP-Loss 2211000 0.011944751 0.015746582
QP-Loss 2212000 0.011944751 0.015746582
QP-Loss 2213000 0.011944751 0.015746582
QP-Loss 2214000 0.011944751 0.015746582
QP-Loss 2215000 0.011944751 0.015746582
QP-Loss 2216000 0.011944751 0.015746582
QP-Loss 2217000 0.011944751 0.015746582
QP-Loss 2218000 0.011944751 0.015746582
QP-Loss 2219000 0.011944751 0.015746582
QP-Loss 2220000 0.011944751 0.015746582
QP-Loss 2221000 0.011944751 0.015746582
QP-Loss 2222000 0.011944751 0.015746582
QP-Loss 2223000 0.011944751 0.015746582
QP-Loss 2224000 0.011944751 0.015746582
QP-Loss 2225000 0.011944751 0.015746582
QP-Loss 2226000 0.011944751 0.015746582
QP-Loss 2227000 0.011944751 0.015746582
QP-Loss 2228000 0.011944751 0.015746582
QP-Loss 2229000 0.011944751 0.015746582
QP-Loss 2230000 0.011944751 0.015746582
QP-Loss 2231000 0.011944751 0.015746582
QP-Loss 2232000 0.011944751 0.015746582
QP-Loss 2233000 0.011944751 0.015746582
QP-Loss 2234000 0.011944751 0.015746582
QP-Loss 2235000 0.011944751 0.015746582
QP-Loss 2236000 0.011944751 0.015746582
QP-Loss 2237000 0.011944751 0.015746582
QP-Loss 2238000 0.011944751 0.015746582
QP-Loss 2239000 0.011944751 0.015746582
QP-Loss 2240000 0.011944751 0.015746582
QP-Loss 2241000 0.011944751 0.015746582
QP-Loss 2242000 0.011944751 0.015746582
QP-Loss 2243000 0.011944751 0.015746582
QP-Loss 2244000 0.011944751 0.015746582
QP-Loss 2245000 0.011944751 0.015746582
QP-Loss 2246000 0.011944751 0.015746582
QP-Loss 2247000 0.011944751 0.015746582
QP-Loss 2248000 0.011944751 0.015746582
QP-Loss 2249000 0.011944751 0.015746582
QP-Loss 2250000 0.011944751 0.015746582
QP-Loss 2251000 0.011944751 0.015746582
QP-Loss 2252000 0.011944751 0.015746582
QP-Loss 2253000 0.011944751 0.015746582
QP-Loss 2254000 0.011944751 0.015746582
QP-Loss 2255000 0.011944751 0.015746582
QP-Loss 2256000 0.011944751 0.015746582
QP-Loss 2257000 0.011944751 0.015746582
QP-Loss 2258000 0.011944751 0.015746582
QP-Loss 2259000 0.011944751 0.015746582
QP-Loss 2260000 0.011944751 0.015746582
QP-Loss 2261000 0.011944751 0.015746582
QP-Loss 2262000 0.011944751 0.015746582
QP-Loss 2263000 0.011944751 0.015746582
QP-Loss 2264000 0.011944751 0.015746582
QP-Loss 2265000 0.011944751 0.015746582
QP-Loss 2266000 0.011944751 0.015746582
QP-Loss 2267000 0.011944751 0.015746582
QP-Loss 2268000 0.011944751 0.015746582
QP-Loss 2269000 0.011944751 0.015746582
QP-Loss 2270000 0.011944751 0.015746582
QP-Loss 2271000 0.011944751 0.015746582
QP-Loss 2272000 0.011944751 0.015746582
QP-Loss 2273000 0.011944751 0.015746582
QP-Loss 2274000 0.011944751 0.015746582
QP-Loss 2275000 0.011944751 0.015746582
QP-Loss 2276000 0.011944751 0.015746582
QP-Loss 2277000 0.011944751 0.015746582
QP-Loss 2278000 0.011944751 0.015746582
QP-Loss 2279000 0.011944751 0.015746582
QP-Loss 2280000 0.011944751 0.015746582
QP-Loss 2281000 0.011944751 0.015746582
QP-Loss 2282000 0.011944751 0.015746582
QP-Loss 2283000 0.011944751 0.015746582
QP-Loss 2284000 0.011944751 0.015746582
QP-Loss 2285000 0.011944751 0.015746582
QP-Loss 2286000 0.011944751 0.015746582
QP-Loss 2287000 0.011944751 0.015746582
QP-Loss 2288000 0.011944751 0.015746582
QP-Loss 2289000 0.011944751 0.015746582
QP-Loss 2290000 0.011944751 0.015746582
QP-Loss 2291000 0.011944751 0.015746582
QP-Loss 2292000 0.011944751 0.015746582
QP-Loss 2293000 0.011944751 0.015746582
QP-Loss 2294000 0.011944751 0.015746582
QP-Loss 2295000 0.011944751 0.015746582
QP-Loss 2296000 0.011944751 0.015746582
QP-Loss 2297000 0.011944751 0.015746582
QP-Loss 2298000 0.011944751 0.015746582
QP-Loss 2299000 0.011944751 0.015746582
QP-Loss 2300000 0.011944751 0.015746582
QP-Loss 2301000 0.011944751 0.015746582
QP-Loss 2302000 0.011944751 0.015746582
QP-Loss 2303000 0.011944751 0.015746582
QP-Loss 2304000 0.011944751 0.015746582
QP-Loss 2305000 0.011944751 0.015746582
QP-Loss 2306000 0.011944751 0.015746582
QP-Loss 2307000 0.011944751 0.015746582
QP-Loss 2308000 0.011944751 0.015746582
QP-Loss 2309000 0.011944751 0.015746582
QP-Loss 2310000 0.011944751 0.015746582
QP-Loss 2311000 0.011944751 0.015746582
QP-Loss 2312000 0.011944751 0.015746582
QP-Loss 2313000 0.011944751 0.015746582
QP-Loss 2314000 0.011944751 0.015746582
QP-Loss 2315000 0.011944751 0.015746582
QP-Loss 2316000 0.011944751 0.015746582
QP-Loss 2317000 0.011944751 0.015746582
QP-Loss 2318000 0.011944751 0.015746582
QP-Loss 2319000 0.011944751 0.015746582
QP-Loss 2320000 0.011944751 0.015746582
QP-Loss 2321000 0.011944751 0.015746582
QP-Loss 2322000 0.011944751 0.015746582
QP-Loss 2323000 0.011944751 0.015746582
QP-Loss 2324000 0.011944751 0.015746582
QP-Loss 2325000 0.011944751 0.015746582
QP-Loss 2326000 0.011944751 0.015746582
QP-Loss 2327000 0.011944751 0.015746582
QP-Loss 2328000 0.011944751 0.015746582
QP-Loss 2329000 0.011944751 0.015746582
QP-Loss 2330000 0.011944751 0.015746582
QP-Loss 2331000 0.011944751 0.015746582
QP-Loss 2332000 0.011944751 0.015746582
QP-Loss 2333000 0.011944751 0.015746582
QP-Loss 2334000 0.011944751 0.015746582
QP-Loss 2335000 0.011944751 0.015746582
QP-Loss 2336000 0.011944751 0.015746582
QP-Loss 2337000 0.011944751 0.015746582
QP-Loss 2338000 0.011944751 0.015746582
QP-Loss 2339000 0.011944751 0.015746582
QP-Loss 2340000 0.011944751 0.015746582
QP-Loss 2341000 0.011944751 0.015746582
QP-Loss 2342000 0.011944751 0.015746582
QP-Loss 2343000 0.011944751 0.015746582
QP-Loss 2344000 0.011944751 0.015746582
QP-Loss 2345000 0.011944751 0.015746582
QP-Loss 2346000 0.011944751 0.015746582
QP-Loss 2347000 0.011944751 0.015746582
QP-Loss 2348000 0.011944751 0.015746582
QP-Loss 2349000 0.011944751 0.015746582
QP-Loss 2350000 0.011944751 0.015746582
QP-Loss 2351000 0.011944751 0.015746582
QP-Loss 2352000 0.011944751 0.015746582
QP-Loss 2353000 0.011944751 0.015746582
QP-Loss 2354000 0.011944751 0.015746582
QP-Loss 2355000 0.011944751 0.015746582
QP-Loss 2356000 0.011944751 0.015746582
QP-Loss 2357000 0.011944751 0.015746582
QP-Loss 2358000 0.011944751 0.015746582
QP-Loss 2359000 0.011944751 0.015746582
QP-Loss 2360000 0.011944751 0.015746582
QP-Loss 2361000 0.011944751 0.015746582
QP-Loss 2362000 0.011944751 0.015746582
QP-Loss 2363000 0.011944751 0.015746582
QP-Loss 2364000 0.011944751 0.015746582
QP-Loss 2365000 0.011944751 0.015746582
QP-Loss 2366000 0.011944751 0.015746582
QP-Loss 2367000 0.011944751 0.015746582
QP-Loss 2368000 0.011944751 0.015746582
QP-Loss 2369000 0.011944751 0.015746582
QP-Loss 2370000 0.011944751 0.015746582
QP-Loss 2371000 0.011944751 0.015746582
QP-Loss 2372000 0.011944751 0.015746582
QP-Loss 2373000 0.011944751 0.015746582
QP-Loss 2374000 0.011944751 0.015746582
QP-Loss 2375000 0.011944751 0.015746582
QP-Loss 2376000 0.011944751 0.015746582
QP-Loss 2377000 0.011944751 0.015746582
QP-Loss 2378000 0.011944751 0.015746582
QP-Loss 2379000 0.011944751 0.015746582
QP-Loss 2380000 0.011944751 0.015746582
QP-Loss 2381000 0.011944751 0.015746582
QP-Loss 2382000 0.011944751 0.015746582
QP-Loss 2383000 0.011944751 0.015746582
QP-Loss 2384000 0.011944751 0.015746582
QP-Loss 2385000 0.011944751 0.015746582
QP-Loss 2386000 0.011944751 0.015746582
QP-Loss 2387000 0.011944751 0.015746582
QP-Loss 2388000 0.011944751 0.015746582
QP-Loss 2389000 0.011944751 0.015746582
QP-Loss 2390000 0.011944751 0.015746582
QP-Loss 2391000 0.011944751 0.015746582
QP-Loss 2392000 0.011944751 0.015746582
QP-Loss 2393000 0.011944751 0.015746582
QP-Loss 2394000 0.011944751 0.015746582
QP-Loss 2395000 0.011944751 0.015746582
QP-Loss 2396000 0.011944751 0.015746582
QP-Loss 2397000 0.011944751 0.015746582
QP-Loss 2398000 0.011944751 0.015746582
QP-Loss 2399000 0.011944751 0.015746582
QP-Loss 2400000 0.011944751 0.015746582
QP-Loss 2401000 0.011944751 0.015746582
QP-Loss 2402000 0.011944751 0.015746582
QP-Loss 2403000 0.011944751 0.015746582
QP-Loss 2404000 0.011944751 0.015746582
QP-Loss 2405000 0.011944751 0.015746582
QP-Loss 2406000 0.011944751 0.015746582
QP-Loss 2407000 0.011944751 0.015746582
QP-Loss 2408000 0.011944751 0.015746582
QP-Loss 2409000 0.011944751 0.015746582
QP-Loss 2410000 0.011944751 0.015746582
QP-Loss 2411000 0.011944751 0.015746582
QP-Loss 2412000 0.011944751 0.015746582
QP-Loss 2413000 0.011944751 0.015746582
QP-Loss 2414000 0.011944751 0.015746582
QP-Loss 2415000 0.011944751 0.015746582
QP-Loss 2416000 0.011944751 0.015746582
QP-Loss 2417000 0.011944751 0.015746582
QP-Loss 2418000 0.011944751 0.015746582
QP-Loss 2419000 0.011944751 0.015746582
QP-Loss 2420000 0.011944751 0.015746582
QP-Loss 2421000 0.011944751 0.015746582
QP-Loss 2422000 0.011944751 0.015746582
QP-Loss 2423000 0.011944751 0.015746582
QP-Loss 2424000 0.011944751 0.015746582
QP-Loss 2425000 0.011944751 0.015746582
QP-Loss 2426000 0.011944751 0.015746582
QP-Loss 2427000 0.011944751 0.015746582
QP-Loss 2428000 0.011944751 0.015746582
QP-Loss 2429000 0.011944751 0.015746582
QP-Loss 2430000 0.011944751 0.015746582
QP-Loss 2431000 0.011944751 0.015746582
QP-Loss 2432000 0.011944751 0.015746582
QP-Loss 2433000 0.011944751 0.015746582
QP-Loss 2434000 0.011944751 0.015746582
QP-Loss 2435000 0.011944751 0.015746582
QP-Loss 2436000 0.011944751 0.015746582
QP-Loss 2437000 0.011944751 0.015746582
QP-Loss 2438000 0.011944751 0.015746582
QP-Loss 2439000 0.011944751 0.015746582
QP-Loss 2440000 0.011944751 0.015746582
QP-Loss 2441000 0.011944751 0.015746582
QP-Loss 2442000 0.011944751 0.015746582
QP-Loss 2443000 0.011944751 0.015746582
QP-Loss 2444000 0.011944751 0.015746582
QP-Loss 2445000 0.011944751 0.015746582
QP-Loss 2446000 0.011944751 0.015746582
QP-Loss 2447000 0.011944751 0.015746582
QP-Loss 2448000 0.011944751 0.015746582
QP-Loss 2449000 0.011944751 0.015746582
QP-Loss 2450000 0.011944751 0.015746582
QP-Loss 2451000 0.011944751 0.015746582
QP-Loss 2452000 0.011944751 0.015746582
QP-Loss 2453000 0.011944751 0.015746582
QP-Loss 2454000 0.011944751 0.015746582
QP-Loss 2455000 0.011944751 0.015746582
QP-Loss 2456000 0.011944751 0.015746582
QP-Loss 2457000 0.011944751 0.015746582
QP-Loss 2458000 0.011944751 0.015746582
QP-Loss 2459000 0.011944751 0.015746582
QP-Loss 2460000 0.011944751 0.015746582
QP-Loss 2461000 0.011944751 0.015746582
QP-Loss 2462000 0.011944751 0.015746582
QP-Loss 2463000 0.011944751 0.015746582
QP-Loss 2464000 0.011944751 0.015746582
QP-Loss 2465000 0.011944751 0.015746582
QP-Loss 2466000 0.011944751 0.015746582
QP-Loss 2467000 0.011944751 0.015746582
QP-Loss 2468000 0.011944751 0.015746582
QP-Loss 2469000 0.011944751 0.015746582
QP-Loss 2470000 0.011944751 0.015746582
QP-Loss 2471000 0.011944751 0.015746582
QP-Loss 2472000 0.011944751 0.015746582
QP-Loss 2473000 0.011944751 0.015746582
QP-Loss 2474000 0.011944751 0.015746582
QP-Loss 2475000 0.011944751 0.015746582
QP-Loss 2476000 0.011944751 0.015746582
QP-Loss 2477000 0.011944751 0.015746582
QP-Loss 2478000 0.011944751 0.015746582
QP-Loss 2479000 0.011944751 0.015746582
QP-Loss 2480000 0.011944751 0.015746582
QP-Loss 2481000 0.011944751 0.015746582
QP-Loss 2482000 0.011944751 0.015746582
QP-Loss 2483000 0.011944751 0.015746582
QP-Loss 2484000 0.011944751 0.015746582
QP-Loss 2485000 0.011944751 0.015746582
QP-Loss 2486000 0.011944751 0.015746582
QP-Loss 2487000 0.011944751 0.015746582
QP-Loss 2488000 0.011944751 0.015746582
QP-Loss 2489000 0.011944751 0.015746582
QP-Loss 2490000 0.011944751 0.015746582
QP-Loss 2491000 0.011944751 0.015746582
QP-Loss 2492000 0.011944751 0.015746582
QP-Loss 2493000 0.011944751 0.015746582
QP-Loss 2494000 0.011944751 0.015746582
QP-Loss 2495000 0.011944751 0.015746582
QP-Loss 2496000 0.011944751 0.015746582
QP-Loss 2497000 0.011944751 0.015746582
QP-Loss 2498000 0.011944751 0.015746582
QP-Loss 2499000 0.011944751 0.015746582
QP-Loss 2500000 0.011944751 0.015746582
AMN output shapes for PoutV, SV, PinV, Vpos, V, outputs (24, 624) (24, 1) (24, 1) (24, 1) (24, 624) (24, 1875)
R2 = -0.46 (+/- 0.00) Constraint = 0.01 (+/- 0.02)
Loss Constrained Targets 0.000969434
Loss SV 0.01097447
Loss Vin bound 8.4638253e-07
Loss V positive 0.0
Time elapsed:  14:30:48.134166
